# Blender 5.2.0 LTS
# www.blender.org
mtllib redbull logo v7.mtl
o mesh
v 0.358131 0.230935 0.199801
v 0.351135 0.278430 0.195847
v 0.363987 0.236503 0.194978
v 0.365034 0.255848 0.188879
v 0.350817 0.246762 0.186996
v 0.351676 0.232205 0.198609
v 0.362639 0.232647 0.199131
v 0.350622 0.236338 0.195729
v 0.354994 0.230904 0.179505
v 0.362600 0.231551 0.179990
v 0.352222 0.233152 0.180195
v 0.364180 0.278863 0.197434
v 0.351025 0.279984 0.189456
v 0.364501 0.234249 0.181823
v 0.352137 0.317472 0.198038
v 0.363909 0.317415 0.198844
v 0.365254 0.278888 0.189428
v 0.351570 0.265301 0.183466
v 0.358994 0.318529 0.199753
v 0.365212 0.312948 0.192897
v 0.353352 0.319096 0.192827
v 0.364140 0.318648 0.192891
v 0.351811 0.308404 0.183923
v 0.365586 0.303026 0.184954
v 0.355026 0.318500 0.163223
v 0.361201 0.274236 0.179445
v 0.355237 0.267300 0.179208
v 0.355823 0.274182 0.179117
v 0.356117 0.266929 0.177659
v 0.356225 0.274702 0.177683
v 0.360835 0.261132 0.177871
v 0.361209 0.274501 0.177844
v 0.361196 0.266899 0.177769
v 0.353210 0.258357 0.175690
v 0.364345 0.261603 0.176800
v 0.352162 0.272291 0.170970
v 0.365572 0.260361 0.173419
v 0.366261 0.268235 0.165454
v 0.352497 0.314525 0.177400
v 0.364790 0.302476 0.180558
v 0.363850 0.319007 0.165418
v 0.361246 0.301766 0.179508
v 0.366469 0.317233 0.163885
v 0.366894 0.311257 0.169207
v 0.354755 0.302206 0.168676
v 0.366545 0.304774 0.165737
v 0.365285 0.302084 0.166696
v 0.354021 0.300592 0.163168
v 0.353194 0.302441 0.179775
v 0.362134 0.282105 0.179532
v 0.355427 0.282299 0.179094
v 0.364509 0.281154 0.178428
v 0.363849 0.279411 0.177529
v 0.353252 0.280949 0.176744
v 0.364545 0.281590 0.172443
v 0.354509 0.282025 0.171643
v 0.366005 0.274326 0.173719
v 0.353122 0.279752 0.162789
v 0.366722 0.279504 0.162679
v 0.361265 0.267062 0.179329
v 0.356165 0.258230 0.179172
v 0.355754 0.262304 0.177195
v 0.360448 0.258383 0.179246
v 0.358483 0.257455 0.177308
v 0.353775 0.258823 0.177632
v 0.363703 0.259140 0.178326
v 0.364605 0.252948 0.172235
v 0.359065 0.252107 0.172940
v 0.352473 0.259380 0.172621
v 0.353719 0.247435 0.168035
v 0.359319 0.244816 0.167959
v 0.353328 0.233590 0.158446
v 0.352914 0.244989 0.154715
v 0.353688 0.247458 0.150289
v 0.365485 0.261026 0.156562
v 0.356267 0.252136 0.148911
v 0.364009 0.250659 0.148213
v 0.355283 0.232378 0.136688
v 0.365555 0.232248 0.158918
v 0.358904 0.230496 0.159505
v 0.367007 0.241267 0.153797
v 0.366361 0.231540 0.137182
v 0.357638 0.230896 0.136232
v 0.354099 0.268695 0.159746
v 0.365276 0.268196 0.160280
v 0.354691 0.261549 0.156098
v 0.365775 0.272469 0.152696
v 0.367298 0.277383 0.155266
v 0.354806 0.272601 0.152608
v 0.359703 0.271151 0.153491
v 0.357875 0.275930 0.147814
v 0.362939 0.278657 0.145839
v 0.360603 0.300348 0.165659
v 0.354749 0.314642 0.154654
v 0.360527 0.296268 0.162276
v 0.365500 0.297120 0.162156
v 0.354115 0.292536 0.159650
v 0.365717 0.315348 0.155146
v 0.354724 0.309130 0.148627
v 0.359384 0.315218 0.153255
v 0.367858 0.301613 0.150461
v 0.367149 0.310314 0.150746
v 0.365407 0.284349 0.164881
v 0.360085 0.290621 0.161701
v 0.354573 0.288829 0.161211
v 0.365694 0.290774 0.161294
v 0.367053 0.294340 0.157069
v 0.362762 0.284115 0.166493
v 0.355550 0.283874 0.166680
v 0.354853 0.286132 0.163502
v 0.353800 0.280891 0.150461
v 0.364057 0.310757 0.148423
v 0.366277 0.304370 0.144623
v 0.356997 0.304120 0.143906
v 0.365518 0.293148 0.142148
v 0.356551 0.296877 0.141931
v 0.359481 0.238319 0.164311
v 0.366963 0.233618 0.138530
v 0.356794 0.237006 0.138668
v 0.367706 0.285757 0.149911
v 0.366476 0.278293 0.147421
v 0.355453 0.279631 0.145953
v 0.355341 0.290206 0.143337
v 0.356953 0.286484 0.142656
v 0.365283 0.285503 0.143463
v 0.367032 0.291064 0.143490
v 0.359289 0.363188 0.171462
v 0.361359 0.363331 0.171401
v 0.360668 0.358362 0.167751
v 0.360687 0.371692 0.168838
v 0.362625 0.361193 0.169232
v 0.358149 0.361607 0.169047
v 0.352438 0.361598 0.168527
v 0.369029 0.361084 0.168624
v 0.369603 0.371010 0.166743
v 0.368277 0.361935 0.169582
v 0.351789 0.361866 0.167084
v 0.363089 0.371991 0.166492
v 0.358217 0.372080 0.166118
v 0.352110 0.371516 0.165528
v 0.362054 0.374051 0.165021
v 0.352759 0.360559 0.163237
v 0.358008 0.360099 0.164351
v 0.358221 0.373169 0.163572
v 0.368761 0.360418 0.164259
v 0.359814 0.359145 0.161416
v 0.367630 0.371848 0.163803
v 0.362250 0.359154 0.161563
v 0.363509 0.372312 0.163705
v 0.363671 0.360878 0.162085
v 0.353974 0.371976 0.163013
v 0.369116 0.368425 0.159870
v 0.353183 0.368723 0.158853
v 0.360582 0.378526 0.162625
v 0.369069 0.374395 0.163384
v 0.358515 0.376702 0.161873
v 0.353026 0.374614 0.162345
v 0.363550 0.377896 0.161212
v 0.368280 0.361619 0.162218
v 0.358183 0.360568 0.161222
v 0.353452 0.361766 0.161188
v 0.368651 0.378319 0.160359
v 0.353432 0.379162 0.157996
v 0.351323 0.361180 0.160142
v 0.370594 0.360763 0.161285
v 0.359664 0.358295 0.156258
v 0.362254 0.381045 0.156884
v 0.369695 0.369609 0.158293
v 0.371568 0.368056 0.156819
v 0.364597 0.360898 0.151966
v 0.358450 0.361063 0.151380
v 0.369582 0.378824 0.157457
v 0.353669 0.372629 0.153874
v 0.350856 0.368432 0.155218
v 0.369847 0.360755 0.154590
v 0.363286 0.359239 0.151309
v 0.353459 0.376742 0.153605
v 0.359220 0.380046 0.156749
v 0.369705 0.376334 0.154535
v 0.352546 0.361951 0.150173
v 0.371837 0.366311 0.153374
v 0.352323 0.371357 0.151831
v 0.363785 0.379075 0.156282
v 0.364097 0.375610 0.153093
v 0.360556 0.378449 0.151772
v 0.371039 0.370954 0.152484
v 0.358708 0.375714 0.152867
v 0.355023 0.374937 0.152517
v 0.368785 0.374520 0.153476
v 0.360142 0.359773 0.150317
v 0.362645 0.378432 0.151898
v 0.359278 0.377937 0.149612
v 0.352491 0.370005 0.147873
v 0.370791 0.362185 0.150910
v 0.364153 0.378019 0.149907
v 0.353638 0.378507 0.147604
v 0.360196 0.383379 0.149552
v 0.370617 0.367542 0.147546
v 0.364650 0.383836 0.148892
v 0.371744 0.375322 0.146138
v 0.361053 0.362515 0.147710
v 0.370195 0.377903 0.149069
v 0.353768 0.366767 0.146946
v 0.370074 0.383075 0.148622
v 0.353910 0.382074 0.147677
v 0.365180 0.364781 0.148354
v 0.357857 0.365250 0.148020
v 0.357360 0.366931 0.145482
v 0.370976 0.370733 0.142426
v 0.366594 0.366019 0.147558
v 0.359812 0.364101 0.140387
v 0.361106 0.362960 0.139456
v 0.353027 0.384750 0.143530
v 0.363380 0.363193 0.138952
v 0.366515 0.367385 0.143505
v 0.366969 0.373441 0.138493
v 0.372510 0.378460 0.140723
v 0.364551 0.364378 0.139930
v 0.352588 0.379095 0.139543
v 0.353725 0.372375 0.139634
v 0.367057 0.364928 0.140339
v 0.357653 0.364773 0.139650
v 0.356740 0.364844 0.144182
v 0.358543 0.375638 0.133238
v 0.357839 0.373301 0.138249
v 0.366951 0.375450 0.133245
v 0.366973 0.372039 0.131438
v 0.365080 0.371792 0.131159
v 0.360572 0.371312 0.132139
v 0.370794 0.376424 0.133126
v 0.354033 0.381838 0.129474
v 0.372622 0.382452 0.130198
v 0.362327 0.369360 0.131973
v 0.358227 0.372306 0.131271
v 0.355080 0.376714 0.132014
v 0.367871 0.373290 0.132911
v 0.364271 0.369734 0.125521
v 0.362650 0.404294 0.157862
v 0.360825 0.401871 0.154617
v 0.355296 0.404001 0.152052
v 0.360106 0.400729 0.146949
v 0.363338 0.399816 0.149574
v 0.360976 0.399254 0.147990
v 0.370562 0.405030 0.149215
v 0.364389 0.401187 0.147523
v 0.360915 0.388120 0.145681
v 0.369355 0.401508 0.144802
v 0.364511 0.387098 0.145451
v 0.354982 0.386242 0.144227
v 0.363797 0.399914 0.140557
v 0.371870 0.383646 0.145271
v 0.359302 0.386748 0.143429
v 0.370134 0.386316 0.144091
v 0.370882 0.405223 0.135768
v 0.365411 0.402179 0.138132
v 0.361399 0.400101 0.140435
v 0.356093 0.402942 0.136563
v 0.361479 0.389088 0.138542
v 0.363745 0.395600 0.140160
v 0.360158 0.387377 0.135516
v 0.355094 0.386388 0.135335
v 0.365314 0.387129 0.136126
v 0.368949 0.402750 0.137594
v 0.365284 0.394896 0.137992
v 0.369919 0.386623 0.135824
v 0.371472 0.385006 0.136464
v 0.360410 0.401916 0.138270
v 0.370415 0.398517 0.138274
v 0.355143 0.399460 0.136953
v 0.363488 0.389349 0.138670
v 0.356481 0.387575 0.135118
v 0.354419 0.386390 0.131983
v 0.372688 0.400157 0.133132
v 0.355244 0.409159 0.133511
v 0.353866 0.399444 0.130119
v 0.373348 0.408594 0.124949
v 0.360723 0.442743 0.165405
v 0.362676 0.441529 0.164848
v 0.363167 0.450762 0.164037
v 0.360201 0.451633 0.161826
v 0.359463 0.442063 0.162682
v 0.369621 0.446040 0.162815
v 0.354296 0.448422 0.161601
v 0.368763 0.449952 0.162228
v 0.364085 0.451033 0.161534
v 0.355760 0.440680 0.161121
v 0.364000 0.441657 0.162600
v 0.362725 0.432994 0.158269
v 0.356372 0.450467 0.160464
v 0.364064 0.434440 0.157364
v 0.369636 0.436001 0.156875
v 0.360799 0.433395 0.158150
v 0.364016 0.447072 0.156084
v 0.359887 0.446949 0.156082
v 0.369165 0.445827 0.156541
v 0.359825 0.434359 0.156610
v 0.355186 0.445920 0.155844
v 0.354796 0.434859 0.154724
v 0.367619 0.434002 0.155207
v 0.361388 0.431598 0.154301
v 0.363236 0.430867 0.154579
v 0.354761 0.438712 0.145707
v 0.360557 0.444726 0.148847
v 0.368846 0.431597 0.149149
v 0.370852 0.438204 0.146420
v 0.360934 0.432776 0.148905
v 0.356805 0.432104 0.148320
v 0.355458 0.434291 0.147619
v 0.369813 0.442812 0.148117
v 0.364342 0.432656 0.148988
v 0.355715 0.442428 0.146225
v 0.362777 0.445184 0.146694
v 0.370060 0.429110 0.148862
v 0.369400 0.434065 0.149110
v 0.365173 0.440858 0.142729
v 0.369430 0.431560 0.143501
v 0.355597 0.431502 0.143708
v 0.360601 0.439270 0.141750
v 0.369086 0.439338 0.143746
v 0.362187 0.441685 0.141985
v 0.357705 0.437186 0.141701
v 0.363933 0.429283 0.142078
v 0.364189 0.436096 0.140260
v 0.361876 0.370547 0.127762
v 0.356421 0.376337 0.118446
v 0.368267 0.375612 0.119622
v 0.361742 0.370401 0.117640
v 0.365849 0.370816 0.122140
v 0.362351 0.369182 0.121296
v 0.371914 0.376184 0.120957
v 0.354467 0.381432 0.116985
v 0.359052 0.371270 0.120901
v 0.358702 0.373931 0.114890
v 0.368899 0.372249 0.117994
v 0.373821 0.387129 0.116150
v 0.361481 0.372569 0.114356
v 0.359106 0.375959 0.117676
v 0.366300 0.373464 0.113030
v 0.374043 0.399300 0.109563
v 0.356016 0.382193 0.111463
v 0.373405 0.384445 0.111552
v 0.368787 0.375914 0.110972
v 0.355390 0.400087 0.108405
v 0.365059 0.370567 0.115198
v 0.372018 0.380744 0.112383
v 0.363076 0.374481 0.110102
v 0.355701 0.388685 0.108985
v 0.359612 0.385805 0.108448
v 0.368630 0.379541 0.112782
v 0.369308 0.385456 0.106465
v 0.360038 0.385643 0.105927
v 0.365385 0.376261 0.108459
v 0.362189 0.378471 0.108184
v 0.360133 0.377884 0.108933
v 0.374327 0.401947 0.105468
v 0.369341 0.385720 0.109434
v 0.357267 0.388615 0.107606
v 0.372130 0.388308 0.108484
v 0.363562 0.383664 0.104365
v 0.372514 0.397720 0.107684
v 0.356929 0.398116 0.106617
v 0.371677 0.385551 0.104038
v 0.357045 0.386593 0.104281
v 0.365895 0.384025 0.104347
v 0.366914 0.385182 0.105339
v 0.361979 0.385420 0.105635
v 0.358650 0.385232 0.094078
v 0.374992 0.399551 0.102099
v 0.364936 0.384172 0.094574
v 0.355828 0.389437 0.102970
v 0.355487 0.394545 0.092844
v 0.372597 0.385396 0.096131
v 0.374153 0.388182 0.100841
v 0.376159 0.390535 0.084156
v 0.363512 0.383742 0.087723
v 0.363576 0.371987 0.092808
v 0.364579 0.378946 0.091958
v 0.366587 0.368080 0.091329
v 0.366791 0.383247 0.087949
v 0.366436 0.374746 0.093465
v 0.356981 0.385386 0.081773
v 0.368493 0.377984 0.089929
v 0.362191 0.378136 0.089432
v 0.368398 0.375863 0.090811
v 0.362081 0.375248 0.090120
v 0.363825 0.366201 0.086706
v 0.368249 0.368820 0.087898
v 0.356389 0.377178 0.089229
v 0.374154 0.375916 0.090701
v 0.362565 0.368863 0.087432
v 0.355621 0.369293 0.086598
v 0.376470 0.391561 0.078605
v 0.375366 0.377399 0.089414
v 0.366746 0.381325 0.086636
v 0.364830 0.381205 0.087220
v 0.366967 0.365848 0.086702
v 0.375091 0.383930 0.081686
v 0.369276 0.382310 0.081171
v 0.375421 0.378673 0.081417
v 0.375070 0.368934 0.087933
v 0.360737 0.414541 0.162553
v 0.362195 0.419713 0.162166
v 0.362392 0.410186 0.161773
v 0.363270 0.426325 0.159066
v 0.359258 0.411490 0.159673
v 0.360370 0.407799 0.160311
v 0.359425 0.421441 0.159498
v 0.363917 0.419066 0.160306
v 0.356210 0.416287 0.159659
v 0.368540 0.416711 0.159821
v 0.363815 0.410928 0.159627
v 0.367853 0.410112 0.158751
v 0.360550 0.426367 0.159262
v 0.354323 0.412167 0.157761
v 0.354999 0.426863 0.155349
v 0.364454 0.427881 0.155940
v 0.368342 0.424267 0.158051
v 0.353852 0.420103 0.155413
v 0.359480 0.405623 0.155929
v 0.363995 0.404338 0.154858
v 0.369973 0.425568 0.155296
v 0.359586 0.427891 0.155410
v 0.369862 0.409720 0.155545
v 0.369007 0.420836 0.153428
v 0.368567 0.403020 0.151731
v 0.368535 0.412397 0.153501
v 0.354338 0.409807 0.153219
v 0.356321 0.413381 0.152742
v 0.355822 0.419334 0.152893
v 0.364094 0.415776 0.153647
v 0.359901 0.420303 0.152694
v 0.361060 0.413991 0.151914
v 0.362434 0.415878 0.152214
v 0.354661 0.402201 0.146005
v 0.363286 0.421471 0.150767
v 0.354947 0.428362 0.149319
v 0.364200 0.422850 0.151103
v 0.361140 0.422595 0.150033
v 0.368996 0.408517 0.148976
v 0.367834 0.425224 0.150046
v 0.356032 0.409214 0.149101
v 0.361461 0.410649 0.147678
v 0.360563 0.430658 0.142539
v 0.356572 0.424368 0.150331
v 0.354840 0.405858 0.141656
v 0.365468 0.431211 0.142412
v 0.363976 0.409941 0.148423
v 0.355956 0.407827 0.142590
v 0.360596 0.409532 0.146642
v 0.368985 0.408239 0.142023
v 0.365202 0.409033 0.141590
v 0.361741 0.431285 0.140688
v 0.363701 0.411591 0.140828
v 0.360735 0.411434 0.135379
v 0.370017 0.410580 0.135517
v 0.371236 0.407415 0.135919
v 0.362061 0.414612 0.133157
v 0.356991 0.411283 0.134285
v 0.365675 0.413614 0.132543
v 0.364166 0.415422 0.132907
v 0.364676 0.420820 0.127409
v 0.354644 0.410993 0.122795
v 0.361123 0.419216 0.126144
v 0.366359 0.419202 0.126517
v 0.356590 0.418281 0.124541
v 0.370775 0.418571 0.125601
v 0.362769 0.420167 0.128251
v 0.372797 0.417387 0.119839
v 0.370348 0.420839 0.120924
v 0.362377 0.422343 0.122148
v 0.365458 0.422930 0.120747
v 0.357651 0.420472 0.118817
v 0.366850 0.421819 0.119227
v 0.363715 0.423552 0.110706
v 0.366887 0.422729 0.110049
v 0.362274 0.422089 0.109942
v 0.358995 0.420979 0.109317
v 0.372495 0.418896 0.109451
v 0.355602 0.411942 0.106406
v 0.356809 0.417021 0.107627
v 0.370434 0.421246 0.110147
v 0.364226 0.430877 0.102125
v 0.366573 0.430027 0.103042
v 0.372448 0.428639 0.099953
v 0.362674 0.429787 0.099933
v 0.374626 0.424599 0.098131
v 0.359107 0.428681 0.099024
v 0.374507 0.412299 0.106124
v 0.356830 0.424309 0.096609
v 0.368400 0.430220 0.099073
v 0.367340 0.433006 0.092984
v 0.376332 0.408491 0.084047
v 0.358115 0.427483 0.090079
v 0.364506 0.432788 0.092539
v 0.368914 0.431106 0.091867
v 0.372249 0.430096 0.091773
v 0.360232 0.430150 0.090878
v 0.356731 0.420512 0.089120
v 0.363235 0.431352 0.090936
v 0.374060 0.428225 0.091364
v 0.375756 0.420861 0.088544
v 0.367555 0.438189 0.086578
v 0.365362 0.438857 0.084685
v 0.363670 0.437016 0.083227
v 0.369545 0.437061 0.084088
v 0.359144 0.436136 0.082155
v 0.358020 0.434193 0.079595
v 0.357270 0.427502 0.075948
v 0.377465 0.396820 0.067604
v 0.373067 0.385200 0.079913
v 0.370006 0.384028 0.079560
v 0.375084 0.382026 0.077466
v 0.377225 0.380958 0.068721
v 0.377215 0.385093 0.067191
v 0.375976 0.387676 0.065206
v 0.376969 0.395423 0.058908
v 0.372805 0.387261 0.063661
v 0.376726 0.383842 0.062058
v 0.374667 0.391597 0.058634
v 0.372682 0.377952 0.054990
v 0.372537 0.387814 0.059776
v 0.374953 0.387783 0.058879
v 0.370216 0.387742 0.058775
v 0.375802 0.397357 0.056368
v 0.377464 0.399358 0.054230
v 0.376684 0.391302 0.056238
v 0.373894 0.389401 0.046216
v 0.377559 0.410040 0.055183
v 0.376430 0.390080 0.045748
v 0.373153 0.385461 0.048179
v 0.376673 0.384243 0.048351
v 0.376601 0.387388 0.048109
v 0.379254 0.397400 0.042859
v 0.356658 0.378800 0.080465
v 0.364216 0.363077 0.085182
v 0.362576 0.368462 0.083671
v 0.368711 0.368276 0.084274
v 0.369078 0.379196 0.079656
v 0.362895 0.382682 0.080743
v 0.375748 0.370477 0.083336
v 0.372533 0.368399 0.084533
v 0.356575 0.369482 0.082580
v 0.363117 0.362259 0.080329
v 0.364664 0.359548 0.081412
v 0.367101 0.359856 0.081591
v 0.368496 0.363535 0.082408
v 0.357600 0.364760 0.081361
v 0.375184 0.362689 0.080912
v 0.368493 0.380437 0.078878
v 0.363188 0.378320 0.078608
v 0.358051 0.362530 0.078473
v 0.375960 0.364349 0.080514
v 0.356225 0.364166 0.078825
v 0.358060 0.377759 0.078269
v 0.363874 0.380781 0.078588
v 0.368586 0.362414 0.077919
v 0.356366 0.370466 0.076528
v 0.374178 0.377320 0.079052
v 0.376189 0.370410 0.078566
v 0.367575 0.360561 0.074098
v 0.364851 0.360837 0.073937
v 0.358023 0.372170 0.076283
v 0.362766 0.372894 0.076406
v 0.374687 0.371974 0.077542
v 0.364175 0.367303 0.063248
v 0.369308 0.372510 0.076445
v 0.363328 0.375544 0.069723
v 0.369686 0.367101 0.063902
v 0.369962 0.372822 0.070916
v 0.363238 0.372445 0.071622
v 0.357677 0.372889 0.068937
v 0.358676 0.376886 0.069683
v 0.374653 0.377500 0.071679
v 0.376152 0.372566 0.069965
v 0.375332 0.366884 0.065547
v 0.358708 0.365717 0.069226
v 0.369629 0.376718 0.071300
v 0.365715 0.364758 0.065441
v 0.374568 0.374377 0.070007
v 0.368117 0.364939 0.065528
v 0.356864 0.382068 0.069215
v 0.356821 0.370828 0.062984
v 0.377400 0.373359 0.066221
v 0.359096 0.368263 0.060720
v 0.357637 0.388577 0.066279
v 0.376415 0.368996 0.061547
v 0.372841 0.367727 0.061415
v 0.361643 0.367956 0.060722
v 0.358374 0.376118 0.057592
v 0.376802 0.376408 0.058641
v 0.365899 0.365812 0.058179
v 0.368685 0.365906 0.057886
v 0.372669 0.370212 0.055914
v 0.369906 0.367957 0.057392
v 0.365081 0.368014 0.056877
v 0.362562 0.369543 0.055539
v 0.372729 0.377153 0.057796
v 0.362338 0.376645 0.057135
v 0.368985 0.368629 0.053664
v 0.362674 0.378001 0.054360
v 0.364884 0.378470 0.053996
v 0.365015 0.372933 0.054022
v 0.366358 0.368748 0.053416
v 0.370912 0.375337 0.053727
v 0.372749 0.376815 0.050147
v 0.371816 0.371599 0.050748
v 0.364437 0.367318 0.051514
v 0.370893 0.364480 0.050550
v 0.363262 0.376612 0.048922
v 0.363991 0.378471 0.051768
v 0.372260 0.381678 0.051594
v 0.363932 0.372105 0.049895
v 0.375615 0.378390 0.052099
v 0.376367 0.381358 0.051900
v 0.359754 0.378294 0.051230
v 0.359438 0.381748 0.050475
v 0.364724 0.360854 0.046858
v 0.376590 0.374899 0.050940
v 0.359316 0.374294 0.049686
v 0.376572 0.377679 0.049055
v 0.376912 0.370228 0.048906
v 0.358981 0.377590 0.047148
v 0.358298 0.373935 0.046803
v 0.363195 0.368700 0.045955
v 0.359810 0.369416 0.046504
v 0.378298 0.377063 0.045628
v 0.373034 0.368816 0.046531
v 0.375911 0.368999 0.046749
v 0.371676 0.357245 0.043640
v 0.358618 0.386915 0.041370
v 0.363592 0.357329 0.035127
v 0.358472 0.383235 0.080265
v 0.356902 0.390419 0.081869
v 0.356894 0.412714 0.074577
v 0.356608 0.392242 0.078031
v 0.362740 0.383969 0.079143
v 0.359774 0.385539 0.079048
v 0.357974 0.382329 0.076231
v 0.356997 0.395265 0.067809
v 0.358539 0.397145 0.057634
v 0.361838 0.387160 0.062637
v 0.359147 0.382545 0.059267
v 0.359466 0.390182 0.060033
v 0.362451 0.388683 0.059481
v 0.360215 0.393305 0.056933
v 0.360705 0.387857 0.057130
v 0.359433 0.390035 0.056757
v 0.364721 0.387807 0.058500
v 0.364522 0.388038 0.053433
v 0.359988 0.403033 0.055048
v 0.358068 0.400422 0.046908
v 0.362960 0.389580 0.045513
v 0.363350 0.385680 0.047456
v 0.359867 0.384413 0.047376
v 0.360646 0.390370 0.044718
v 0.359929 0.387461 0.047181
v 0.358300 0.395446 0.040465
v 0.376016 0.434366 0.079879
v 0.374388 0.436930 0.081698
v 0.368488 0.441917 0.074778
v 0.366284 0.442243 0.074268
v 0.376930 0.427235 0.076277
v 0.364423 0.440081 0.073669
v 0.370190 0.441110 0.073144
v 0.360432 0.439373 0.072189
v 0.374824 0.439301 0.073108
v 0.358465 0.434609 0.069334
v 0.368227 0.448490 0.065998
v 0.359060 0.443666 0.065519
v 0.376649 0.434110 0.069814
v 0.376319 0.444837 0.065582
v 0.378013 0.414692 0.059460
v 0.357862 0.428036 0.066037
v 0.377298 0.431275 0.062311
v 0.377657 0.441930 0.063508
v 0.358038 0.414778 0.058034
v 0.371320 0.446901 0.060801
v 0.365859 0.448230 0.061366
v 0.358766 0.440049 0.057555
v 0.360258 0.445345 0.057759
v 0.359399 0.426696 0.058995
v 0.377576 0.420178 0.056666
v 0.358642 0.432628 0.058399
v 0.376172 0.424991 0.058209
v 0.369745 0.447551 0.052826
v 0.376581 0.444528 0.057853
v 0.359135 0.420415 0.054992
v 0.360440 0.424435 0.056155
v 0.376598 0.405831 0.056607
v 0.358827 0.424445 0.053261
v 0.366269 0.446464 0.052916
v 0.372623 0.443829 0.053030
v 0.360247 0.418546 0.053473
v 0.377552 0.421022 0.054264
v 0.378730 0.416369 0.048367
v 0.361288 0.436450 0.047119
v 0.376568 0.416883 0.054283
v 0.378314 0.435315 0.053309
v 0.359012 0.410595 0.053492
v 0.364258 0.441805 0.050262
v 0.372360 0.454029 0.047179
v 0.366186 0.451966 0.049011
v 0.374575 0.439551 0.044534
v 0.358529 0.416765 0.045580
v 0.377132 0.429468 0.039391
v 0.374128 0.450501 0.045158
v 0.364909 0.457176 0.039179
v 0.360369 0.423628 0.034986
v 0.379264 0.424033 0.042692
v 0.366681 0.459946 0.040169
v 0.379386 0.394746 0.037662
v 0.378728 0.384131 0.040596
v 0.379650 0.402238 0.033997
v 0.377836 0.377665 0.037649
v 0.378037 0.380320 0.035270
v 0.374903 0.377741 0.036899
v 0.378273 0.396027 0.035518
v 0.377990 0.378563 0.034097
v 0.375199 0.379678 0.034353
v 0.375693 0.397205 0.034646
v 0.379030 0.378481 0.030710
v 0.375686 0.399886 0.033367
v 0.376899 0.395542 0.031211
v 0.379606 0.387310 0.031305
v 0.378417 0.396927 0.029559
v 0.376256 0.396273 0.029817
v 0.377545 0.390932 0.028697
v 0.378691 0.381162 0.025757
v 0.378799 0.388862 0.027370
v 0.378491 0.384065 0.024740
v 0.380143 0.374342 0.019503
v 0.378552 0.384747 0.020103
v 0.376755 0.399099 0.022393
v 0.377388 0.377306 0.021329
v 0.379658 0.378537 0.019302
v 0.377158 0.374410 0.016226
v 0.376255 0.385628 0.017776
v 0.377478 0.384994 0.003800
v 0.376385 0.377457 0.012213
v 0.378634 0.373001 0.008029
v 0.376645 0.372813 0.007129
v 0.378333 0.398959 0.000559
v 0.365305 0.353599 0.039207
v 0.378643 0.375405 0.038668
v 0.362737 0.372088 0.037531
v 0.360105 0.372706 0.037057
v 0.373446 0.358678 0.038748
v 0.374589 0.371676 0.038337
v 0.376643 0.371988 0.038541
v 0.371248 0.351210 0.036509
v 0.359314 0.376505 0.030352
v 0.366029 0.347665 0.029670
v 0.360990 0.371812 0.030218
v 0.377421 0.371559 0.032403
v 0.375319 0.371172 0.031867
v 0.374627 0.352725 0.026797
v 0.372238 0.347716 0.030090
v 0.363268 0.371371 0.030470
v 0.378293 0.374770 0.026927
v 0.375993 0.374097 0.026807
v 0.362763 0.374297 0.025565
v 0.360222 0.375523 0.025613
v 0.372615 0.344097 0.021285
v 0.376580 0.369687 0.020017
v 0.378222 0.368386 0.017455
v 0.363350 0.369723 0.017971
v 0.373170 0.342401 0.013214
v 0.360984 0.369021 0.015538
v 0.366825 0.344079 0.020687
v 0.360005 0.369501 0.010228
v 0.365733 0.345202 0.003951
v 0.376994 0.368146 0.013166
v 0.377291 0.358164 0.000896
v 0.380804 0.369269 0.012398
v 0.377063 0.370115 0.012855
v 0.363147 0.373523 0.016011
v 0.360606 0.373145 0.015259
v 0.375777 0.344690 0.001561
v 0.363875 0.369367 0.010978
v 0.367082 0.342748 0.014876
v 0.367471 0.342005 0.010727
v 0.364243 0.372505 0.009329
v 0.362733 0.373558 0.006680
v 0.364495 0.356649 0.006147
v 0.374303 0.342143 -0.004921
v 0.378132 0.369464 -0.005615
v 0.365055 0.369377 -0.007420
v 0.359003 0.379697 0.036650
v 0.359308 0.377656 0.036285
v 0.359102 0.396707 0.035174
v 0.358989 0.403017 0.032775
v 0.362412 0.378220 0.035273
v 0.362237 0.381032 0.033454
v 0.359012 0.386655 0.029876
v 0.359496 0.381385 0.033366
v 0.362701 0.398270 0.033339
v 0.359809 0.379229 0.032178
v 0.360474 0.396355 0.031351
v 0.362514 0.400321 0.032706
v 0.362796 0.397049 0.029104
v 0.359918 0.404360 0.026279
v 0.361407 0.396618 0.028240
v 0.360182 0.399123 0.027877
v 0.360496 0.388878 0.026979
v 0.359848 0.380606 0.025581
v 0.360748 0.385000 0.023709
v 0.360503 0.388582 0.022582
v 0.361308 0.380908 0.023137
v 0.363706 0.397450 0.021184
v 0.361100 0.375657 0.015674
v 0.362450 0.377210 0.017699
v 0.360247 0.379367 0.017072
v 0.364301 0.386215 0.016973
v 0.364225 0.378211 0.011218
v 0.365123 0.374187 0.006086
v 0.364877 0.395645 -0.000795
v 0.363726 0.431108 0.037305
v 0.373304 0.462843 0.035212
v 0.363304 0.428528 0.034573
v 0.375359 0.434960 0.038217
v 0.358962 0.416442 0.035325
v 0.375577 0.431919 0.040452
v 0.375610 0.450304 0.033733
v 0.375141 0.460128 0.033139
v 0.364198 0.442895 0.032213
v 0.379855 0.404994 0.029812
v 0.370293 0.466153 0.030166
v 0.376400 0.421062 0.029926
v 0.378940 0.417545 0.031224
v 0.367645 0.467820 0.024988
v 0.363795 0.415971 0.022350
v 0.365590 0.458090 0.013823
v 0.374219 0.468268 0.023357
v 0.376524 0.442311 0.028346
v 0.364153 0.438326 0.023830
v 0.379026 0.408246 0.025842
v 0.366524 0.467186 0.012326
v 0.361180 0.412017 0.025255
v 0.363387 0.411796 0.023625
v 0.363891 0.420113 0.018899
v 0.376177 0.464285 0.020368
v 0.376728 0.410739 0.024039
v 0.377392 0.416825 0.019084
v 0.378276 0.440147 0.010345
v 0.374887 0.469977 0.014090
v 0.377656 0.432992 0.018066
v 0.377637 0.451140 0.012977
v 0.368670 0.471276 0.012607
v 0.364331 0.430410 0.007904
v 0.377771 0.467414 -0.002876
v 0.378882 0.419259 0.002983
v 0.378009 0.458455 0.002433
v 0.375135 0.471983 0.000210
v 0.365431 0.373415 -0.002113
v 0.377222 0.374069 -0.001919
v 0.368565 0.342248 -0.006644
v 0.378950 0.372980 -0.001432
v 0.377669 0.372149 -0.001907
v 0.363194 0.373589 -0.003220
v 0.377692 0.377898 -0.006601
v 0.380794 0.379408 -0.010336
v 0.365253 0.378090 -0.007559
v 0.380827 0.374112 -0.007873
v 0.381579 0.369307 -0.004990
v 0.367745 0.355479 -0.028718
v 0.362415 0.374021 -0.006983
v 0.378234 0.367883 -0.007657
v 0.382114 0.368535 -0.006936
v 0.381395 0.372692 -0.010255
v 0.360881 0.369360 -0.008039
v 0.374695 0.343025 -0.010246
v 0.366077 0.386676 -0.013054
v 0.378153 0.385383 -0.011318
v 0.366346 0.411102 -0.019259
v 0.362163 0.373890 -0.013021
v 0.377871 0.354567 -0.024664
v 0.368920 0.343116 -0.011267
v 0.365451 0.369920 -0.015479
v 0.364698 0.374330 -0.010631
v 0.379583 0.418543 -0.018442
v 0.381204 0.387564 -0.015367
v 0.381483 0.380208 -0.014049
v 0.378787 0.372953 -0.010475
v 0.374995 0.344170 -0.014985
v 0.369280 0.344577 -0.016792
v 0.378774 0.374167 -0.009864
v 0.379301 0.402674 -0.016332
v 0.363679 0.389081 -0.016296
v 0.364978 0.374207 -0.013020
v 0.364328 0.380018 -0.015954
v 0.366880 0.371946 -0.027114
v 0.378758 0.370207 -0.015068
v 0.380494 0.380776 -0.016984
v 0.363521 0.381683 -0.020289
v 0.363037 0.376050 -0.022755
v 0.381579 0.385547 -0.018203
v 0.381799 0.380769 -0.019836
v 0.381730 0.375576 -0.021398
v 0.363221 0.385905 -0.019872
v 0.366009 0.374732 -0.022540
v 0.375264 0.345755 -0.019928
v 0.363744 0.406694 -0.020972
v 0.362732 0.402945 -0.024325
v 0.379543 0.374375 -0.020895
v 0.369611 0.346120 -0.021103
v 0.364123 0.389246 -0.023414
v 0.381743 0.393794 -0.021706
v 0.382502 0.412523 -0.022188
v 0.362391 0.386717 -0.025989
v 0.382789 0.384514 -0.021266
v 0.384154 0.404275 -0.030024
v 0.380811 0.391988 -0.022462
v 0.378955 0.371270 -0.024839
v 0.376220 0.352149 -0.032081
v 0.363791 0.395256 -0.023889
v 0.366053 0.395443 -0.025335
v 0.380555 0.371282 -0.025254
v 0.380236 0.398937 -0.027482
v 0.364750 0.371932 -0.026629
v 0.373756 0.347570 -0.025144
v 0.370128 0.350452 -0.029849
v 0.364238 0.395787 -0.028133
v 0.363740 0.400500 -0.029791
v 0.380560 0.396401 -0.028743
v 0.382158 0.379116 -0.027199
v 0.379340 0.371810 -0.031393
v 0.366107 0.399741 -0.029748
v 0.383789 0.393032 -0.031509
v 0.382360 0.379859 -0.029293
v 0.363801 0.379075 -0.029173
v 0.377851 0.360851 -0.036620
v 0.364443 0.395596 -0.031164
v 0.381444 0.372111 -0.031472
v 0.382585 0.399648 -0.027813
v 0.380219 0.379029 -0.028004
v 0.382838 0.375917 -0.030886
v 0.364707 0.379911 -0.029281
v 0.380039 0.377351 -0.030565
v 0.365298 0.372358 -0.032501
v 0.365210 0.377810 -0.032398
v 0.363425 0.375548 -0.034462
v 0.363109 0.393311 -0.034814
v 0.376750 0.358268 -0.039444
v 0.371740 0.355008 -0.036281
v 0.363967 0.373040 -0.041387
v 0.384226 0.395067 -0.035159
v 0.378808 0.368195 -0.039947
v 0.365916 0.369576 -0.039743
v 0.370835 0.360115 -0.041539
v 0.382677 0.390995 -0.036396
v 0.381019 0.368281 -0.040298
v 0.365411 0.390920 -0.039158
v 0.383422 0.372023 -0.040051
v 0.366010 0.386667 -0.043698
v 0.365327 0.393598 -0.049550
v 0.380685 0.389376 -0.038781
v 0.368736 0.368627 -0.041409
v 0.382496 0.386477 -0.041968
v 0.383024 0.380269 -0.044108
v 0.365611 0.383496 -0.043995
v 0.369779 0.470831 -0.007717
v 0.368044 0.466329 -0.010595
v 0.379745 0.443567 -0.019910
v 0.379575 0.435858 -0.009686
v 0.366518 0.447722 -0.011471
v 0.365815 0.431353 -0.011212
v 0.376654 0.468469 -0.016421
v 0.370527 0.467604 -0.019985
v 0.369466 0.457202 -0.033281
v 0.379510 0.454930 -0.035609
v 0.368181 0.434943 -0.031612
v 0.379879 0.415780 -0.020943
v 0.364034 0.417700 -0.027104
v 0.367423 0.426358 -0.030122
v 0.377410 0.462417 -0.030125
v 0.380043 0.436001 -0.037712
v 0.374953 0.460040 -0.034967
v 0.362763 0.407069 -0.030040
v 0.380627 0.427544 -0.031215
v 0.371419 0.457349 -0.037624
v 0.384245 0.431970 -0.044377
v 0.384872 0.429086 -0.046271
v 0.365899 0.427742 -0.034501
v 0.367207 0.436598 -0.046189
v 0.365112 0.430995 -0.046599
v 0.370353 0.439785 -0.046336
v 0.378068 0.450467 -0.044090
v 0.377907 0.443934 -0.049040
v 0.382173 0.437392 -0.045476
v 0.365955 0.369978 -0.043816
v 0.382686 0.374202 -0.043504
v 0.365960 0.377049 -0.044716
v 0.382128 0.376822 -0.042590
v 0.378173 0.371620 -0.044258
v 0.381265 0.370550 -0.043332
v 0.369972 0.372123 -0.045092
v 0.371018 0.365004 -0.045506
v 0.382189 0.383184 -0.043020
v 0.378751 0.375455 -0.044003
v 0.381220 0.376481 -0.045655
v 0.377118 0.364664 -0.044920
v 0.367118 0.377683 -0.047721
v 0.369750 0.375977 -0.045299
v 0.365549 0.374458 -0.045318
v 0.381199 0.379199 -0.046738
v 0.377620 0.378343 -0.046973
v 0.365988 0.381635 -0.046799
v 0.370862 0.378928 -0.047323
v 0.375856 0.368575 -0.047908
v 0.372650 0.368573 -0.048129
v 0.377653 0.374825 -0.047916
v 0.376999 0.384153 -0.051201
v 0.371347 0.371498 -0.049152
v 0.371183 0.377805 -0.048897
v 0.379569 0.375515 -0.047946
v 0.369093 0.376623 -0.048762
v 0.373239 0.365623 -0.051271
v 0.369337 0.368098 -0.051952
v 0.377000 0.367669 -0.051571
v 0.379758 0.372769 -0.051794
v 0.371848 0.367453 -0.054501
v 0.379440 0.367657 -0.051799
v 0.379886 0.379014 -0.051943
v 0.369150 0.376226 -0.051634
v 0.383119 0.376435 -0.051015
v 0.366251 0.377292 -0.052173
v 0.384343 0.378811 -0.053048
v 0.369634 0.386958 -0.058150
v 0.384183 0.369087 -0.054013
v 0.365351 0.369424 -0.055062
v 0.364735 0.378067 -0.055315
v 0.377372 0.366833 -0.056158
v 0.369206 0.367967 -0.055457
v 0.385270 0.374788 -0.054999
v 0.383477 0.385388 -0.056514
v 0.373561 0.364668 -0.057137
v 0.376272 0.364576 -0.057727
v 0.366827 0.386482 -0.058672
v 0.380091 0.367493 -0.055212
v 0.383367 0.366525 -0.057426
v 0.366243 0.366645 -0.059218
v 0.365340 0.367275 -0.065488
v 0.366260 0.372806 -0.064890
v 0.384716 0.376640 -0.061047
v 0.385242 0.371310 -0.061984
v 0.378390 0.385984 -0.042585
v 0.383941 0.394141 -0.048282
v 0.378475 0.383145 -0.043676
v 0.377941 0.387696 -0.052967
v 0.382156 0.387714 -0.052221
v 0.380447 0.387178 -0.048521
v 0.382808 0.401749 -0.049409
v 0.382328 0.390758 -0.052706
v 0.384498 0.395944 -0.052585
v 0.383367 0.389314 -0.054372
v 0.380119 0.389013 -0.054032
v 0.384830 0.389238 -0.059392
v 0.380572 0.386491 -0.057418
v 0.386010 0.386830 -0.065731
v 0.386409 0.394730 -0.074299
v 0.385294 0.383022 -0.071205
v 0.385571 0.388943 -0.072031
v 0.382475 0.383459 -0.073170
v 0.384077 0.387779 -0.073710
v 0.382823 0.381891 -0.073970
v 0.384655 0.383344 -0.074043
v 0.386276 0.386178 -0.080835
v 0.383391 0.382505 -0.080957
v 0.373937 0.360977 -0.065285
v 0.367151 0.374461 -0.064259
v 0.376721 0.360065 -0.068194
v 0.382723 0.373907 -0.063096
v 0.367705 0.378327 -0.067163
v 0.383711 0.361900 -0.071470
v 0.378329 0.373875 -0.063990
v 0.378307 0.377900 -0.065742
v 0.372345 0.377303 -0.065630
v 0.372322 0.372959 -0.065059
v 0.366993 0.362431 -0.073101
v 0.385523 0.363247 -0.072771
v 0.377995 0.371990 -0.066838
v 0.385889 0.369889 -0.071081
v 0.382786 0.378609 -0.067113
v 0.384364 0.371447 -0.069714
v 0.373447 0.381427 -0.073560
v 0.366186 0.371302 -0.069957
v 0.378742 0.371990 -0.069616
v 0.378537 0.381580 -0.071501
v 0.377596 0.359618 -0.075229
v 0.372619 0.372040 -0.069988
v 0.372955 0.361902 -0.074066
v 0.374555 0.358986 -0.075919
v 0.379951 0.383678 -0.073055
v 0.367462 0.382747 -0.073077
v 0.367093 0.372710 -0.071608
v 0.372820 0.378932 -0.072763
v 0.378751 0.378807 -0.072304
v 0.365375 0.369036 -0.073471
v 0.384061 0.377865 -0.071478
v 0.367410 0.377249 -0.072465
v 0.385447 0.378556 -0.073845
v 0.378253 0.361816 -0.071703
v 0.384625 0.363003 -0.074438
v 0.372265 0.383696 -0.073827
v 0.386453 0.373472 -0.075508
v 0.366680 0.378881 -0.074965
v 0.367351 0.364052 -0.076323
v 0.378747 0.363482 -0.075665
v 0.384901 0.368449 -0.076493
v 0.373595 0.382394 -0.079198
v 0.379257 0.382352 -0.078937
v 0.368945 0.382817 -0.081702
v 0.378043 0.366229 -0.080487
v 0.373056 0.368261 -0.078058
v 0.379159 0.368331 -0.077270
v 0.376108 0.361030 -0.078671
v 0.367412 0.368820 -0.077989
v 0.377814 0.381089 -0.081447
v 0.386445 0.375006 -0.081907
v 0.367876 0.376999 -0.084951
v 0.384828 0.368790 -0.079829
v 0.366582 0.373330 -0.082328
v 0.379093 0.368782 -0.080881
v 0.368092 0.369184 -0.081240
v 0.385464 0.377690 -0.081355
v 0.373716 0.368840 -0.081498
v 0.375545 0.365878 -0.081093
v 0.375281 0.368790 -0.085267
v 0.378227 0.369032 -0.084722
v 0.375455 0.380843 -0.082340
v 0.384017 0.411729 -0.046718
v 0.372626 0.444307 -0.049209
v 0.379766 0.439510 -0.045493
v 0.364764 0.422974 -0.045967
v 0.384090 0.422580 -0.048095
v 0.382555 0.419574 -0.047878
v 0.385439 0.439503 -0.055637
v 0.366031 0.422908 -0.049597
v 0.367363 0.422038 -0.050060
v 0.365735 0.411000 -0.049202
v 0.366149 0.415351 -0.048546
v 0.384462 0.418554 -0.048833
v 0.366046 0.421448 -0.051043
v 0.383916 0.445063 -0.055462
v 0.365161 0.412780 -0.051871
v 0.366784 0.405126 -0.050828
v 0.383015 0.426896 -0.053549
v 0.372797 0.445732 -0.054291
v 0.367141 0.443882 -0.054913
v 0.377272 0.448710 -0.056916
v 0.373784 0.448286 -0.057776
v 0.384061 0.428184 -0.055332
v 0.367354 0.427851 -0.055238
v 0.384883 0.409317 -0.051425
v 0.365803 0.423003 -0.061701
v 0.366231 0.430029 -0.055877
v 0.385812 0.421291 -0.060306
v 0.366465 0.428559 -0.060624
v 0.367894 0.445448 -0.060975
v 0.385651 0.440470 -0.062892
v 0.385402 0.431328 -0.064185
v 0.379242 0.445532 -0.063795
v 0.366195 0.438415 -0.062842
v 0.375704 0.446322 -0.066940
v 0.367277 0.434028 -0.069598
v 0.383838 0.443252 -0.065027
v 0.370051 0.438364 -0.072030
v 0.373805 0.439267 -0.072339
v 0.385082 0.436161 -0.068719
v 0.383010 0.438146 -0.071415
v 0.379489 0.438778 -0.072304
v 0.377572 0.440722 -0.073852
v 0.386358 0.431921 -0.076293
v 0.368666 0.434661 -0.079609
v 0.386758 0.421451 -0.085533
v 0.370430 0.435649 -0.080848
v 0.378635 0.437051 -0.084587
v 0.376234 0.437544 -0.083553
v 0.384984 0.435254 -0.079372
v 0.374366 0.435839 -0.081644
v 0.368163 0.423380 -0.085930
v 0.380123 0.435480 -0.082065
v 0.366934 0.389912 -0.040447
v 0.368095 0.387390 -0.048872
v 0.369180 0.388802 -0.042066
v 0.370041 0.383781 -0.044371
v 0.372029 0.387488 -0.053379
v 0.366811 0.396389 -0.051341
v 0.367092 0.388273 -0.053105
v 0.365601 0.394197 -0.054131
v 0.367667 0.391137 -0.054081
v 0.369707 0.389167 -0.054929
v 0.366895 0.389220 -0.056235
v 0.365266 0.394904 -0.061415
v 0.366118 0.388818 -0.060481
v 0.365250 0.382061 -0.063588
v 0.367574 0.394523 -0.094047
v 0.366392 0.390189 -0.073224
v 0.370085 0.384884 -0.074185
v 0.368329 0.382686 -0.074751
v 0.367036 0.390256 -0.076848
v 0.367119 0.385255 -0.078743
v 0.376391 0.382154 -0.082882
v 0.384709 0.376240 -0.084081
v 0.379065 0.384349 -0.087602
v 0.379600 0.377403 -0.085210
v 0.377077 0.379488 -0.087336
v 0.375044 0.384630 -0.088198
v 0.383907 0.384443 -0.087669
v 0.376939 0.383908 -0.090870
v 0.378879 0.376814 -0.087100
v 0.370359 0.384280 -0.087367
v 0.373666 0.377504 -0.085309
v 0.387626 0.392400 -0.093426
v 0.376057 0.374035 -0.087653
v 0.369901 0.386830 -0.101728
v 0.368222 0.389472 -0.096098
v 0.380090 0.384327 -0.100387
v 0.382456 0.385076 -0.100787
v 0.386080 0.386374 -0.100579
v 0.375329 0.384544 -0.100808
v 0.387835 0.411146 -0.102356
v 0.377601 0.382880 -0.098847
v 0.387481 0.401584 -0.102387
v 0.370120 0.398848 -0.102697
v 0.379209 0.374571 -0.102498
v 0.376590 0.372995 -0.104172
v 0.373135 0.385084 -0.101089
v 0.380284 0.375731 -0.104264
v 0.370390 0.388762 -0.103926
v 0.375695 0.376160 -0.104589
v 0.386594 0.398914 -0.101508
v 0.383423 0.378945 -0.103868
v 0.385580 0.388097 -0.102730
v 0.373210 0.375285 -0.105641
v 0.373767 0.384613 -0.104548
v 0.387312 0.384323 -0.105272
v 0.372947 0.374145 -0.109899
v 0.386324 0.379583 -0.106599
v 0.382169 0.378407 -0.107487
v 0.374211 0.378163 -0.108528
v 0.369340 0.382858 -0.106723
v 0.376705 0.369079 -0.112458
v 0.369354 0.384412 -0.119464
v 0.370961 0.376963 -0.111465
v 0.380697 0.370635 -0.112578
v 0.374829 0.375104 -0.114554
v 0.379824 0.368615 -0.112717
v 0.386916 0.375469 -0.114675
v 0.382554 0.374831 -0.114799
v 0.376109 0.371134 -0.111744
v 0.383264 0.371117 -0.111063
v 0.373990 0.370619 -0.114281
v 0.370540 0.375882 -0.117878
v 0.389337 0.398227 -0.125596
v 0.388852 0.382408 -0.117031
v 0.377127 0.369661 -0.128132
v 0.381749 0.369190 -0.129016
v 0.377874 0.368176 -0.128011
v 0.380531 0.367748 -0.127880
v 0.370851 0.401684 -0.129719
v 0.375866 0.374013 -0.131131
v 0.384654 0.372233 -0.128418
v 0.387608 0.375140 -0.127361
v 0.371355 0.375635 -0.128251
v 0.383591 0.372838 -0.130692
v 0.371146 0.429423 -0.089427
v 0.384429 0.429288 -0.088246
v 0.376170 0.432637 -0.089941
v 0.379956 0.431305 -0.089907
v 0.368357 0.407515 -0.098968
v 0.374931 0.430756 -0.089613
v 0.369361 0.425686 -0.094111
v 0.386555 0.425509 -0.093990
v 0.384692 0.428456 -0.095197
v 0.380973 0.429398 -0.096251
v 0.375206 0.429222 -0.097247
v 0.379803 0.430914 -0.097514
v 0.371881 0.428604 -0.096216
v 0.368914 0.403941 -0.103970
v 0.377330 0.429003 -0.101103
v 0.372956 0.420832 -0.107144
v 0.387235 0.416257 -0.105234
v 0.380028 0.423149 -0.107371
v 0.384953 0.420668 -0.106223
v 0.370318 0.416989 -0.106474
v 0.377189 0.423218 -0.106925
v 0.370010 0.413282 -0.116101
v 0.372698 0.419254 -0.118610
v 0.377992 0.421966 -0.119052
v 0.380907 0.422508 -0.116516
v 0.382182 0.420472 -0.117871
v 0.376445 0.420524 -0.117638
v 0.388386 0.415586 -0.115307
v 0.385981 0.419235 -0.118265
v 0.383594 0.374775 -0.128856
v 0.374363 0.371563 -0.130672
v 0.384251 0.369416 -0.128321
v 0.374502 0.370187 -0.128633
v 0.371432 0.373547 -0.133233
v 0.377475 0.367303 -0.131607
v 0.388486 0.372925 -0.132492
v 0.379071 0.361391 -0.135194
v 0.375551 0.367073 -0.137918
v 0.370231 0.378269 -0.137219
v 0.381108 0.361844 -0.134745
v 0.385254 0.363298 -0.139509
v 0.375075 0.363000 -0.137335
v 0.384814 0.363578 -0.135454
v 0.377600 0.363103 -0.136981
v 0.385467 0.365343 -0.141144
v 0.382176 0.363400 -0.135427
v 0.384526 0.366286 -0.138897
v 0.374914 0.364600 -0.142867
v 0.388861 0.364618 -0.141875
v 0.371876 0.364790 -0.143172
v 0.384134 0.363723 -0.143055
v 0.371236 0.371961 -0.145202
v 0.382447 0.362109 -0.141972
v 0.378511 0.362123 -0.141923
v 0.390019 0.375033 -0.141376
v 0.371715 0.376938 -0.142863
v 0.376994 0.363802 -0.143403
v 0.389951 0.370521 -0.145929
v 0.374223 0.376873 -0.144538
v 0.377464 0.360161 -0.145858
v 0.387735 0.376240 -0.143749
v 0.372552 0.370713 -0.148029
v 0.389724 0.361744 -0.144360
v 0.383447 0.359803 -0.145951
v 0.372424 0.360571 -0.146280
v 0.381675 0.357926 -0.146820
v 0.378836 0.357834 -0.147805
v 0.383185 0.377679 -0.144063
v 0.370697 0.362730 -0.146692
v 0.378135 0.377401 -0.144463
v 0.380045 0.377328 -0.146994
v 0.383663 0.374177 -0.147777
v 0.381263 0.377460 -0.147409
v 0.388267 0.373100 -0.148034
v 0.391029 0.365728 -0.146857
v 0.388043 0.359682 -0.146938
v 0.377979 0.374188 -0.148412
v 0.373545 0.373436 -0.148875
v 0.390775 0.368811 -0.149924
v 0.390781 0.360403 -0.154512
v 0.389481 0.368875 -0.150583
v 0.379964 0.357579 -0.156372
v 0.371126 0.369064 -0.151109
v 0.372436 0.375126 -0.149768
v 0.371527 0.360462 -0.155855
v 0.381855 0.356926 -0.153766
v 0.389568 0.375893 -0.148949
v 0.374234 0.378117 -0.151979
v 0.378392 0.377697 -0.150596
v 0.378770 0.359724 -0.156413
v 0.381690 0.379938 -0.151814
v 0.383985 0.378430 -0.152255
v 0.373664 0.360043 -0.156377
v 0.383532 0.359618 -0.156216
v 0.389555 0.377546 -0.153099
v 0.372726 0.368878 -0.151930
v 0.388624 0.367671 -0.153199
v 0.373687 0.367613 -0.154300
v 0.373433 0.373921 -0.158137
v 0.388765 0.359711 -0.155601
v 0.383072 0.379206 -0.154062
v 0.373474 0.377620 -0.154785
v 0.380535 0.378631 -0.156814
v 0.389021 0.370357 -0.157141
v 0.389915 0.367136 -0.154876
v 0.378849 0.377625 -0.156025
v 0.372643 0.367356 -0.155891
v 0.389621 0.373256 -0.157129
v 0.389356 0.359549 -0.157195
v 0.373418 0.359627 -0.158272
v 0.380342 0.356956 -0.161141
v 0.384005 0.371890 -0.158098
v 0.390150 0.360673 -0.162208
v 0.374442 0.371268 -0.158650
v 0.382108 0.376176 -0.158960
v 0.379475 0.370911 -0.160481
v 0.384019 0.360027 -0.163448
v 0.381757 0.372959 -0.160415
v 0.390504 0.370169 -0.160035
v 0.382684 0.357126 -0.161019
v 0.379260 0.360317 -0.163586
v 0.372700 0.370153 -0.161164
v 0.380662 0.369597 -0.163293
v 0.383960 0.369674 -0.161007
v 0.382919 0.370361 -0.162712
v 0.373228 0.360822 -0.163324
v 0.382029 0.361200 -0.166782
v 0.390118 0.377705 -0.135290
v 0.388375 0.386108 -0.128050
v 0.371050 0.384551 -0.129016
v 0.388356 0.405977 -0.129576
v 0.388710 0.398873 -0.131695
v 0.372300 0.400268 -0.133706
v 0.388181 0.384620 -0.132560
v 0.372739 0.385251 -0.132630
v 0.373315 0.387310 -0.131822
v 0.386972 0.386247 -0.130921
v 0.373542 0.395537 -0.134331
v 0.382572 0.386235 -0.131638
v 0.385828 0.402399 -0.132461
v 0.377239 0.386066 -0.131834
v 0.386567 0.399730 -0.133707
v 0.380954 0.388457 -0.134336
v 0.379228 0.388334 -0.134449
v 0.377487 0.394192 -0.134152
v 0.374046 0.402931 -0.132858
v 0.380576 0.393757 -0.136137
v 0.377569 0.401814 -0.133931
v 0.386967 0.400620 -0.139474
v 0.374160 0.401149 -0.139086
v 0.382563 0.401332 -0.133994
v 0.383237 0.385804 -0.139192
v 0.371043 0.382209 -0.141327
v 0.388808 0.385300 -0.137231
v 0.381365 0.398805 -0.136293
v 0.378957 0.387232 -0.139795
v 0.382410 0.386221 -0.141655
v 0.372794 0.385640 -0.139214
v 0.377856 0.384366 -0.142968
v 0.379914 0.398964 -0.136737
v 0.388801 0.402540 -0.138552
v 0.389702 0.382964 -0.140883
v 0.378870 0.401430 -0.147704
v 0.381893 0.398863 -0.144530
v 0.383590 0.401343 -0.147021
v 0.388133 0.381888 -0.142979
v 0.374034 0.382250 -0.143978
v 0.383423 0.382314 -0.143666
v 0.380124 0.399685 -0.148120
v 0.387893 0.402706 -0.146662
v 0.374991 0.402239 -0.146532
v 0.380794 0.381394 -0.145590
v 0.382980 0.403455 -0.152391
v 0.382450 0.433405 -0.137048
v 0.379680 0.433223 -0.136790
v 0.382090 0.440840 -0.138728
v 0.381612 0.426059 -0.139398
v 0.387140 0.433480 -0.138385
v 0.383205 0.430698 -0.138608
v 0.374600 0.435910 -0.139526
v 0.378619 0.428078 -0.140309
v 0.378674 0.436926 -0.138713
v 0.375109 0.427982 -0.141293
v 0.383709 0.441263 -0.141617
v 0.379277 0.441331 -0.140783
v 0.388000 0.427345 -0.141049
v 0.387742 0.440446 -0.141452
v 0.374646 0.441031 -0.143082
v 0.389572 0.437504 -0.142476
v 0.383344 0.424062 -0.143712
v 0.373433 0.428664 -0.143521
v 0.373179 0.435782 -0.143585
v 0.388331 0.432137 -0.145219
v 0.388824 0.428982 -0.144289
v 0.374706 0.432204 -0.145886
v 0.375013 0.429222 -0.145621
v 0.388819 0.443693 -0.149765
v 0.382661 0.430508 -0.145074
v 0.379967 0.430705 -0.145348
v 0.388887 0.420579 -0.152100
v 0.380265 0.445894 -0.150668
v 0.390207 0.443704 -0.153984
v 0.383851 0.445673 -0.150651
v 0.373753 0.422620 -0.150647
v 0.387795 0.426202 -0.148697
v 0.380291 0.430462 -0.148827
v 0.382199 0.430057 -0.149581
v 0.375025 0.424278 -0.151316
v 0.374779 0.434858 -0.152259
v 0.384225 0.426729 -0.149067
v 0.378913 0.426841 -0.149511
v 0.384043 0.433468 -0.152203
v 0.388998 0.435027 -0.151689
v 0.379559 0.434074 -0.153377
v 0.375671 0.444267 -0.150549
v 0.374027 0.443465 -0.154066
v 0.382006 0.425413 -0.153696
v 0.375341 0.448279 -0.154456
v 0.382985 0.434014 -0.155724
v 0.383553 0.449232 -0.153809
v 0.379697 0.449328 -0.155108
v 0.388777 0.448405 -0.153798
v 0.384886 0.437507 -0.155955
v 0.381348 0.431541 -0.153518
v 0.376102 0.438592 -0.155752
v 0.388736 0.446653 -0.156504
v 0.384683 0.447622 -0.156915
v 0.375428 0.447250 -0.156913
v 0.379947 0.441788 -0.157655
v 0.382264 0.439515 -0.158862
v 0.381477 0.449175 -0.157226
v 0.381002 0.413626 -0.130410
v 0.372128 0.406146 -0.131902
v 0.377758 0.409573 -0.133260
v 0.382448 0.412921 -0.128293
v 0.374017 0.409852 -0.132322
v 0.386656 0.408923 -0.132979
v 0.383115 0.408037 -0.136503
v 0.379574 0.412303 -0.132796
v 0.372643 0.403102 -0.141370
v 0.374002 0.407155 -0.138963
v 0.382183 0.409443 -0.140718
v 0.389302 0.404571 -0.143497
v 0.379647 0.409666 -0.142157
v 0.387188 0.407183 -0.140310
v 0.378336 0.408363 -0.144655
v 0.383524 0.408187 -0.143069
v 0.374950 0.408079 -0.144288
v 0.380110 0.419168 -0.146938
v 0.382267 0.418348 -0.147251
v 0.374866 0.420519 -0.148237
v 0.386703 0.410588 -0.146987
v 0.383262 0.411713 -0.147516
v 0.379673 0.413212 -0.148326
v 0.387312 0.421737 -0.146089
v 0.389478 0.421482 -0.148976
v 0.374845 0.411847 -0.149125
v 0.374725 0.407798 -0.152749
v 0.389138 0.410173 -0.148786
v 0.382075 0.413737 -0.147632
v 0.389423 0.411951 -0.153289
v 0.388108 0.416786 -0.148549
v 0.373571 0.411275 -0.151553
v 0.388165 0.408116 -0.152673
v 0.379279 0.407380 -0.154096
v 0.384066 0.408247 -0.154370
v 0.381151 0.406816 -0.155976
v 0.379205 0.416755 -0.155517
v 0.384193 0.418456 -0.154690
v 0.375619 0.414234 -0.155070
v 0.381402 0.416914 -0.157167
v 0.383006 0.410332 -0.156556
v 0.358469 0.263549 0.140202
v 0.366549 0.258823 0.140187
v 0.366260 0.252956 0.140180
v 0.365676 0.270823 0.138671
v 0.357095 0.252592 0.139743
v 0.359185 0.271740 0.138217
v 0.355428 0.249169 0.137894
v 0.362231 0.246425 0.138858
v 0.355658 0.268725 0.137689
v 0.361415 0.240158 0.135443
v 0.366941 0.242279 0.135565
v 0.368114 0.268009 0.136315
v 0.354506 0.249738 0.133692
v 0.367163 0.276491 0.135467
v 0.360997 0.278574 0.134986
v 0.355639 0.276327 0.133864
v 0.355294 0.237461 0.130619
v 0.368326 0.236689 0.127086
v 0.356320 0.281323 0.130335
v 0.368570 0.248555 0.130178
v 0.367337 0.234492 0.128066
v 0.359620 0.284523 0.128114
v 0.361957 0.233835 0.128768
v 0.364637 0.284125 0.128939
v 0.355274 0.269971 0.126250
v 0.368156 0.285995 0.123688
v 0.355898 0.282612 0.119039
v 0.369241 0.276863 0.122725
v 0.355563 0.258934 0.123535
v 0.369467 0.283399 0.120197
v 0.368768 0.242575 0.119631
v 0.368252 0.255911 0.122566
v 0.356945 0.230284 0.118076
v 0.356404 0.266615 0.120757
v 0.355434 0.234840 0.115807
v 0.365952 0.287622 0.121562
v 0.355528 0.248614 0.123228
v 0.368795 0.261190 0.124376
v 0.367194 0.229420 0.116713
v 0.362289 0.230631 0.122255
v 0.357437 0.269002 0.119836
v 0.357135 0.247361 0.118347
v 0.368282 0.271144 0.119897
v 0.367515 0.246788 0.118511
v 0.359207 0.287755 0.120724
v 0.357160 0.261139 0.097415
v 0.356680 0.286939 0.118872
v 0.358734 0.267735 0.119612
v 0.366653 0.254757 0.120591
v 0.367978 0.267278 0.120857
v 0.357135 0.255048 0.120220
v 0.356707 0.243192 0.111601
v 0.366206 0.273612 0.116623
v 0.356795 0.275618 0.114881
v 0.369812 0.234592 0.107256
v 0.368541 0.275162 0.114237
v 0.358614 0.256672 0.084209
v 0.358200 0.244876 0.112827
v 0.358859 0.288785 0.107523
v 0.367661 0.244588 0.112490
v 0.357620 0.275479 0.112523
v 0.368998 0.288318 0.109638
v 0.357576 0.229601 0.104651
v 0.361003 0.267811 0.102667
v 0.369262 0.267186 0.101974
v 0.368867 0.255437 0.107967
v 0.369301 0.274992 0.106184
v 0.370261 0.240171 0.101689
v 0.357701 0.266845 0.101379
v 0.368380 0.229703 0.103343
v 0.366824 0.245485 0.107896
v 0.368346 0.287442 0.101462
v 0.359866 0.246044 0.106116
v 0.356322 0.240285 0.103877
v 0.357469 0.274774 0.104406
v 0.364221 0.273838 0.105980
v 0.370522 0.263129 0.098872
v 0.357177 0.282606 0.099660
v 0.368451 0.247119 0.103532
v 0.368042 0.255050 0.082477
v 0.369988 0.283928 0.095700
v 0.366070 0.268611 0.102392
v 0.358407 0.268675 0.101180
v 0.358989 0.286832 0.099197
v 0.358253 0.247531 0.102686
v 0.369907 0.271705 0.102539
v 0.363403 0.230150 0.098909
v 0.370134 0.247391 0.099295
v 0.369031 0.251159 0.098727
v 0.360313 0.251797 0.098127
v 0.357582 0.249840 0.098388
v 0.371109 0.278897 0.095137
v 0.358369 0.234840 0.091454
v 0.369807 0.235611 0.091020
v 0.357531 0.242155 0.088917
v 0.369042 0.247711 0.093597
v 0.364986 0.283643 0.093162
v 0.370783 0.242413 0.087425
v 0.360439 0.255167 0.082352
v 0.371287 0.263535 0.088238
v 0.359036 0.247995 0.092939
v 0.357856 0.270948 0.088250
v 0.359221 0.278570 0.088634
v 0.370457 0.256010 0.083825
v 0.364093 0.235049 0.089143
v 0.359904 0.247172 0.089468
v 0.370257 0.275087 0.087175
v 0.366033 0.279077 0.088502
v 0.368656 0.246831 0.089655
v 0.359598 0.266126 0.082661
v 0.358917 0.243754 0.083158
v 0.369836 0.243586 0.083659
v 0.363651 0.271932 0.083858
v 0.364983 0.240151 0.084441
v 0.370240 0.267706 0.083721
v 0.369881 0.245626 0.083969
v 0.360465 0.246234 0.082945
v 0.368534 0.263367 0.082552
v 0.370456 0.262272 0.078327
v 0.366971 0.253354 0.078745
v 0.361411 0.259463 0.078768
v 0.365237 0.250291 0.078462
v 0.365815 0.266068 0.078559
v 0.359797 0.253547 0.077420
v 0.370652 0.250058 0.077409
v 0.359687 0.268495 0.075955
v 0.370618 0.271550 0.075830
v 0.366150 0.243039 0.075408
v 0.362368 0.271919 0.075617
v 0.371922 0.245728 0.072626
v 0.359164 0.244451 0.074059
v 0.372363 0.271582 0.072146
v 0.371029 0.236569 0.069666
v 0.366268 0.277192 0.072806
v 0.371252 0.278933 0.070247
v 0.360889 0.279984 0.069425
v 0.358895 0.270910 0.070997
v 0.365963 0.234133 0.068356
v 0.372660 0.245517 0.065558
v 0.358793 0.244680 0.064428
v 0.372707 0.261680 0.065710
v 0.359683 0.264545 0.061131
v 0.361367 0.284963 0.062461
v 0.371679 0.284339 0.063067
v 0.367423 0.284290 0.064960
v 0.359184 0.235643 0.066425
v 0.359958 0.275845 0.054190
v 0.372175 0.231756 0.059074
v 0.360856 0.230152 0.057573
v 0.367444 0.229888 0.060130
v 0.360360 0.284082 0.055882
v 0.360139 0.253596 0.059381
v 0.372460 0.244617 0.051687
v 0.371523 0.254782 0.058883
v 0.373534 0.281737 0.058288
v 0.367593 0.287055 0.058585
v 0.361277 0.264950 0.057911
v 0.372007 0.265751 0.058336
v 0.362274 0.254686 0.057998
v 0.372472 0.287688 0.051611
v 0.368603 0.263920 0.057893
v 0.360398 0.245108 0.052980
v 0.371622 0.248453 0.055903
v 0.361208 0.230266 0.045648
v 0.361246 0.271731 0.051471
v 0.374020 0.275532 0.044536
v 0.369496 0.268979 0.054067
v 0.366345 0.246895 0.053242
v 0.361260 0.246884 0.054122
v 0.372125 0.230156 0.045719
v 0.374265 0.241749 0.037866
v 0.372739 0.271805 0.052004
v 0.362228 0.288004 0.049943
v 0.366059 0.271016 0.050517
v 0.361473 0.245139 0.042796
v 0.371537 0.245053 0.047667
v 0.362237 0.245244 0.047167
v 0.371075 0.286963 0.043503
v 0.374785 0.270721 0.033367
v 0.360844 0.241783 0.032266
v 0.373079 0.271820 0.042351
v 0.374788 0.277689 0.035126
v 0.361544 0.284608 0.041519
v 0.361367 0.274393 0.031582
v 0.366599 0.230849 0.041918
v 0.365831 0.246713 0.042100
v 0.372624 0.245958 0.042103
v 0.365393 0.286422 0.041545
v 0.373389 0.284130 0.040430
v 0.362006 0.271778 0.040945
v 0.367779 0.270959 0.042266
v 0.361730 0.248674 0.037753
v 0.373265 0.268186 0.037418
v 0.362136 0.235852 0.035431
v 0.365784 0.251207 0.037484
v 0.371960 0.234754 0.036483
v 0.367316 0.267573 0.037793
v 0.361891 0.266597 0.034841
v 0.372308 0.281674 0.036136
v 0.370892 0.253879 0.036492
v 0.364249 0.264157 0.035848
v 0.372508 0.263611 0.036277
v 0.373266 0.252533 0.036000
v 0.362128 0.254255 0.035206
v 0.372730 0.321933 0.036098
v 0.362441 0.321066 0.034806
v 0.372807 0.231071 0.035380
v 0.362000 0.231054 0.035054
v 0.364409 0.282234 0.035786
v 0.374114 0.279988 0.035120
v 0.362148 0.280005 0.034618
v 0.374973 0.254261 0.030471
v 0.375338 0.318746 0.033219
v 0.375458 0.266033 0.026243
v 0.375842 0.319794 0.018292
v 0.375110 0.236778 0.020925
v 0.361869 0.236169 0.019968
v 0.363203 0.231440 0.016551
v 0.375921 0.292288 0.021696
v 0.361567 0.263623 0.022498
v 0.374824 0.321144 0.017250
v 0.374529 0.232218 0.018050
v 0.369247 0.322118 0.016337
v 0.363143 0.272529 0.017074
v 0.363469 0.320625 0.017036
v 0.372708 0.230444 0.016759
v 0.365506 0.317810 -0.008117
v 0.377739 0.287817 -0.010349
v 0.364315 0.288843 -0.012216
v 0.378447 0.282272 -0.016943
v 0.377778 0.302386 -0.026150
v 0.366846 0.302463 -0.026733
v 0.374931 0.246229 -0.026653
v 0.375715 0.317023 -0.006447
v 0.368242 0.318707 -0.006742
v 0.377583 0.317627 -0.008734
v 0.364903 0.309200 -0.020487
v 0.366883 0.313801 -0.047742
v 0.379375 0.317923 -0.048332
v 0.368509 0.318743 -0.044027
v 0.367499 0.302964 -0.040240
v 0.379173 0.302590 -0.042585
v 0.364555 0.243533 -0.023392
v 0.378719 0.304207 -0.022149
v 0.370792 0.229443 -0.006314
v 0.375427 0.230351 -0.006780
v 0.366203 0.229653 -0.007114
v 0.376586 0.286001 -0.007301
v 0.364174 0.231603 -0.008545
v 0.377163 0.235576 -0.010623
v 0.363745 0.240608 -0.014435
v 0.378048 0.242277 -0.019944
v 0.377591 0.245021 -0.025360
v 0.366540 0.234708 -0.054724
v 0.366632 0.246036 -0.027009
v 0.374602 0.229212 -0.045714
v 0.367534 0.230686 -0.051954
v 0.378743 0.244975 -0.045519
v 0.366165 0.241146 -0.051666
v 0.376314 0.246149 -0.043585
v 0.367694 0.246164 -0.045880
v 0.380610 0.241182 -0.059730
v 0.378789 0.230768 -0.051582
v 0.367180 0.284712 -0.033116
v 0.377591 0.267938 -0.032544
v 0.375135 0.284821 -0.031944
v 0.378169 0.283863 -0.032687
v 0.366585 0.268603 -0.033525
v 0.365887 0.278652 -0.036426
v 0.379522 0.276187 -0.036956
v 0.367769 0.285133 -0.042903
v 0.366413 0.280086 -0.048908
v 0.378103 0.284895 -0.041731
v 0.379741 0.282123 -0.043792
v 0.368556 0.317119 -0.051870
v 0.372757 0.301398 -0.042293
v 0.368505 0.299882 -0.045401
v 0.378968 0.296935 -0.046922
v 0.368650 0.296001 -0.047358
v 0.367469 0.296823 -0.050445
v 0.381055 0.311243 -0.052551
v 0.374564 0.247459 -0.047943
v 0.378299 0.247746 -0.049392
v 0.367677 0.248077 -0.050430
v 0.376240 0.251633 -0.051380
v 0.380001 0.250710 -0.055357
v 0.368331 0.253391 -0.052639
v 0.371284 0.267163 -0.032264
v 0.378877 0.267784 -0.046711
v 0.377151 0.266907 -0.046679
v 0.368083 0.267425 -0.046015
v 0.368140 0.286559 -0.045545
v 0.378316 0.286461 -0.044909
v 0.373171 0.289518 -0.046602
v 0.367547 0.289312 -0.047808
v 0.379361 0.290257 -0.047433
v 0.366802 0.270185 -0.049795
v 0.366836 0.278052 -0.053914
v 0.381270 0.294332 -0.059927
v 0.380310 0.277465 -0.056537
v 0.380202 0.283842 -0.062847
v 0.380435 0.291395 -0.066016
v 0.372096 0.289364 -0.066934
v 0.375341 0.294449 -0.067893
v 0.368387 0.265486 -0.049498
v 0.378595 0.262017 -0.052018
v 0.368733 0.261942 -0.052471
v 0.380292 0.263095 -0.055729
v 0.367467 0.258891 -0.056222
v 0.381194 0.255944 -0.067001
v 0.371596 0.314928 -0.057533
v 0.379598 0.313773 -0.057867
v 0.368799 0.308492 -0.062697
v 0.368773 0.292901 -0.066691
v 0.380275 0.301007 -0.066183
v 0.375281 0.310122 -0.063007
v 0.373090 0.305917 -0.065581
v 0.370039 0.299113 -0.067370
v 0.378454 0.254579 -0.052352
v 0.374937 0.230986 -0.056394
v 0.368304 0.244867 -0.069929
v 0.373218 0.245409 -0.071644
v 0.367177 0.260683 -0.064165
v 0.367882 0.267570 -0.067588
v 0.380546 0.260765 -0.071577
v 0.369360 0.257166 -0.073062
v 0.375099 0.259846 -0.073311
v 0.375938 0.251737 -0.073186
v 0.368822 0.277954 -0.059161
v 0.369533 0.276600 -0.063235
v 0.377466 0.277973 -0.059319
v 0.368714 0.283204 -0.063071
v 0.371771 0.274887 -0.065886
v 0.376681 0.272760 -0.067718
v 0.380478 0.272838 -0.065726
v 0.377799 0.275741 -0.064208
v 0.375355 0.282397 -0.063590
v 0.376344 0.285750 -0.065331
v 0.372121 0.232503 -0.059291
v 0.369181 0.236369 -0.064622
v 0.378645 0.234764 -0.062049
v 0.380201 0.246530 -0.070507
v 0.376518 0.236899 -0.065281
v 0.377800 0.241757 -0.069059
v 0.372723 0.241176 -0.069263
v 0.377091 0.267106 -0.071027
v 0.371710 0.269866 -0.069950
v 0.372759 0.264769 -0.072255
v 0.369096 0.269675 -0.069105
v 0.371269 0.254185 -0.075601
v 0.373750 0.285450 -0.075645
v 0.377734 0.253170 -0.075126
v 0.369764 0.284592 -0.076577
v 0.374564 0.247220 -0.076032
v 0.369130 0.248607 -0.076917
v 0.380708 0.248488 -0.076312
v 0.380611 0.284649 -0.075641
v 0.372510 0.241492 -0.078332
v 0.368754 0.280042 -0.080021
v 0.380982 0.237054 -0.081988
v 0.368354 0.250255 -0.081835
v 0.378107 0.240767 -0.078485
v 0.381981 0.280303 -0.078764
v 0.369260 0.239035 -0.081523
v 0.374913 0.236437 -0.081654
v 0.382046 0.248524 -0.081618
v 0.382857 0.277648 -0.088010
v 0.373316 0.285416 -0.095800
v 0.372890 0.233486 -0.085296
v 0.369909 0.231602 -0.090528
v 0.368571 0.238929 -0.090218
v 0.380153 0.233449 -0.085263
v 0.382941 0.239938 -0.096729
v 0.370019 0.283745 -0.094106
v 0.376914 0.230882 -0.088783
v 0.382298 0.251650 -0.094432
v 0.373882 0.230133 -0.090922
v 0.370350 0.228815 -0.105143
v 0.381003 0.228427 -0.097343
v 0.370879 0.247864 -0.097872
v 0.370802 0.244531 -0.101831
v 0.381818 0.284854 -0.094905
v 0.370628 0.254785 -0.095608
v 0.383060 0.229655 -0.114967
v 0.376756 0.250506 -0.096577
v 0.381568 0.244685 -0.099792
v 0.373722 0.228087 -0.097358
v 0.370709 0.241889 -0.124131
v 0.384778 0.241839 -0.126450
v 0.371767 0.244768 -0.109133
v 0.381967 0.244342 -0.107860
v 0.376468 0.227590 -0.112207
v 0.384219 0.241853 -0.117065
v 0.377406 0.247588 -0.111847
v 0.382874 0.248953 -0.113528
v 0.371600 0.230612 -0.117834
v 0.376260 0.251563 -0.113224
v 0.374561 0.285175 -0.114225
v 0.371438 0.249358 -0.114339
v 0.376946 0.229394 -0.118088
v 0.371561 0.284259 -0.115532
v 0.383244 0.284532 -0.114057
v 0.384791 0.277631 -0.119291
v 0.378293 0.230890 -0.121078
v 0.383879 0.284823 -0.132231
v 0.385052 0.282786 -0.130707
v 0.372804 0.284063 -0.132664
v 0.376505 0.232149 -0.123307
v 0.372417 0.239313 -0.128823
v 0.383347 0.236627 -0.126400
v 0.383718 0.243496 -0.130681
v 0.377703 0.235957 -0.127630
v 0.372639 0.249532 -0.132426
v 0.377068 0.240885 -0.130813
v 0.376866 0.248793 -0.133202
v 0.383822 0.254098 -0.132377
v 0.375560 0.285329 -0.133215
v 0.382422 0.229818 -0.140848
v 0.374928 0.320971 -0.141595
v 0.372827 0.231408 -0.142207
v 0.385743 0.320624 -0.141575
v 0.385132 0.232959 -0.142178
v 0.373694 0.319676 -0.143007
v 0.386391 0.280689 -0.145250
v 0.387481 0.312351 -0.151227
v 0.372653 0.275738 -0.148072
v 0.376060 0.230125 -0.160495
v 0.387038 0.274162 -0.152933
v 0.386868 0.319805 -0.158853
v 0.384025 0.321049 -0.160061
v 0.372879 0.240904 -0.155568
v 0.374466 0.318563 -0.159082
v 0.386602 0.242539 -0.154527
v 0.385844 0.231194 -0.158762
v 0.374039 0.232029 -0.159896
v 0.374057 0.265510 -0.158988
v 0.377074 0.321241 -0.160223
v 0.384266 0.230273 -0.159829
v 0.375772 0.230237 -0.171350
v 0.377594 0.321274 -0.171299
v 0.387097 0.320373 -0.170537
v 0.384802 0.229935 -0.170770
v 0.375541 0.319551 -0.172539
v 0.386838 0.232229 -0.171738
v 0.374220 0.236858 -0.174565
v 0.388889 0.312274 -0.176152
v 0.388380 0.264767 -0.176256
v 0.375095 0.296000 -0.183703
v 0.388681 0.249807 -0.185363
v 0.388949 0.319992 -0.188794
v 0.377480 0.230085 -0.190710
v 0.387888 0.232004 -0.188806
v 0.375368 0.234172 -0.188924
v 0.385936 0.230054 -0.190177
v 0.376863 0.319846 -0.189602
v 0.382407 0.321315 -0.190794
vn 0.6687 -0.4714 0.5750
vn 0.4950 -0.6323 -0.5959
vn 0.0380 -0.7215 0.6914
vn -0.2378 -0.7167 -0.6555
vn -0.6685 -0.5296 0.5222
vn 0.9303 -0.2412 -0.2765
vn 0.9820 -0.1075 0.1556
vn -0.7724 -0.3370 -0.5384
vn -0.9895 -0.0932 0.1109
vn -0.9941 -0.0045 -0.1087
vn -0.4114 -0.5140 -0.7527
vn 0.9496 -0.0110 0.3134
vn 0.9989 -0.0140 0.0443
vn -0.9863 0.0153 0.1640
vn 0.8634 -0.3890 -0.3212
vn 0.5445 -0.5666 -0.6184
vn -0.3469 0.1430 -0.9269
vn -0.9754 0.0153 -0.2200
vn 0.0049 0.6694 0.7429
vn -0.7324 0.4577 0.5041
vn -0.9988 0.0195 -0.0443
vn 0.6767 0.4522 0.5810
vn 0.9979 -0.0090 0.0643
vn 0.5784 -0.1363 0.8043
vn -0.0453 -0.8216 0.5682
vn 0.6724 -0.4141 0.6135
vn 0.8779 0.1851 -0.4416
vn 0.7566 0.1201 0.6427
vn 0.7501 0.0665 0.6580
vn -0.8477 -0.2694 -0.4570
vn -0.8250 -0.1948 0.5304
vn -0.8314 -0.2752 0.4828
vn -0.7596 0.0797 0.6455
vn 0.3910 -0.2891 -0.8738
vn 0.5130 0.2810 0.8111
vn -0.6768 0.3716 0.6355
vn 0.4130 -0.3490 0.8412
vn 0.4467 -0.3870 0.8067
vn -0.2545 -0.2270 -0.9400
vn -0.6230 -0.3994 0.6726
vn -0.8631 0.3595 0.3547
vn 0.7057 -0.6003 0.3763
vn -0.1249 -0.8784 0.4613
vn -0.0139 -0.5194 0.8544
vn -0.6511 -0.4168 0.6344
vn -0.8217 -0.5112 0.2521
vn -0.9903 -0.0548 0.1275
vn -0.6984 -0.2536 -0.6693
vn -0.1940 -0.6033 -0.7736
vn -0.0765 -0.5127 0.8552
vn 0.0129 -0.6065 0.7950
vn 0.9672 -0.0754 0.2427
vn 0.9983 -0.0360 0.0458
vn 0.9645 0.0226 0.2631
vn 0.8523 0.1505 -0.5010
vn 0.9996 -0.0275 -0.0109
vn -0.9648 0.1252 -0.2312
vn -0.2687 0.4668 -0.8426
vn -0.9965 -0.0013 -0.0832
vn -0.9991 0.0263 0.0331
vn -0.8644 -0.1321 -0.4852
vn 0.9900 0.0642 0.1258
vn 0.2859 0.5502 -0.7845
vn 0.6546 0.4288 -0.6226
vn -0.2301 0.5560 -0.7987
vn 0.8276 -0.2515 -0.5018
vn 0.6494 -0.6192 -0.4415
vn 0.9931 -0.1130 -0.0322
vn -0.0126 -0.8441 -0.5361
vn -0.6805 -0.5664 -0.4649
vn -0.9804 -0.0647 -0.1863
vn -0.1336 -0.6433 -0.7539
vn 0.9907 0.0742 0.1144
vn 0.9988 -0.0463 -0.0144
vn 0.8913 0.3420 -0.2975
vn 0.7103 0.2798 0.6459
vn 0.5456 0.8275 0.1326
vn -0.4602 0.4362 -0.7733
vn -0.4965 0.8641 0.0824
vn 0.1030 0.3879 -0.9159
vn -0.9976 0.0029 -0.0686
vn 0.6836 0.7257 0.0773
vn -0.5415 0.8406 0.0103
vn -0.9793 0.1881 -0.0755
vn 0.9978 0.0241 0.0623
vn 0.9735 -0.1779 0.1435
vn 0.2609 0.9578 -0.1204
vn -0.6001 0.7772 -0.1892
vn 0.7717 0.4370 0.4620
vn 0.1030 0.8374 0.5367
vn -0.0380 0.2187 0.9751
vn -0.9892 0.1459 0.0103
vn 0.2477 0.8586 0.4489
vn -0.6582 0.5070 0.5565
vn -0.5372 0.3235 0.7790
vn 0.7499 -0.3979 -0.5286
vn 0.9974 -0.0434 -0.0567
vn 0.6863 -0.3788 0.6209
vn -0.9141 0.0516 0.4021
vn 0.6778 0.1527 0.7192
vn 0.5946 -0.3878 0.7044
vn -0.0829 -0.3575 0.9302
vn 0.9968 0.0424 -0.0684
vn -0.8880 -0.3770 0.2635
vn 0.6531 -0.6651 0.3621
vn -0.2277 -0.9458 0.2313
vn -0.0118 -0.7278 0.6856
vn 0.8409 0.5370 -0.0673
vn -0.7391 0.5639 -0.3685
vn -0.7684 0.3943 -0.5040
vn 0.5689 0.7397 -0.3593
vn -0.0776 0.8361 -0.5430
vn 0.8708 0.3701 -0.3236
vn 0.2266 0.6584 -0.7177
vn 0.6084 -0.4331 -0.6650
vn -0.1774 0.4889 -0.8541
vn 0.6130 -0.1164 0.7814
vn -0.0015 -0.3734 0.9277
vn -0.4776 -0.0772 0.8752
vn -0.0730 -0.5953 0.8002
vn 0.6398 -0.6287 0.4419
vn -0.0525 -0.8286 0.5573
vn 0.7127 -0.3548 0.6051
vn 0.9662 -0.1890 0.1754
vn -0.7812 -0.4800 0.3992
vn 0.9220 0.0771 0.3795
vn -0.7608 -0.2109 0.6137
vn -0.9971 -0.0212 0.0725
vn -0.9891 -0.1407 -0.0431
vn -0.9773 0.0782 -0.1970
vn 0.6336 0.0086 0.7736
vn -0.3142 0.0912 0.9450
vn -0.8093 0.1853 0.5574
vn 0.4118 0.2587 0.8738
vn -0.2681 0.3890 0.8813
vn 0.9438 -0.0833 0.3198
vn 0.9994 -0.0229 -0.0265
vn 0.9858 -0.1192 -0.1186
vn -0.9897 -0.0252 -0.1406
vn 0.6808 0.4064 0.6093
vn 0.9981 -0.0534 0.0308
vn -0.8286 0.3182 0.4606
vn -0.9951 0.0146 -0.0979
vn 0.5797 -0.8020 0.1437
vn -0.0224 -0.9355 0.3525
vn 0.9840 -0.1704 0.0514
vn -0.6280 -0.7684 0.1235
vn 0.8908 0.4038 -0.2083
vn 0.6878 0.4501 -0.5696
vn 0.6129 0.7901 -0.0126
vn -0.3387 0.9087 -0.2439
vn -0.9124 0.3975 -0.0973
vn -0.4844 0.6381 -0.5986
vn 0.6243 -0.7749 -0.0986
vn -0.6693 -0.7291 -0.1429
vn -0.0004 -0.9467 -0.3222
vn 0.9968 0.0258 0.0755
vn -0.1138 0.9622 0.2475
vn 0.3472 0.8405 0.4160
vn 0.9657 0.2385 0.1027
vn -0.0726 0.9424 0.3267
vn -0.6112 0.6664 0.4270
vn -0.9943 0.0971 -0.0446
vn 0.5624 -0.5383 -0.6277
vn -0.8219 -0.3236 -0.4687
vn -0.8877 -0.3272 -0.3240
vn -0.9978 -0.0326 -0.0585
vn 0.8976 0.2363 -0.3722
vn 0.7956 -0.3677 -0.4814
vn 0.9955 -0.0333 0.0887
vn 0.0441 -0.8060 -0.5902
vn -0.6229 -0.2483 -0.7419
vn -0.1704 0.7590 -0.6284
vn -0.9357 0.2355 -0.2627
vn 0.7872 -0.6157 0.0356
vn 0.2619 -0.6816 -0.6833
vn -0.1258 0.9292 0.3475
vn 0.8028 0.2302 0.5501
vn 0.8310 -0.2212 0.5103
vn 0.0901 -0.2768 0.9567
vn -0.0016 -0.8587 0.5124
vn 0.1705 -0.1488 0.9741
vn -0.9365 0.2581 0.2373
vn 0.1243 -0.5267 -0.8409
vn 0.4095 -0.2658 -0.8727
vn -0.3332 -0.2216 -0.9164
vn -0.6195 -0.3547 -0.7003
vn 0.8578 -0.0549 -0.5110
vn 0.3926 0.0326 -0.9191
vn -0.8400 -0.0309 -0.5417
vn -0.5171 0.1211 -0.8473
vn -0.1215 0.6001 0.7906
vn 0.9815 0.1542 0.1135
vn 0.2052 0.7842 0.5856
vn 0.7157 0.6096 0.3408
vn -0.2443 0.8310 0.4998
vn -0.7503 0.5249 0.4018
vn -0.9957 0.0867 -0.0330
vn -0.7951 0.5999 0.0888
vn 0.6446 0.3088 -0.6994
vn -0.3702 0.3858 -0.8451
vn 0.5309 -0.8432 -0.0843
vn -0.8355 -0.4849 -0.2583
vn -0.0501 -0.9978 0.0433
vn 0.1965 0.9484 0.2487
vn 0.6818 0.7314 0.0112
vn -0.5314 0.8411 -0.1010
vn -0.2448 0.9336 0.2618
vn 0.7637 -0.6024 0.2322
vn 0.9931 0.1059 -0.0511
vn -0.8894 -0.4042 0.2134
vn 0.7290 0.5953 -0.3379
vn 0.4316 0.8692 -0.2413
vn -0.5577 0.7555 -0.3439
vn -0.9707 0.1924 -0.1437
vn 0.7463 -0.5638 -0.3538
vn 0.0287 -0.7803 -0.6248
vn 0.9904 -0.0149 -0.1374
vn -0.7022 -0.5753 -0.4195
vn -0.9796 0.0383 -0.1974
vn 0.6385 -0.1798 -0.7483
vn 0.0750 -0.5569 -0.8272
vn 0.6394 0.5542 -0.5329
vn -0.7052 -0.0305 -0.7084
vn 0.5661 0.8212 0.0713
vn -0.2088 0.9777 0.0213
vn 0.6029 0.7440 -0.2879
vn -0.5159 0.7539 -0.4068
vn 0.8054 -0.4577 -0.3766
vn -0.8192 0.5729 0.0276
vn -0.3790 -0.6347 -0.6734
vn 0.2596 0.9555 -0.1402
vn 0.0057 0.9771 -0.2125
vn -0.3343 0.6101 -0.7184
vn 0.2711 0.0746 -0.9596
vn -0.5863 0.1380 -0.7983
vn 0.6795 -0.5121 0.5254
vn -0.0550 -0.7814 0.6217
vn 0.0168 -0.5049 0.8630
vn 0.6802 -0.1746 0.7120
vn 0.9535 -0.1191 0.2768
vn -0.8163 -0.4775 0.3251
vn -0.7922 -0.2960 0.5337
vn 0.8031 -0.5672 0.1825
vn 0.1133 -0.9569 0.2673
vn 0.9973 -0.0299 0.0664
vn -0.6354 -0.7663 0.0950
vn -0.9989 -0.0019 -0.0468
vn -0.0913 -0.2355 0.9676
vn 0.0773 -0.0739 0.9943
vn 0.9583 0.1020 0.2670
vn 0.6517 0.0534 0.7566
vn -0.4178 0.0312 0.9080
vn -0.7581 -0.0926 0.6455
vn -0.9865 0.1201 0.1114
vn -0.7709 0.2171 0.5988
vn 0.9996 -0.0218 -0.0157
vn 0.6188 0.7711 -0.1499
vn -0.9730 -0.0350 -0.2280
vn -0.8810 0.1042 -0.4615
vn 0.9984 -0.0257 -0.0498
vn 0.7085 0.1895 -0.6798
vn 0.7407 0.3622 -0.5658
vn -0.0308 0.3784 -0.9251
vn -0.9624 0.0960 -0.2541
vn -0.6247 0.4911 -0.6071
vn 0.0499 0.8036 -0.5931
vn 0.1605 0.6361 -0.7547
vn -0.0248 0.2376 0.9711
vn 0.5638 0.3469 0.7495
vn -0.2740 0.4543 0.8477
vn 0.6909 0.1705 -0.7025
vn 0.7232 -0.4186 -0.5494
vn -0.5759 -0.3587 -0.7346
vn -0.9947 -0.0303 -0.0978
vn -0.0002 0.6172 0.7868
vn 0.6521 0.5198 0.5519
vn 0.0534 0.8441 0.5335
vn -0.6564 0.5679 0.4966
vn -0.6481 0.6978 0.3051
vn 0.9825 0.1521 0.1072
vn 0.6590 0.6481 0.3818
vn 0.0513 0.9630 0.2647
vn -0.9599 0.2803 0.0062
vn 0.6642 -0.7373 -0.1233
vn 0.9944 -0.0293 0.1014
vn -0.6743 -0.7122 -0.1952
vn -0.9993 -0.0208 -0.0299
vn -0.8404 0.5034 -0.2009
vn -0.7300 0.6794 0.0736
vn -0.0253 -0.9124 -0.4085
vn 0.4889 -0.6380 0.5949
vn 0.7184 0.6081 0.3379
vn -0.9161 -0.3735 0.1462
vn -0.8414 0.3851 0.3791
vn -0.2687 0.6022 -0.7518
vn -0.0133 0.9206 -0.3903
vn -0.2368 0.7045 -0.6690
vn 0.0245 0.9955 0.0916
vn 0.1186 -0.3014 -0.9461
vn -0.2796 0.1845 -0.9422
vn -0.1309 0.9909 -0.0297
vn -0.1067 0.8771 0.4684
vn 0.7265 0.2250 0.6493
vn -0.1361 0.5747 0.8070
vn 0.1845 0.1535 0.9708
vn 0.5574 -0.6649 0.4972
vn 0.9967 -0.0751 -0.0315
vn -0.6376 -0.5890 0.4966
vn 0.9879 -0.0029 0.1553
vn 0.3685 -0.6848 -0.6287
vn -0.9763 -0.0640 -0.2067
vn 0.8742 -0.3362 -0.3504
vn -0.5752 -0.5479 -0.6074
vn -0.9897 0.0139 -0.1423
vn 0.9836 -0.0760 0.1635
vn 0.4493 -0.1154 0.8859
vn -0.2854 -0.0754 0.9554
vn -0.6906 0.1149 0.7141
vn -0.9005 -0.1576 0.4053
vn 0.9982 -0.0075 0.0598
vn 0.9277 0.2570 -0.2708
vn -0.0042 0.7209 -0.6930
vn -0.9167 -0.0027 -0.3996
vn 0.8354 -0.5265 -0.1577
vn 0.1850 -0.7168 -0.6723
vn -0.0046 -0.9476 -0.3194
vn -0.7798 -0.5509 -0.2974
vn 0.6585 -0.6837 0.3144
vn -0.0228 -0.9509 0.3086
vn 0.8017 -0.5429 0.2500
vn 0.7359 -0.4437 0.5115
vn -0.1061 -0.6075 0.7872
vn -0.7296 -0.6702 0.1358
vn -0.9998 -0.0011 -0.0196
vn 0.6611 0.7491 0.0429
vn -0.5660 0.8232 -0.0451
vn 0.3148 0.8936 -0.3200
vn -0.8010 0.5262 -0.2853
vn 0.9788 0.1865 -0.0845
vn 0.7429 0.6011 -0.2947
vn -0.1365 0.8933 -0.4282
vn 0.6727 0.6296 0.3887
vn -0.5219 0.7616 0.3841
vn 0.8553 0.1000 0.5084
vn 0.9256 0.2304 0.3002
vn -0.9736 0.2265 0.0297
vn 0.9997 -0.0048 -0.0257
vn 0.3704 0.6543 0.6593
vn -0.6878 0.5397 0.4854
vn -0.6805 0.4853 -0.5490
vn 0.5526 0.6035 -0.5748
vn 0.5936 -0.7099 0.3790
vn -0.6459 -0.7119 0.2759
vn 0.3705 -0.7573 0.5378
vn -0.7654 -0.5246 0.3727
vn 0.6672 -0.7062 0.2370
vn 0.5994 -0.7857 0.1529
vn 0.9319 -0.3596 0.0485
vn 0.9680 -0.2013 0.1498
vn -0.6429 -0.7454 0.1765
vn -0.6165 -0.7779 0.1215
vn -0.9793 -0.1856 0.0809
vn -0.6476 -0.7619 0.0070
vn -0.9349 -0.3498 -0.0592
vn 0.5577 -0.8269 -0.0724
vn -0.5788 -0.7999 -0.1587
vn 0.7210 -0.5731 0.3894
vn 0.4560 -0.5577 0.6936
vn 0.3303 -0.1817 0.9262
vn 0.6620 -0.7317 -0.1627
vn 0.9524 0.0560 0.2995
vn 0.7398 -0.6152 0.2723
vn 0.6872 -0.4889 0.5374
vn 0.4145 -0.9088 0.0476
vn 0.4687 -0.0977 0.8779
vn 0.0495 -0.9337 0.3545
vn 0.7368 0.5243 0.4269
vn -0.4995 -0.1376 0.8553
vn 0.4862 -0.8724 0.0492
vn -0.3596 -0.9329 0.0186
vn -0.0175 0.5919 0.8058
vn 0.4767 0.6350 0.6079
vn 0.9177 0.2564 0.3034
vn 0.9972 -0.0465 -0.0586
vn 0.5366 -0.8380 -0.0993
vn 0.6845 -0.6043 -0.4078
vn 0.9580 0.2413 0.1549
vn 0.8120 -0.4264 -0.3987
vn 0.5307 -0.7959 -0.2914
vn 0.4673 -0.8136 -0.3459
vn -0.4230 -0.9052 -0.0411
vn -0.3840 -0.7478 -0.5416
vn 0.5826 0.5918 0.5571
vn 0.9253 0.2264 0.3043
vn 0.6720 0.1929 0.7150
vn 0.4420 0.7592 0.4777
vn 0.6993 0.7092 -0.0893
vn 0.3080 0.7363 0.6025
vn 0.3437 0.6441 0.6834
vn 0.4279 0.6884 0.5856
vn -0.1758 0.7227 0.6684
vn 0.3114 0.9500 -0.0236
vn 0.7803 0.3229 -0.5357
vn 0.8540 0.5201 -0.0142
vn 0.4659 0.8254 -0.3189
vn 0.4996 0.8646 -0.0536
vn 0.6935 0.3028 0.6537
vn 0.4793 0.4307 0.7647
vn 0.6570 0.6616 0.3615
vn -0.6711 0.7032 0.2347
vn -0.2327 0.5089 0.8288
vn -0.5693 -0.4753 0.6708
vn -0.3645 -0.9303 0.0407
vn -0.5249 -0.4358 0.7311
vn -0.4268 -0.9010 -0.0771
vn -0.6802 -0.6957 -0.2310
vn -0.8115 -0.5543 0.1847
vn -0.9396 -0.3132 0.1376
vn -0.7670 -0.4478 0.4596
vn -0.9778 0.1590 0.1361
vn -0.3372 0.7095 0.6188
vn -0.7597 0.5584 0.3331
vn -0.4857 -0.7502 -0.4486
vn -0.5977 -0.6448 -0.4763
vn -0.9637 0.2289 0.1376
vn -0.9534 0.2960 0.0592
vn -0.9813 -0.0584 -0.1833
vn -0.9320 0.3593 0.0469
vn -0.2824 0.6804 0.6763
vn -0.7581 0.5853 0.2874
vn -0.7882 0.2563 0.5595
vn -0.4225 0.5943 0.6844
vn -0.6884 0.7186 0.0981
vn -0.7231 0.3847 -0.5738
vn -0.5459 0.8259 -0.1411
vn -0.7934 0.2552 0.5526
vn -0.3516 0.9335 -0.0704
vn -0.4650 0.8686 -0.1713
vn -0.5618 0.4539 0.6916
vn 0.4263 -0.7941 -0.4332
vn 0.5708 -0.7397 -0.3563
vn 0.7846 -0.6020 -0.1483
vn -0.1520 -0.8690 -0.4708
vn 0.4216 -0.8356 -0.3521
vn 0.5796 -0.7737 -0.2558
vn -0.3988 -0.8479 -0.3493
vn 0.7026 -0.5953 -0.3899
vn 0.9995 0.0248 0.0210
vn 0.6752 -0.6334 -0.3780
vn 0.4305 -0.8772 -0.2126
vn 0.6578 -0.7208 -0.2184
vn 0.9975 0.0562 0.0439
vn -0.1840 -0.8578 -0.4800
vn 0.9835 -0.0055 0.1808
vn 0.9982 -0.0583 -0.0109
vn 0.5092 0.3911 0.7667
vn 0.9035 0.3284 0.2753
vn 0.1844 0.5067 0.8421
vn 0.7286 -0.6718 -0.1338
vn 0.8780 -0.4778 -0.0283
vn 0.7127 -0.6931 -0.1082
vn 0.9920 -0.0803 0.0978
vn -0.4452 -0.7604 -0.4729
vn -0.5725 -0.5212 -0.6329
vn -0.5336 -0.7949 -0.2888
vn -0.8490 -0.5179 0.1044
vn -0.6353 -0.6715 -0.3814
vn -0.7887 -0.5690 -0.2328
vn -0.8666 -0.4180 -0.2725
vn -0.6897 -0.5550 -0.4650
vn -0.4700 -0.7875 -0.3986
vn -0.9154 -0.3664 -0.1666
vn -0.6964 0.2686 0.6655
vn -0.5967 -0.6562 -0.4619
vn -0.9927 -0.0224 -0.1184
vn -0.8755 0.4546 0.1638
vn -0.7341 -0.6392 -0.2292
vn -0.4876 -0.8719 -0.0455
vn -0.9944 -0.0857 -0.0622
vn -0.9795 0.1256 0.1575
vn 0.5017 0.8269 0.2540
vn -0.3479 0.8248 0.4456
vn 0.2814 0.8554 0.4350
vn -0.4633 0.8604 0.2124
vn -0.3921 0.8574 0.3335
vn 0.4349 -0.6096 0.6628
vn 0.5492 -0.7998 0.2423
vn -0.4646 -0.7721 0.4336
vn -0.4569 -0.8838 0.1006
vn 0.5828 -0.6066 0.5407
vn 0.5153 -0.7377 0.4362
vn 0.5964 -0.8025 0.0195
vn 0.5798 -0.8045 0.1290
vn 0.9870 -0.0984 0.1274
vn 0.6813 -0.5524 0.4803
vn -0.5763 -0.4341 0.6925
vn -0.6523 -0.7562 0.0515
vn -0.6820 -0.5262 0.5080
vn -0.6518 -0.6351 0.4145
vn -0.7952 -0.6060 0.0228
vn 0.8738 0.4862 -0.0104
vn 0.7556 0.4598 0.4665
vn 0.4904 0.5280 0.6934
vn 0.6059 0.4130 0.6800
vn 0.3448 -0.1743 0.9223
vn 0.4912 -0.1462 0.8587
vn 0.5675 -0.0002 0.8234
vn 0.9642 0.0426 0.2617
vn -0.7461 0.4914 0.4492
vn -0.5894 0.5033 0.6319
vn -0.4310 0.8906 0.1450
vn -0.7614 -0.5662 0.3158
vn -0.4503 0.1350 0.8826
vn -0.7272 0.0049 0.6864
vn -0.9970 0.0367 0.0682
vn 0.5031 -0.6258 0.5961
vn 0.9714 -0.0890 0.2200
vn 0.6434 -0.4467 0.6217
vn -0.6327 -0.6305 0.4497
vn -0.8515 -0.1337 0.5070
vn -0.9883 0.1357 -0.0695
vn -0.9441 0.2883 0.1600
vn -0.9888 0.1492 -0.0017
vn 0.9021 -0.4261 -0.0674
vn 0.3742 -0.9220 0.0998
vn 0.5255 -0.8507 -0.0150
vn 0.8156 -0.5699 -0.1001
vn 0.4123 -0.8403 -0.3520
vn -0.4163 -0.9085 -0.0357
vn 0.5607 -0.5894 -0.5815
vn 0.9583 -0.2501 -0.1381
vn 0.5474 -0.6813 -0.4859
vn 0.6555 -0.4840 -0.5797
vn 0.4642 -0.5297 -0.7098
vn -0.3936 -0.6392 -0.6606
vn 0.6166 -0.7820 -0.0908
vn 0.9971 -0.0752 0.0122
vn 0.8876 -0.2620 -0.3788
vn 0.7455 -0.5147 -0.4234
vn 0.9026 -0.3766 -0.2086
vn -0.4607 -0.8232 -0.3318
vn -0.7031 -0.7078 -0.0680
vn -0.9179 -0.3356 -0.2119
vn -0.5927 -0.7628 -0.2586
vn -0.9618 -0.2159 -0.1685
vn -0.4430 -0.7393 -0.5072
vn -0.8793 -0.3855 -0.2795
vn -0.3798 -0.4641 -0.8002
vn -0.6003 -0.4498 -0.6613
vn -0.5885 -0.5101 -0.6273
vn -0.6016 -0.7749 -0.1938
vn -0.7579 -0.4684 -0.4541
vn -0.8675 -0.3875 -0.3119
vn -0.8542 -0.1353 -0.5020
vn 0.9867 0.0878 0.1369
vn 0.9835 -0.1265 -0.1292
vn -0.9407 -0.0302 -0.3379
vn 0.5292 -0.7586 -0.3800
vn 0.6217 -0.6719 -0.4024
vn -0.5027 -0.6896 -0.5213
vn 0.5296 -0.8274 0.1871
vn 0.4558 -0.8780 0.1460
vn -0.0362 -0.9962 0.0788
vn 0.6292 -0.6455 0.4329
vn 0.3709 0.0670 0.9263
vn 0.7226 0.5309 0.4426
vn 0.5223 0.0460 0.8515
vn 0.3317 -0.6183 0.7125
vn 0.5601 -0.6196 0.5498
vn -0.6850 -0.5468 0.4815
vn 0.6405 -0.5982 0.4815
vn -0.5966 -0.2366 0.7668
vn 0.3554 0.0771 0.9315
vn 0.4092 0.7028 0.5819
vn -0.2137 0.6223 0.7531
vn 0.8284 0.1805 0.5303
vn 0.2055 -0.8872 0.4132
vn -0.4590 -0.7334 -0.5014
vn -0.4846 -0.8706 0.0846
vn -0.7327 -0.6580 0.1739
vn -0.6630 -0.6177 0.4230
vn -0.5427 0.6565 0.5239
vn -0.5838 -0.0111 0.8119
vn -0.7309 -0.5893 0.3442
vn -0.6853 0.4148 0.5986
vn -0.3336 -0.9019 0.2744
vn -0.6596 0.3751 0.6513
vn 0.9282 -0.3339 0.1644
vn 0.9890 -0.1417 0.0436
vn 0.9851 -0.0792 0.1530
vn 0.9861 -0.0489 0.1586
vn 0.9897 -0.1432 0.0051
vn 0.7630 -0.5388 -0.3572
vn 0.9968 0.0035 0.0794
vn 0.9843 -0.1300 0.1193
vn -0.9734 -0.2035 0.1052
vn -0.9917 -0.0841 -0.0971
vn -0.9949 0.0975 -0.0258
vn -0.9986 -0.0417 -0.0337
vn -0.9131 -0.2774 -0.2989
vn 0.4909 -0.3799 0.7840
vn 0.9714 -0.1123 0.2093
vn 0.4078 -0.2920 0.8652
vn 0.5806 -0.2798 0.7646
vn 0.6351 0.0050 0.7724
vn 0.6997 -0.2027 -0.6850
vn 0.7251 0.2931 -0.6231
vn 0.5030 0.1232 0.8554
vn 0.1861 0.2043 0.9611
vn -0.4094 -0.0316 0.9118
vn 0.7388 0.6315 -0.2353
vn 0.5174 0.8318 0.2008
vn 0.5383 0.8236 0.1787
vn 0.2618 0.8775 -0.4017
vn 0.4304 0.1704 -0.8864
vn -0.1941 0.4567 -0.8682
vn 0.1344 0.6970 -0.7043
vn 0.2372 0.1421 -0.9610
vn -0.6756 -0.2215 0.7032
vn -0.8257 -0.2157 0.5213
vn -0.4774 0.0494 0.8773
vn -0.5773 0.2472 0.7782
vn -0.9787 0.1046 -0.1769
vn -0.9975 0.0550 0.0447
vn -0.4919 -0.1122 -0.8634
vn -0.3508 0.2746 -0.8953
vn -0.2547 0.9367 -0.2401
vn -0.4874 0.7688 -0.4139
vn -0.6871 0.7259 0.0317
vn -0.3309 -0.3124 -0.8904
vn 0.9026 0.2981 0.3104
vn 0.4534 0.4170 0.7877
vn 0.5481 0.4421 0.7100
vn 0.9900 -0.1317 -0.0503
vn 0.3033 0.3192 0.8978
vn 0.5407 0.5753 0.6138
vn -0.5196 0.4811 0.7061
vn 0.4399 -0.1942 -0.8768
vn 0.3527 -0.4993 -0.7914
vn -0.1261 -0.6102 -0.7821
vn 0.3629 -0.6023 -0.7110
vn 0.6810 -0.3056 -0.6655
vn 0.5017 -0.3387 -0.7960
vn -0.7095 0.4866 0.5098
vn -0.4684 -0.5275 -0.7088
vn -0.5733 0.6195 0.5363
vn -0.5188 -0.4305 -0.7386
vn -0.3591 -0.3048 -0.8821
vn -0.9942 0.0102 -0.1069
vn -0.7582 -0.2899 -0.5840
vn 0.9739 0.1218 0.1916
vn 0.6614 0.6219 0.4193
vn 0.4578 0.7085 0.5371
vn 0.4591 0.8300 0.3167
vn 0.3389 0.7275 0.5965
vn 0.6452 0.6419 0.4144
vn 0.5060 0.7134 0.4848
vn 0.3610 0.8015 0.4768
vn -0.6050 0.7318 0.3137
vn -0.5129 0.7135 0.4773
vn -0.5384 0.7348 0.4125
vn -0.7413 0.6249 0.2448
vn -0.4162 0.7420 0.5256
vn -0.5740 0.7142 0.4006
vn 0.3528 -0.5928 -0.7239
vn 0.7061 0.2201 0.6730
vn -0.8604 -0.0958 0.5006
vn 0.3818 -0.7890 0.4813
vn 0.5569 -0.6713 0.4891
vn 0.7621 -0.4852 0.4286
vn 0.6003 -0.3074 0.7383
vn 0.7950 -0.0088 0.6065
vn 0.4760 -0.3116 0.8224
vn 0.3335 -0.8901 0.3108
vn 0.7898 -0.3285 0.5179
vn -0.5775 -0.6510 0.4926
vn -0.6570 -0.6729 0.3400
vn -0.7620 -0.1396 0.6323
vn -0.7631 -0.5981 0.2450
vn -0.4525 -0.1151 0.8843
vn -0.6422 -0.2221 0.7336
vn -0.6061 -0.3845 0.6963
vn 0.0458 0.6326 0.7731
vn 0.6851 0.6906 0.2317
vn 0.1755 0.9525 -0.2489
vn -0.3253 0.9255 0.1941
vn 0.1342 0.8652 -0.4832
vn 0.9764 0.0667 -0.2054
vn 0.7332 0.6261 -0.2651
vn 0.7018 0.6427 -0.3073
vn -0.8200 0.3599 0.4451
vn -0.1102 0.8825 -0.4572
vn -0.4397 0.8858 -0.1483
vn -0.6264 0.6063 -0.4899
vn 0.1622 0.9014 -0.4015
vn -0.2945 0.8869 -0.3559
vn 0.6618 -0.1541 0.7336
vn 0.6052 0.3112 -0.7327
vn 0.4165 0.5357 -0.7345
vn 0.4106 0.0898 -0.9074
vn 0.1139 0.9056 -0.4085
vn -0.2319 0.6125 -0.7557
vn -0.2597 0.4680 0.8447
vn -0.9457 -0.2579 0.1979
vn -0.3339 0.3647 -0.8692
vn -0.4138 0.1322 -0.9007
vn -0.9372 0.0946 -0.3358
vn 0.9293 0.3485 0.1222
vn 0.9923 0.0715 0.1009
vn 0.9013 0.3878 0.1932
vn 0.5278 0.8251 0.2017
vn 0.4906 0.8567 0.1593
vn 0.3656 0.9072 0.2079
vn -0.3478 0.9058 0.2420
vn 0.3665 0.8534 0.3707
vn 0.5846 0.7493 0.3111
vn -0.3454 0.8856 0.3103
vn 0.4760 0.7271 0.4947
vn -0.9480 0.3101 0.0714
vn -0.7065 0.7060 0.0489
vn -0.7014 0.6874 0.1884
vn -0.5566 0.7911 0.2539
vn -0.3803 0.8338 0.4001
vn 0.9559 0.2409 0.1679
vn 0.9922 0.0676 0.1047
vn -0.9627 0.2652 0.0541
vn -0.9961 0.0867 -0.0167
vn 0.6270 0.6937 0.3546
vn 0.4696 0.8233 0.3188
vn 0.4465 0.8076 0.3852
vn 0.8967 0.3845 0.2192
vn 0.5261 0.7691 0.3628
vn 0.5542 0.7560 0.3482
vn 0.5456 0.7314 0.4091
vn 0.3373 0.7955 0.5034
vn -0.5866 0.7602 0.2793
vn -0.6719 0.6934 0.2604
vn -0.9292 0.3543 0.1050
vn -0.5655 0.7684 0.2995
vn -0.6186 0.7225 0.3087
vn -0.6017 0.7438 0.2912
vn -0.5842 0.7442 0.3238
vn -0.6806 0.6690 0.2988
vn -0.4745 0.8113 0.3415
vn -0.4323 -0.8633 0.2603
vn -0.4762 -0.5865 0.6551
vn 0.5281 -0.7771 0.3424
vn 0.5572 -0.7598 0.3350
vn 0.5929 -0.5860 0.5523
vn 0.2555 -0.8074 0.5319
vn 0.4630 -0.6724 0.5775
vn 0.6266 -0.7790 -0.0236
vn 0.5154 -0.8273 -0.2233
vn 0.9576 -0.2100 0.1975
vn 0.9454 -0.2540 0.2041
vn 0.9870 0.1532 -0.0488
vn 0.4521 -0.8574 -0.2459
vn 0.4811 -0.8598 -0.1709
vn 0.4314 -0.8589 -0.2761
vn 0.5704 0.7281 -0.3802
vn 0.6933 0.6046 0.3922
vn 0.7003 0.6550 -0.2839
vn 0.6189 0.5351 0.5750
vn 0.7078 -0.4910 -0.5079
vn 0.9937 -0.0248 0.1093
vn -0.7119 -0.6738 0.1977
vn -0.6034 -0.6580 0.4506
vn -0.4721 -0.5136 0.7165
vn -0.5633 -0.7758 -0.2844
vn -0.3824 -0.9225 0.0519
vn -0.8857 -0.4507 0.1111
vn -0.5574 -0.8122 0.1723
vn -0.9702 0.2129 -0.1154
vn -0.4814 -0.8463 -0.2282
vn -0.4540 -0.8306 -0.3223
vn -0.3376 -0.8843 -0.3225
vn -0.5955 0.6297 -0.4989
vn -0.4557 0.7392 -0.4959
vn -0.6955 0.6748 0.2470
vn -0.8306 0.5012 0.2427
vn -0.9560 -0.1998 -0.2146
vn 0.7264 0.6310 -0.2725
vn 0.7020 0.6884 -0.1823
vn 0.4146 0.4682 -0.7804
vn 0.6740 -0.7384 0.0232
vn 0.6010 -0.5270 0.6009
vn 0.5535 -0.8282 0.0883
vn 0.7678 -0.6348 0.0860
vn 0.9811 -0.1258 0.1472
vn 0.6935 -0.3094 0.6507
vn 0.4455 -0.0913 0.8906
vn 0.5318 -0.5288 0.6615
vn 0.9762 -0.1045 0.1899
vn -0.6788 0.6987 -0.2260
vn -0.9924 -0.1085 0.0589
vn -0.7067 0.5350 -0.4629
vn -0.3680 0.5534 -0.7472
vn -0.6735 -0.7316 -0.1062
vn -0.5400 -0.6871 -0.4862
vn -0.6635 -0.7464 0.0518
vn -0.8375 -0.5461 -0.0210
vn -0.6905 -0.5001 0.5227
vn -0.7196 -0.1266 0.6827
vn -0.6614 -0.3840 0.6442
vn -0.9946 -0.0939 0.0439
vn 0.3268 -0.8471 -0.4192
vn 0.7286 -0.0036 -0.6849
vn 0.8833 0.0386 -0.4672
vn 0.6782 -0.6447 -0.3528
vn 0.7040 -0.3997 -0.5870
vn 0.4705 -0.8388 -0.2739
vn -0.4937 -0.8142 -0.3056
vn 0.6565 -0.6983 0.2853
vn 0.5991 -0.4657 0.6512
vn 0.7114 -0.2631 0.6517
vn 0.5809 -0.5661 0.5849
vn 0.4310 -0.9001 0.0631
vn 0.7366 -0.5983 0.3152
vn 0.6721 -0.5732 0.4688
vn 0.5696 0.0998 0.8158
vn 0.9819 -0.0971 -0.1627
vn -0.6143 -0.7324 0.2937
vn -0.4589 -0.6591 -0.5958
vn -0.3005 -0.8673 -0.3970
vn -0.6206 -0.6444 -0.4468
vn -0.6360 -0.4334 -0.6385
vn -0.8127 0.0190 -0.5824
vn -0.6445 -0.0336 -0.7639
vn -0.7156 0.0868 -0.6931
vn -0.6751 -0.5183 0.5250
vn -0.8150 -0.3197 0.4833
vn -0.8130 -0.1981 0.5476
vn -0.9380 -0.1485 -0.3132
vn -0.5520 -0.7439 0.3768
vn -0.6225 -0.7538 0.2106
vn -0.5985 0.0147 0.8010
vn -0.9816 -0.1331 0.1372
vn 0.9882 0.0624 -0.1396
vn 0.7790 0.1824 -0.5999
vn 0.7410 0.3729 -0.5585
vn 0.7614 -0.1128 -0.6384
vn 0.8613 -0.4986 -0.0982
vn 0.7955 -0.3955 -0.4592
vn 0.4337 -0.0795 0.8975
vn 0.3441 -0.4655 0.8154
vn -0.8073 0.2752 0.5220
vn 0.9805 -0.0239 0.1949
vn 0.6212 -0.4780 0.6209
vn 0.5958 0.3038 0.7434
vn 0.5119 -0.4200 0.7494
vn 0.7034 0.2764 0.6548
vn 0.7015 0.2302 0.6745
vn 0.4946 0.2878 0.8201
vn -0.4513 0.4393 -0.7767
vn -0.9408 -0.0278 -0.3379
vn -0.7614 -0.5786 -0.2923
vn -0.7686 -0.0494 -0.6378
vn -0.9376 0.0795 -0.3386
vn -0.7651 -0.3144 -0.5619
vn -0.5600 -0.2843 0.7782
vn -0.7808 -0.1645 0.6028
vn -0.6078 -0.4017 0.6849
vn -0.9254 0.0536 0.3752
vn -0.8046 -0.5921 0.0451
vn -0.7044 0.3704 0.6055
vn -0.6810 0.3135 0.6618
vn -0.7981 0.3097 0.5169
vn -0.9929 0.0387 0.1125
vn 0.9992 -0.0393 0.0044
vn -0.9654 -0.2007 -0.1663
vn -0.9930 -0.1178 0.0004
vn -0.9946 -0.0114 -0.1035
vn -0.9983 0.0261 -0.0520
vn -0.9857 0.0263 -0.1667
vn 0.8542 0.0192 -0.5196
vn 0.9498 -0.2609 0.1727
vn 0.5918 -0.6274 0.5061
vn 0.9149 -0.2218 -0.3374
vn 0.9877 -0.0276 0.1542
vn 0.2876 0.0342 0.9571
vn 0.9326 -0.1615 0.3228
vn 0.9350 -0.0368 0.3527
vn 0.9920 -0.0547 0.1141
vn -0.7093 -0.5088 -0.4879
vn -0.8829 -0.1188 -0.4544
vn -0.5235 -0.8130 0.2547
vn -0.9747 -0.1331 0.1793
vn -0.9128 -0.2153 0.3472
vn -0.9280 0.1155 0.3542
vn -0.6786 -0.4332 0.5932
vn -0.5772 0.3799 0.7228
vn -0.9348 -0.1947 0.2970
vn -0.9996 -0.0111 -0.0241
vn -0.9993 -0.0090 0.0363
vn 0.9993 0.0118 -0.0355
vn 0.9955 -0.0682 0.0664
vn 0.9914 -0.0420 0.1240
vn 0.9850 -0.0019 0.1726
vn -0.9994 -0.0323 0.0088
vn -0.9999 0.0163 -0.0016
vn 0.9608 -0.1863 0.2052
vn 0.7253 -0.6882 0.0140
vn -0.9959 -0.0684 -0.0596
vn -0.8511 -0.5148 -0.1029
vn 0.6035 -0.7956 -0.0521
vn 0.9873 -0.1586 -0.0111
vn 0.6660 -0.7389 -0.1029
vn 0.9913 -0.0344 0.1274
vn 0.9369 0.2570 -0.2370
vn 0.7150 -0.6669 0.2098
vn 0.7659 0.3792 0.5192
vn 0.8371 0.3632 -0.4091
vn 0.7186 -0.6909 0.0790
vn -0.6165 -0.7365 -0.2782
vn 0.8751 -0.4730 0.1022
vn 0.9941 -0.1076 0.0105
vn 0.8059 -0.3571 0.4723
vn 0.9871 0.0095 -0.1597
vn 0.9303 0.3083 -0.1985
vn -0.7060 -0.6958 -0.1317
vn -0.6585 -0.7412 -0.1303
vn -0.9129 -0.1570 -0.3768
vn -0.9378 0.2526 -0.2380
vn -0.9873 -0.1412 -0.0729
vn -0.8602 0.4373 -0.2625
vn -0.8105 -0.5411 0.2245
vn -0.5915 -0.7778 -0.2126
vn -0.7284 -0.6848 -0.0215
vn -0.6609 -0.0636 0.7478
vn -0.9161 -0.3924 0.0824
vn -0.9821 0.0593 -0.1788
vn -0.9103 -0.4112 -0.0472
vn -0.9664 0.0465 -0.2527
vn 0.9952 -0.0785 0.0580
vn 0.9101 -0.3961 -0.1220
vn 0.8604 -0.5007 0.0949
vn 0.2794 -0.9138 0.2947
vn -0.6858 -0.6515 0.3244
vn 0.7721 -0.1792 -0.6097
vn 0.8752 0.2980 -0.3811
vn 0.9466 -0.3084 0.0939
vn 0.9672 -0.1894 0.1693
vn 0.8440 0.1891 -0.5020
vn 0.8831 -0.3315 0.3320
vn 0.9978 0.0344 -0.0559
vn 0.7271 -0.3673 -0.5800
vn 0.9138 0.0146 0.4059
vn 0.9053 0.2329 -0.3552
vn 0.9419 0.1599 -0.2954
vn 0.8209 0.4200 -0.3869
vn 0.9968 -0.0445 0.0662
vn -0.8049 -0.5607 0.1943
vn -0.4982 -0.8493 0.1745
vn -0.9639 -0.0611 -0.2591
vn -0.5922 -0.2104 -0.7779
vn -0.9245 0.1358 -0.3562
vn -0.8332 -0.4766 0.2804
vn -0.9947 -0.0207 -0.1003
vn 0.0183 0.7807 -0.6247
vn -0.7047 0.4233 -0.5694
vn -0.9366 -0.3371 -0.0954
vn -0.9442 0.1865 -0.2715
vn -0.6619 -0.2648 -0.7013
vn -0.6497 -0.6966 0.3045
vn -0.9917 0.0239 -0.1260
vn -0.7500 0.4703 -0.4650
vn -0.8680 0.1795 -0.4629
vn 0.9921 0.0904 -0.0873
vn 0.9921 0.0350 -0.1204
vn 0.9943 0.0951 0.0478
vn 0.9305 0.1538 0.3325
vn 0.8085 0.0646 -0.5850
vn 0.8535 0.4750 -0.2144
vn 0.8217 -0.0623 0.5665
vn 0.5899 -0.3243 0.7395
vn 0.9934 -0.0234 -0.1124
vn -0.9405 0.1091 -0.3219
vn -0.9662 0.1614 -0.2008
vn -0.4558 0.5809 -0.6744
vn -0.9788 0.0943 -0.1816
vn -0.7033 -0.3320 0.6286
vn -0.7973 0.1473 -0.5854
vn -0.8646 -0.2233 0.4501
vn -0.9742 -0.2112 0.0797
vn 0.9812 -0.1880 -0.0437
vn 0.7954 -0.5999 -0.0865
vn 0.7895 0.1826 -0.5860
vn -0.9764 -0.1613 -0.1436
vn -0.9811 0.0988 -0.1661
vn -0.7761 -0.5989 -0.1976
vn -0.9131 0.0407 -0.4056
vn 0.9326 0.0915 -0.3492
vn 0.9671 0.1091 -0.2298
vn -0.8842 0.0973 -0.4569
vn -0.9968 0.0304 -0.0745
vn -0.9976 -0.0116 -0.0680
vn 0.8925 0.1030 -0.4392
vn 0.9978 -0.0385 0.0548
vn 0.9954 -0.0200 0.0939
vn -0.8714 0.1322 -0.4724
vn -0.7684 0.2199 -0.6010
vn -0.9996 0.0063 -0.0290
vn 0.9956 0.0516 0.0784
vn 0.9505 0.2551 0.1774
vn 0.9958 -0.0192 0.0898
vn 0.9871 0.1047 0.1211
vn -0.9964 0.0785 -0.0328
vn -0.9939 0.0591 -0.0930
vn -0.9483 0.3154 0.0356
vn -0.9850 0.1709 0.0247
vn 0.9995 0.0246 0.0173
vn 0.9092 0.2884 -0.3003
vn 0.9532 -0.2218 0.2054
vn 0.8591 -0.2595 0.4412
vn 0.9749 0.1881 0.1187
vn 0.9874 0.1462 -0.0613
vn -0.8080 0.2359 -0.5400
vn -0.9424 0.1258 0.3100
vn -0.9485 -0.1735 0.2650
vn -0.9898 -0.1335 -0.0495
vn -0.9933 -0.0236 -0.1134
vn -0.9996 -0.0120 -0.0263
vn -0.9748 0.1749 -0.1385
vn -0.8777 0.3026 -0.3717
vn -0.7492 0.5018 -0.4323
vn 0.6136 0.7032 0.3593
vn 0.4010 0.8187 0.4109
vn 0.7368 0.5770 0.3525
vn 0.4872 0.7760 0.4004
vn 0.6268 0.7094 0.3223
vn -0.4624 0.8075 0.3663
vn 0.0885 0.9268 0.3651
vn -0.5365 0.7857 0.3079
vn -0.7092 0.6264 0.3236
vn -0.7921 0.5575 0.2485
vn -0.3320 0.9432 0.0114
vn 0.7185 0.6603 -0.2186
vn 0.7968 0.4596 -0.3922
vn 0.8020 0.5937 -0.0656
vn 0.9033 0.3703 -0.2167
vn 0.9850 0.0282 0.1702
vn 0.9559 0.1545 0.2497
vn 0.4478 0.8930 0.0452
vn 0.3098 0.8314 0.4613
vn 0.5530 0.5784 0.5997
vn -0.6245 0.5259 0.5775
vn -0.6764 0.6850 -0.2705
vn -0.8413 0.4758 -0.2565
vn -0.7682 0.6105 0.1928
vn -0.9545 0.2639 0.1391
vn 0.9906 0.1274 -0.0494
vn 0.9170 0.2439 -0.3157
vn 0.9628 0.1991 -0.1825
vn 0.9934 0.0272 0.1118
vn -0.3438 0.6614 -0.6666
vn -0.8971 0.3512 -0.2681
vn 0.9961 0.0482 0.0734
vn -0.9990 0.0433 -0.0134
vn -0.9991 0.0362 -0.0224
vn 0.9947 -0.0035 0.1030
vn 0.9979 -0.0219 0.0617
vn -0.9981 0.0275 -0.0544
vn 0.9969 0.0270 0.0734
vn 0.9924 0.0475 0.1134
vn 0.9476 0.2474 0.2019
vn -0.9961 0.0742 -0.0482
vn 0.5709 0.6840 0.4541
vn -0.4955 0.7223 0.4824
vn -0.0169 0.9040 0.4272
vn -0.9032 0.4289 -0.0158
vn 0.9583 0.2486 0.1411
vn 0.7442 0.6266 0.2313
vn -0.6090 0.7643 0.2120
vn 0.9956 0.0517 0.0784
vn 0.9966 0.0561 0.0596
vn -0.9923 0.0706 -0.1016
vn 0.3316 0.9271 0.1746
vn -0.6504 0.7567 0.0661
vn 0.9088 0.4168 0.0201
vn 0.6106 0.7920 0.0021
vn -0.5396 0.8246 -0.1697
vn 0.7279 -0.6797 -0.0902
vn 0.6014 -0.5443 0.5849
vn 0.9735 -0.1088 0.2010
vn 0.8083 -0.0074 0.5887
vn 0.0167 -0.7038 0.7102
vn 0.1047 -0.9920 -0.0700
vn -0.4562 -0.6662 0.5900
vn -0.6193 -0.7631 -0.1847
vn -0.9574 -0.2241 -0.1822
vn -0.8804 -0.3188 0.3510
vn -0.9998 -0.0180 -0.0096
vn 0.9738 -0.0046 0.2273
vn 0.3838 0.4371 0.8134
vn -0.2101 0.7087 0.6735
vn -0.9976 0.0162 0.0670
vn -0.7789 0.4957 0.3843
vn -0.9838 0.1078 -0.1433
vn 0.9412 0.2909 -0.1719
vn 0.9991 -0.0167 0.0397
vn 0.9989 -0.0418 0.0220
vn 0.9874 -0.1517 -0.0443
vn 0.8617 0.4755 0.1774
vn 0.3282 0.6772 -0.6586
vn 0.2420 0.9596 0.1436
vn -0.6590 0.7458 0.0976
vn -0.9970 0.0657 -0.0398
vn -0.6955 0.5398 -0.4743
vn 0.4219 0.7010 0.5750
vn -0.0344 0.8546 0.5181
vn -0.7360 0.4600 0.4967
vn -0.0579 0.4554 0.8884
vn 0.9978 -0.0101 0.0653
vn 0.7762 -0.5415 -0.3230
vn -0.8280 -0.3473 -0.4401
vn 0.5924 -0.5465 0.5919
vn 0.9810 -0.0341 0.1910
vn 0.7117 -0.6096 0.3490
vn 0.1889 -0.9014 0.3897
vn -0.1295 -0.7088 0.6934
vn 0.6959 0.4615 0.5502
vn 0.1028 0.6853 0.7210
vn -0.6210 -0.7761 0.1100
vn -0.7433 -0.4655 0.4805
vn -0.9926 0.0561 0.1073
vn -0.6165 0.5892 0.5223
vn -0.9880 -0.1499 0.0373
vn -0.5982 -0.6060 0.5244
vn -0.9949 0.0831 -0.0571
vn 0.5855 0.7853 0.2014
vn -0.6868 0.7073 0.1676
vn 0.8732 0.3741 0.3125
vn 0.3690 0.5942 0.7147
vn 0.3562 0.7062 0.6119
vn 0.7651 0.1597 0.6238
vn -0.0607 0.2665 0.9619
vn -0.8487 0.1939 0.4921
vn -0.9894 0.0366 -0.1405
vn -0.6516 -0.1347 0.7465
vn -0.7670 -0.1234 0.6296
vn 0.0756 -0.9534 -0.2922
vn 0.6617 -0.6231 -0.4171
vn 0.7690 -0.2415 -0.5919
vn -0.1476 -0.8776 -0.4562
vn 0.9694 0.0381 0.2427
vn -0.5453 -0.6083 -0.5768
vn 0.1532 -0.7183 -0.6786
vn 0.3867 -0.5334 -0.7523
vn -0.0883 -0.5602 -0.8237
vn -0.0664 -0.3433 -0.9369
vn -0.7628 -0.2396 -0.6007
vn -0.9947 0.0066 -0.1024
vn 0.5869 0.1087 0.8023
vn 0.8895 -0.3019 0.3431
vn 0.6190 -0.3472 0.7045
vn -0.4226 0.2810 0.8617
vn -0.3948 -0.4307 0.8116
vn -0.9861 0.0034 0.1661
vn 0.9986 -0.0117 -0.0509
vn 0.7736 0.1186 -0.6225
vn -0.9441 0.1377 -0.2996
vn -0.6440 0.0080 -0.7650
vn 0.5423 -0.6890 0.4808
vn -0.1004 -0.6723 0.7334
vn 0.7258 -0.4418 0.5273
vn 0.2006 -0.4543 0.8680
vn -0.2620 -0.7701 0.5816
vn 0.6799 -0.1579 0.7161
vn 0.9884 -0.0407 0.1466
vn 0.6648 -0.7290 0.1629
vn 0.0779 -0.8970 0.4351
vn -0.2117 -0.9646 0.1575
vn -0.1643 -0.9165 0.3648
vn 0.9991 -0.0104 0.0404
vn -0.2506 -0.4490 0.8577
vn -0.7867 -0.3971 0.4727
vn -0.7564 -0.6098 0.2368
vn -0.7533 -0.1442 0.6417
vn -0.9978 -0.0616 -0.0232
vn -0.9983 -0.0133 0.0574
vn -0.7781 -0.6255 -0.0569
vn 0.1657 -0.1312 -0.9774
vn 0.1192 -0.0603 0.9910
vn -0.0684 -0.2521 0.9653
vn 0.1214 0.1399 -0.9827
vn -0.3004 -0.0388 0.9530
vn 0.8864 0.1333 -0.4432
vn 0.9981 0.0613 -0.0072
vn -0.7111 0.6744 -0.1986
vn -0.6794 0.3706 -0.6333
vn 0.9880 0.0349 -0.1507
vn 0.8190 0.4102 -0.4013
vn 0.2873 0.3796 -0.8794
vn 0.1948 0.6210 -0.7592
vn -0.1566 0.5028 -0.8501
vn 0.3422 0.8159 -0.4661
vn -0.6524 0.3886 -0.6507
vn -0.1077 0.2934 -0.9499
vn -0.5171 0.7197 -0.4633
vn -0.1155 0.7221 -0.6821
vn 0.9998 -0.0052 -0.0187
vn -0.7938 0.2024 -0.5735
vn -0.6727 -0.3614 -0.6457
vn 0.5455 0.2686 -0.7939
vn 0.7704 -0.3646 -0.5231
vn 0.0871 -0.5768 -0.8122
vn 0.7667 -0.1352 -0.6276
vn 0.1736 -0.3970 -0.9013
vn -0.7543 -0.0634 -0.6535
vn -0.1489 -0.2881 -0.9459
vn 0.9733 0.0925 0.2100
vn 0.5690 0.5614 0.6009
vn -0.1049 0.7236 0.6822
vn -0.6802 0.5438 0.4915
vn -0.9933 0.0883 0.0746
vn -0.8023 0.4115 -0.4324
vn 0.6443 0.5643 -0.5162
vn -0.2264 0.6827 -0.6947
vn 0.7563 0.5731 0.3155
vn -0.9970 0.0401 -0.0669
vn -0.5540 0.8252 -0.1101
vn -0.9818 0.1641 -0.0953
vn 0.9920 0.1225 -0.0298
vn 0.7950 -0.5358 0.2845
vn 0.6387 0.7608 -0.1149
vn -0.7805 -0.6179 0.0952
vn 0.7965 -0.5975 -0.0922
vn 0.6493 -0.7204 -0.2439
vn -0.6774 -0.7045 -0.2117
vn -0.5927 -0.7346 -0.3303
vn 0.7832 -0.6086 -0.1273
vn -0.7630 -0.5908 -0.2621
vn -0.9567 -0.2076 -0.2038
vn 0.6453 -0.6436 -0.4116
vn 0.1389 -0.8875 -0.4394
vn -0.5307 -0.6996 -0.4785
vn 0.1440 -0.8307 0.5378
vn -0.6172 -0.2717 0.7384
vn -0.1448 -0.7538 0.6409
vn -0.6118 0.7312 -0.3019
vn 0.1102 -0.0338 -0.9933
vn 0.7219 0.2017 -0.6620
vn -0.5053 0.1499 -0.8498
vn -0.0699 0.4216 -0.9041
vn -0.7436 0.3843 -0.5471
vn 0.6472 0.6134 -0.4527
vn -0.1961 0.8135 -0.5474
vn 0.1194 0.6161 -0.7786
vn 0.7629 -0.6318 -0.1369
vn -0.0359 -0.9881 -0.1495
vn 0.9813 -0.1305 -0.1414
vn -0.9869 -0.0557 -0.1515
vn 0.7309 0.6087 -0.3087
vn 0.0940 0.3114 -0.9456
vn 0.5668 0.8006 0.1945
vn -0.5658 0.8075 0.1671
vn 0.9937 0.0206 0.1098
vn -0.0167 -0.9252 -0.3790
vn -0.7331 -0.6061 -0.3085
vn 0.7414 0.2123 0.6366
vn -0.0318 0.6106 0.7913
vn -0.1068 0.1346 0.9851
vn -0.8652 0.1824 0.4671
vn 0.7233 0.0968 -0.6838
vn 0.9877 0.0438 0.1500
vn -0.1974 0.7117 0.6742
vn 0.5751 0.5632 0.5934
vn -0.7941 0.4800 0.3728
vn 0.1834 -0.8507 -0.4927
vn 0.6883 -0.5220 -0.5038
vn -0.1218 -0.7900 -0.6009
vn 0.0091 -0.6669 -0.7451
vn 0.6671 -0.2511 -0.7014
vn -0.0408 -0.4228 -0.9053
vn -0.6814 -0.3810 -0.6249
vn -0.6969 -0.0954 -0.7108
vn -0.0214 -0.1514 -0.9882
vn 0.6999 -0.0464 -0.7128
vn 0.9523 0.2036 -0.2271
vn -0.7309 0.4195 -0.5383
vn 0.8497 -0.2474 0.4656
vn 0.2747 -0.6958 0.6636
vn 0.5864 0.5602 0.5851
vn -0.1427 0.7148 -0.6846
vn 0.5297 0.6260 -0.5722
vn -0.7065 -0.5077 0.4931
vn -0.4349 0.6609 0.6116
vn 0.8446 -0.4106 -0.3437
vn -0.2927 -0.6873 -0.6648
vn 0.3597 -0.6663 -0.6531
vn 0.9995 -0.0226 -0.0237
vn -0.7873 -0.3062 -0.5352
vn -0.9901 -0.0175 -0.1395
vn 0.9993 -0.0097 -0.0369
vn -0.9999 0.0137 0.0081
vn 0.2509 0.6983 -0.6703
vn 0.9832 -0.0084 0.1824
vn -0.9644 0.0097 -0.2642
vn -0.9169 0.3281 0.2273
vn -0.3217 0.6918 -0.6464
vn -0.8356 0.2847 -0.4698
vn 0.8439 -0.2730 0.4618
vn 0.8877 -0.3124 -0.3381
vn 0.3424 -0.6833 0.6449
vn 0.9990 -0.0234 -0.0388
vn -0.5911 -0.5891 0.5510
vn -0.9081 -0.1528 -0.3898
vn -0.9859 -0.0680 0.1526
vn 0.3971 -0.6704 -0.6268
vn -0.4484 -0.6299 -0.6341
vn 0.9886 -0.0102 0.1503
vn -0.8735 0.3450 0.3435
vn 0.7392 0.5190 -0.4293
vn -0.9931 0.0225 -0.1153
vn -0.6992 0.4884 -0.5221
vn -0.3482 0.7076 0.6149
vn 0.5577 0.5616 0.6111
vn 0.0222 0.7145 -0.6993
vn 0.9869 0.0399 0.1561
vn 0.7903 0.4353 -0.4312
vn 0.9985 0.0339 0.0435
vn -0.9953 -0.0502 0.0825
vn 0.9733 -0.2255 -0.0427
vn 0.8550 0.3006 0.4225
vn 0.9445 -0.1758 0.2776
vn 0.7082 0.4430 0.5497
vn 0.9094 -0.4007 -0.1112
vn 0.6141 -0.2030 0.7627
vn 0.8239 0.3769 0.4233
vn 0.8582 -0.5099 -0.0591
vn 0.8606 0.2713 0.4311
vn 0.9026 0.1561 0.4011
vn 0.5084 -0.0167 0.8609
vn 0.8258 -0.5466 0.1390
vn 0.8680 -0.4622 -0.1815
vn 0.4771 0.6606 0.5796
vn 0.8600 -0.3487 -0.3726
vn 0.9498 -0.0165 0.3124
vn 0.9600 0.0596 0.2737
vn -0.9973 0.0571 0.0471
vn -0.7605 -0.2991 0.5764
vn -0.7038 -0.6729 -0.2278
vn -0.7787 0.4256 0.4609
vn 0.5246 -0.7935 -0.3084
vn -0.7560 -0.3149 0.5739
vn -0.8279 0.3700 0.4216
vn 0.4106 0.6020 0.6848
vn -0.9027 -0.4260 0.0608
vn -0.9990 0.0151 0.0424
vn -0.8890 0.2511 0.3829
vn -0.9891 0.0218 0.1457
vn -0.9431 -0.3280 -0.0543
vn -0.9700 -0.2193 -0.1044
vn 0.8348 -0.5267 0.1606
vn -0.7866 -0.6173 0.0141
vn 0.9707 -0.1989 -0.1350
vn 0.6517 -0.5565 -0.5154
vn -0.1625 -0.7462 -0.6456
vn -0.5546 -0.5357 -0.6368
vn 0.7260 -0.6876 0.0123
vn 0.9301 -0.3616 0.0648
vn 0.5435 -0.8142 0.2039
vn 0.9930 -0.0433 0.1102
vn 0.9734 0.0091 0.2288
vn 0.5914 0.3784 -0.7121
vn 0.7370 -0.6310 -0.2422
vn 0.6605 -0.7423 0.1129
vn 0.6861 -0.7076 0.1690
vn 0.4362 -0.8899 -0.1332
vn 0.9468 -0.3139 -0.0703
vn 0.8487 0.2949 0.4391
vn 0.8716 -0.1749 -0.4579
vn 0.0662 -0.8712 0.4864
vn -0.7297 -0.6825 -0.0419
vn -0.4864 -0.8492 0.2053
vn -0.7295 -0.5847 -0.3549
vn -0.7191 -0.6939 0.0365
vn -0.5747 -0.8082 0.1284
vn -0.9746 -0.2238 0.0031
vn -0.9554 -0.2318 -0.1827
vn -0.9076 -0.0134 0.4197
vn -0.9756 -0.0282 -0.2176
vn -0.8824 0.2915 -0.3694
vn 0.9222 0.1074 0.3714
vn 0.9797 -0.0019 0.2006
vn 0.8822 0.0919 0.4618
vn -0.9694 0.1428 0.1999
vn -0.9106 0.1555 0.3828
vn 0.9980 0.0021 0.0632
vn 0.8127 -0.3567 -0.4608
vn 0.9488 0.1435 -0.2814
vn 0.9852 0.0144 0.1711
vn 0.7551 -0.6493 0.0907
vn 0.8987 0.0944 -0.4283
vn 0.8215 0.0059 0.5702
vn 0.9760 -0.0065 -0.2178
vn 0.6034 0.4564 -0.6539
vn 0.9883 -0.1521 0.0091
vn -0.9917 0.0947 0.0870
vn -0.9852 0.1694 -0.0263
vn -0.9991 -0.0067 0.0428
vn -0.4821 -0.2335 -0.8444
vn -0.5705 0.8050 0.1627
vn -0.9972 0.0181 -0.0732
vn -0.9518 -0.0562 -0.3014
vn -0.9187 0.2970 0.2604
vn 0.8759 0.1858 0.4453
vn 0.9938 -0.0214 0.1096
vn 0.8562 -0.5035 0.1155
vn 0.9373 0.1597 0.3097
vn -0.8951 0.1639 0.4146
vn -0.9472 -0.3205 -0.0111
vn -0.8997 0.3008 0.3163
vn -0.7918 -0.5765 0.2018
vn -0.9997 0.0211 -0.0117
vn 0.6854 -0.4367 -0.5827
vn 0.7821 -0.2392 -0.5754
vn 0.4391 -0.5450 -0.7143
vn 0.7254 -0.6451 -0.2402
vn -0.6453 -0.4492 -0.6180
vn 0.2646 -0.8392 0.4751
vn 0.6092 -0.6314 0.4797
vn 0.7775 -0.2082 0.5934
vn 0.6664 -0.4684 0.5801
vn 0.4763 -0.8059 0.3516
vn 0.5068 -0.8286 0.2378
vn 0.4259 -0.7654 0.4825
vn -0.3696 -0.8512 0.3727
vn 0.5185 -0.8016 0.2977
vn -0.4032 -0.8766 0.2626
vn -0.6919 -0.2252 -0.6860
vn -0.4996 -0.6616 -0.5591
vn -0.5278 -0.7587 -0.3818
vn -0.9122 -0.3404 0.2283
vn -0.5639 -0.7887 0.2448
vn -0.5843 -0.6775 0.4468
vn -0.4337 -0.7445 0.5075
vn -0.5909 -0.7642 0.2585
vn -0.8861 0.0160 0.4631
vn -0.7325 -0.4308 0.5271
vn -0.9863 -0.1652 -0.0005
vn 0.6768 -0.0493 -0.7345
vn -0.0318 -0.2855 -0.9579
vn 0.5242 -0.3331 -0.7838
vn 0.5136 -0.6690 -0.5373
vn 0.8815 -0.1177 0.4573
vn 0.8628 -0.0144 -0.5053
vn 0.4416 0.1397 -0.8863
vn 0.0819 0.4124 -0.9073
vn 0.8819 0.1175 0.4566
vn 0.6615 0.3492 -0.6637
vn 0.8217 0.0303 -0.5691
vn 0.4175 0.0612 0.9066
vn 0.9728 -0.0343 0.2290
vn 0.8155 0.2825 0.5051
vn 0.6630 0.0025 0.7486
vn 0.8264 0.1614 0.5394
vn 0.4130 0.4680 0.7813
vn 0.7164 -0.6899 0.1033
vn 0.6745 -0.0136 0.7381
vn -0.6165 0.0086 -0.7873
vn -0.6334 -0.2498 -0.7324
vn -0.7660 -0.0032 -0.6429
vn -0.4122 -0.2915 -0.8632
vn -0.8849 0.1585 0.4379
vn -0.7332 0.0592 0.6774
vn -0.3942 -0.4186 -0.8182
vn -0.5853 0.3686 -0.7221
vn -0.7608 0.2934 -0.5788
vn -0.6391 0.2885 -0.7130
vn -0.8246 -0.3504 0.4441
vn -0.5421 0.1707 0.8228
vn -0.9627 0.1201 0.2423
vn -0.8196 0.3368 -0.4635
vn -0.7974 -0.0572 0.6007
vn -0.3911 0.5069 0.7681
vn 0.8749 -0.4758 -0.0906
vn 0.3212 -0.9463 0.0372
vn 0.6378 -0.7679 0.0596
vn 0.5073 -0.8298 0.2328
vn -0.5228 -0.8161 0.2463
vn 0.9881 0.1327 -0.0781
vn 0.9535 -0.1430 -0.2652
vn 0.9810 0.1025 0.1645
vn 0.6124 0.6917 0.3828
vn 0.4846 -0.6496 -0.5858
vn 0.7130 -0.5059 -0.4856
vn 0.6742 -0.7191 -0.1684
vn -0.4633 -0.8307 -0.3089
vn 0.0762 -0.6297 -0.7731
vn 0.7410 -0.4965 -0.4520
vn -0.2492 -0.6211 -0.7430
vn 0.7399 -0.4843 -0.4670
vn 0.9996 0.0062 0.0262
vn 0.9355 -0.0114 -0.3530
vn 0.5771 -0.7115 -0.4010
vn 0.5677 -0.6558 -0.4976
vn 0.7164 -0.5861 -0.3785
vn -0.6898 -0.6754 -0.2607
vn -0.6198 -0.7781 -0.1021
vn -0.7836 0.6209 0.0216
vn -0.6417 -0.5567 -0.5276
vn -0.5483 -0.6512 -0.5248
vn -0.5519 -0.5220 -0.6504
vn -0.9952 -0.0247 -0.0952
vn -0.5105 -0.7302 -0.4541
vn -0.4311 -0.7276 -0.5335
vn -0.8774 -0.1472 -0.4567
vn 0.6174 0.2958 -0.7289
vn 0.6699 0.2143 -0.7108
vn 0.7458 0.6506 -0.1431
vn 0.6880 -0.4862 -0.5387
vn 0.5509 0.6401 0.5355
vn 0.3000 -0.7399 -0.6021
vn 0.8961 -0.4063 -0.1785
vn 0.8496 0.4503 0.2745
vn 0.9985 -0.0468 0.0275
vn 0.7951 -0.3743 -0.4773
vn 0.4593 -0.8547 0.2421
vn 0.2629 -0.9576 -0.1181
vn 0.6837 0.7030 0.1956
vn 0.3876 0.5801 0.7164
vn 0.6358 0.7408 -0.2169
vn 0.1874 -0.8713 0.4536
vn 0.7131 0.4436 -0.5429
vn 0.7887 -0.3708 0.4904
vn 0.9365 -0.3463 0.0544
vn 0.4280 -0.8913 -0.1498
vn 0.3589 -0.9263 -0.1147
vn 0.8532 0.3557 -0.3815
vn -0.6102 0.4594 -0.6454
vn -0.6231 -0.3812 -0.6829
vn 0.3027 -0.0447 -0.9520
vn -0.4912 -0.5529 -0.6731
vn -0.6828 0.6728 0.2848
vn -0.9655 -0.1895 -0.1786
vn -0.6275 0.4666 0.6233
vn -0.9811 -0.0801 -0.1759
vn -0.5865 -0.4528 -0.6715
vn -0.4647 0.6104 0.6415
vn -0.5132 0.4121 0.7528
vn -0.6902 0.7117 0.1310
vn -0.4104 -0.8899 -0.1991
vn -0.5791 -0.6126 0.5380
vn -0.9099 -0.4148 0.0035
vn -0.6093 0.3881 -0.6914
vn -0.4648 -0.8711 -0.1585
vn -0.5075 -0.8419 -0.1834
vn -0.6386 0.5382 -0.5501
vn 0.7926 -0.1538 -0.5901
vn 0.6618 -0.6469 -0.3788
vn 0.0474 -0.9884 0.1440
vn 0.6639 -0.4767 0.5761
vn 0.9825 -0.0707 -0.1724
vn 0.9398 -0.3099 0.1441
vn 0.9466 -0.0874 0.3105
vn 0.6474 -0.5748 0.5004
vn 0.9993 -0.0337 0.0168
vn 0.8548 -0.1766 0.4880
vn -0.4710 0.3671 -0.8021
vn -0.6461 -0.4042 -0.6474
vn -0.7073 -0.2563 -0.6588
vn -0.3160 -0.9464 0.0664
vn -0.8825 -0.0144 -0.4701
vn -0.6992 -0.5551 -0.4505
vn -0.9475 -0.0818 -0.3092
vn -0.7703 -0.6367 0.0362
vn -0.9327 -0.3506 0.0844
vn -0.6751 -0.6144 0.4085
vn -0.1744 -0.0078 0.9846
vn -0.9113 -0.2232 0.3459
vn -0.9919 -0.0220 -0.1254
vn -0.9998 -0.0207 -0.0081
vn 0.9976 -0.0323 0.0607
vn 0.9810 -0.0591 0.1850
vn 0.8457 0.2081 0.4914
vn -0.9819 -0.0200 -0.1882
vn -0.9777 0.0572 -0.2021
vn -0.9598 -0.0454 0.2769
vn -0.9989 -0.0422 -0.0196
vn -0.9932 0.0118 0.1155
vn 0.9958 -0.0731 0.0556
vn 0.9144 -0.2205 -0.3394
vn 0.9689 -0.2468 -0.0168
vn -0.9646 -0.1796 -0.1929
vn -0.9327 -0.3585 -0.0399
vn -0.9671 -0.2546 0.0004
vn -0.9887 -0.0316 -0.1466
vn 0.9944 0.0426 0.0968
vn -0.9967 0.0753 -0.0292
vn -0.9954 0.0244 -0.0927
vn 0.9990 0.0159 0.0417
vn -0.9920 0.0515 -0.1149
vn 0.9057 0.2990 0.3006
vn 0.9988 0.0480 0.0030
vn 0.9983 0.0065 0.0588
vn 0.9287 0.2450 0.2785
vn -0.9349 0.2801 0.2181
vn -0.8308 0.4709 0.2967
vn -0.9814 0.1828 0.0582
vn 0.9991 0.0340 0.0253
vn -0.8708 0.4683 0.1499
vn -0.9547 0.2696 -0.1262
vn 0.6173 0.7586 -0.2085
vn 0.9062 0.3247 -0.2708
vn -0.5286 0.7791 -0.3372
vn -0.9311 0.2699 -0.2454
vn 0.8603 0.4381 0.2605
vn 0.6151 0.7045 -0.3540
vn 0.0940 0.7969 -0.5967
vn -0.5017 0.6086 -0.6147
vn 0.8989 -0.1972 -0.3912
vn 0.9467 0.1740 -0.2710
vn 0.6971 0.5283 0.4847
vn 0.9822 0.1431 0.1219
vn 0.9009 -0.4293 0.0647
vn 0.9855 -0.1483 0.0830
vn 0.9981 0.0343 0.0511
vn -0.9707 0.0238 -0.2392
vn -0.8050 -0.2769 -0.5247
vn -0.8831 0.2737 0.3812
vn -0.9993 0.0379 -0.0019
vn -0.7961 0.4940 0.3496
vn -0.9686 -0.1856 -0.1657
vn -0.9274 -0.3057 -0.2155
vn -0.9689 0.1608 -0.1881
vn 0.9830 0.1778 -0.0452
vn 0.9948 0.1020 0.0056
vn 0.9555 0.2731 -0.1114
vn -0.9652 0.1981 -0.1710
vn -0.9802 0.1430 -0.1367
vn -0.8510 0.4523 -0.2668
vn 0.5741 0.8184 0.0254
vn 0.6233 0.7597 0.1854
vn 0.9658 0.2316 -0.1164
vn -0.7625 0.6082 0.2207
vn -0.6873 0.6907 0.2249
vn -0.6946 0.7009 -0.1620
vn -0.3430 0.9393 0.0002
vn -0.6756 0.7050 -0.2157
vn 0.8248 0.3802 -0.4184
vn 0.4790 0.8671 0.1366
vn 0.4583 0.8351 -0.3041
vn 0.6454 0.6687 -0.3692
vn 0.5691 0.7430 -0.3522
vn 0.5389 0.7548 -0.3739
vn -0.2560 0.8426 -0.4739
vn 0.2565 0.8688 -0.4235
vn 0.7026 0.6494 -0.2910
vn 0.4759 0.7653 -0.4333
vn 0.6291 0.7078 -0.3213
vn -0.4344 0.8037 -0.4067
vn -0.6142 0.7022 -0.3601
vn -0.3905 0.8029 -0.4505
vn -0.4192 0.7992 -0.4307
vn -0.5276 0.7448 -0.4086
vn 0.5026 0.1831 -0.8449
vn -0.4459 -0.5508 -0.7055
vn 0.6441 -0.5009 -0.5781
vn 0.7256 0.1096 -0.6793
vn -0.2454 -0.1830 -0.9520
vn 0.3875 -0.9170 -0.0945
vn 0.0829 0.6532 -0.7527
vn 0.1950 -0.9694 -0.1489
vn -0.0252 -0.8183 -0.5743
vn -0.0890 -0.9954 -0.0352
vn 0.7043 -0.4564 0.5437
vn 0.4623 -0.7138 0.5261
vn 0.5519 -0.7879 0.2732
vn -0.0723 -0.8143 0.5759
vn 0.4520 -0.5375 0.7119
vn -0.5397 0.3820 -0.7502
vn -0.2770 -0.9464 -0.1658
vn -0.2957 -0.9234 -0.2448
vn -0.5709 -0.6404 0.5138
vn -0.5155 -0.7131 0.4752
vn -0.6723 -0.4941 0.5513
vn -0.6131 -0.7876 0.0622
vn 0.9952 -0.0917 -0.0337
vn 0.7512 -0.5824 -0.3106
vn 0.9053 -0.3167 0.2833
vn 0.9855 -0.1088 0.1302
vn 0.9981 0.0458 0.0400
vn 0.9066 -0.0352 0.4204
vn -0.9611 -0.2235 -0.1625
vn -0.7349 -0.5536 -0.3918
vn -0.9490 -0.2611 0.1767
vn -0.9987 -0.0518 -0.0010
vn -0.9908 0.0379 -0.1301
vn -0.9992 -0.0386 -0.0030
vn 0.7211 -0.6368 0.2728
vn 0.9232 -0.1017 0.3706
vn 0.8953 -0.4294 0.1184
vn 0.9696 0.0108 0.2445
vn 0.6644 -0.7170 0.2107
vn 0.6161 -0.7524 0.2332
vn 0.4860 -0.8405 0.2393
vn 0.5603 -0.5496 0.6197
vn 0.8402 -0.2090 0.5005
vn 0.7508 -0.5825 0.3116
vn 0.9328 0.3603 -0.0035
vn 0.4503 -0.7981 0.4002
vn 0.6738 -0.6896 0.2655
vn 0.6242 -0.7506 0.2165
vn 0.4614 -0.8179 0.3438
vn 0.9899 0.0088 0.1416
vn 0.9905 -0.1142 0.0769
vn -0.7222 -0.6633 0.1960
vn -0.6560 -0.7403 0.1471
vn -0.6910 -0.5110 0.5113
vn -0.6002 -0.7935 0.1002
vn -0.9979 -0.0517 -0.0401
vn -0.9937 -0.1039 0.0429
vn -0.9837 -0.1550 0.0910
vn -0.8734 -0.3802 0.3042
vn -0.8053 -0.3448 0.4823
vn -0.5955 -0.7173 0.3618
vn -0.7483 -0.6633 0.0087
vn -0.6018 -0.7726 0.2025
vn -0.6644 -0.7073 0.2414
vn -0.8369 -0.5326 0.1264
vn -0.9579 0.2281 -0.1743
vn -0.8975 -0.4166 0.1445
vn -0.9948 -0.0620 -0.0811
vn 0.9992 0.0091 -0.0399
vn -0.9691 0.2086 -0.1319
vn -0.9482 0.0809 -0.3071
vn 0.6818 -0.6610 0.3134
vn 0.5646 -0.7409 0.3638
vn 0.4976 -0.7796 0.3802
vn -0.3916 -0.8764 0.2803
vn 0.7596 -0.6495 -0.0343
vn 0.9956 -0.0192 0.0913
vn 0.7045 -0.5526 0.4454
vn 0.5808 -0.6508 0.4890
vn 0.5936 -0.5028 0.6283
vn 0.9549 -0.1151 0.2738
vn 0.6607 -0.5389 0.5226
vn 0.4003 -0.8150 0.4190
vn 0.4361 -0.7638 0.4759
vn 0.4949 -0.8090 0.3172
vn -0.5139 -0.8228 0.2426
vn 0.9742 0.0865 -0.2087
vn 0.7972 0.4699 -0.3790
vn 0.9087 0.3546 -0.2203
vn 0.5684 0.4051 -0.7161
vn 0.4314 0.4236 -0.7965
vn 0.5599 0.3190 -0.7647
vn 0.4206 0.4614 -0.7812
vn 0.5572 0.8155 -0.1564
vn -0.5678 -0.7000 0.4332
vn -0.6922 -0.7070 0.1452
vn -0.8056 -0.5875 0.0765
vn -0.9762 0.0744 -0.2037
vn -0.9997 -0.0072 0.0213
vn -0.7594 -0.5650 0.3227
vn -0.9990 -0.0248 -0.0377
vn -0.5230 -0.8330 0.1806
vn -0.3905 -0.7587 0.5214
vn 0.2858 -0.8883 0.3596
vn -0.4831 -0.7840 0.3898
vn -0.4719 -0.7805 0.4100
vn -0.5457 -0.8183 0.1806
vn -0.7072 -0.4334 0.5586
vn -0.4355 -0.8111 0.3905
vn -0.9402 -0.2836 0.1884
vn -0.9633 0.1658 -0.2112
vn -0.4249 0.4165 -0.8037
vn -0.6691 0.6678 -0.3260
vn -0.2159 0.6785 -0.7021
vn -0.3558 0.4343 -0.8275
vn -0.3256 0.3973 -0.8580
vn -0.8113 0.2131 -0.5445
vn -0.8541 0.3271 -0.4043
vn -0.6422 0.6550 -0.3982
vn 0.8000 -0.3228 -0.5058
vn 0.2821 -0.9226 0.2630
vn 0.9878 -0.0424 0.1498
vn 0.5851 -0.8100 -0.0405
vn 0.7785 0.5262 -0.3422
vn 0.8872 0.2905 -0.3586
vn 0.9999 -0.0171 -0.0007
vn 0.5318 -0.8467 0.0152
vn 0.9136 0.0984 0.3945
vn 0.8904 0.4392 -0.1193
vn 0.3723 -0.9271 0.0430
vn 0.8712 -0.4425 0.2126
vn 0.7328 -0.4172 -0.5376
vn 0.6319 -0.4788 -0.6094
vn 0.5595 -0.8028 -0.2062
vn -0.4932 -0.8231 -0.2815
vn -0.6879 -0.7258 0.0039
vn 0.0884 -0.1831 -0.9791
vn 0.7580 0.5452 -0.3582
vn 0.6053 0.4599 -0.6497
vn 0.5383 0.4902 -0.6855
vn -0.4992 0.4191 -0.7584
vn 0.8437 0.4334 0.3168
vn 0.7127 0.4234 0.5593
vn 0.4673 0.8787 0.0969
vn 0.7370 0.6658 -0.1162
vn 0.7550 0.1890 -0.6279
vn 0.3539 0.8406 0.4100
vn 0.0228 0.4741 -0.8802
vn 0.0245 0.9867 0.1609
vn 0.3509 0.8818 -0.3151
vn 0.4587 0.5868 -0.6673
vn 0.1316 0.6063 -0.7842
vn 0.3311 0.5119 -0.7926
vn -0.2489 0.7970 -0.5503
vn -0.5750 -0.8171 -0.0411
vn -0.6076 -0.7897 -0.0842
vn -0.6734 -0.3880 -0.6293
vn -0.7456 0.5170 -0.4204
vn -0.8229 0.3064 -0.4785
vn -0.9927 0.0570 -0.1061
vn -0.6896 -0.7224 0.0502
vn -0.5659 -0.4187 -0.7102
vn -0.6448 -0.3955 -0.6541
vn -0.7156 0.5273 -0.4580
vn -0.4026 0.5091 -0.7607
vn -0.9314 0.1651 0.3245
vn -0.8682 0.3935 0.3022
vn -0.8186 0.3016 0.4888
vn -0.6545 0.2016 -0.7286
vn -0.4833 0.8657 0.1304
vn -0.4093 0.8400 0.3561
vn -0.3792 0.8826 0.2781
vn -0.3834 0.7658 -0.5163
vn -0.6599 0.6819 -0.3156
vn -0.6746 0.5589 -0.4822
vn 0.9848 0.1012 -0.1412
vn 0.7459 0.6549 -0.1218
vn 0.8904 0.0253 -0.4544
vn 0.5661 0.3950 -0.7235
vn 0.6502 0.7592 -0.0297
vn 0.5871 0.4993 -0.6372
vn 0.4394 0.8762 -0.1981
vn 0.6895 0.3583 -0.6294
vn 0.4902 0.7289 -0.4780
vn 0.1889 -0.1890 -0.9637
vn -0.6191 0.3887 -0.6824
vn -0.4423 0.8417 -0.3097
vn -0.5885 0.7552 -0.2886
vn -0.4584 0.0099 -0.8887
vn -0.6469 0.2246 -0.7287
vn -0.4683 0.5127 -0.7196
vn -0.5025 0.8381 -0.2124
vn -0.3628 -0.1337 -0.9222
vn -0.4397 -0.1129 -0.8910
vn 0.9793 0.1528 -0.1325
vn 0.3980 0.1078 -0.9110
vn 0.5968 -0.6317 -0.4947
vn 0.7917 -0.4591 -0.4031
vn 0.7555 -0.3140 -0.5750
vn 0.8838 -0.4543 0.1117
vn 0.3677 -0.9294 0.0304
vn -0.5941 -0.5892 -0.5476
vn -0.5003 -0.6009 -0.6234
vn -0.8206 -0.2409 -0.5182
vn -0.4570 -0.8878 0.0540
vn 0.6480 -0.6729 -0.3568
vn 0.9997 -0.0248 0.0051
vn 0.5265 -0.7709 -0.3585
vn 0.3928 -0.9148 -0.0941
vn 0.5773 -0.6126 -0.5398
vn -0.3363 -0.8475 -0.4107
vn -0.1650 -0.4585 -0.8733
vn -0.6052 -0.7008 -0.3776
vn -0.5722 -0.7301 -0.3736
vn -0.9617 -0.2593 -0.0884
vn -0.9190 0.3469 -0.1873
vn 0.7840 0.5899 -0.1935
vn 0.9432 0.3249 -0.0694
vn 0.4596 0.8345 -0.3040
vn -0.4348 0.8005 -0.4125
vn 0.7330 0.6452 -0.2154
vn 0.9637 0.2668 -0.0117
vn 0.6256 0.7432 -0.2374
vn 0.6352 0.7227 -0.2725
vn 0.4388 0.8382 -0.3238
vn -0.6923 0.6527 -0.3079
vn -0.5981 0.7230 -0.3458
vn -0.6609 0.6871 -0.3019
vn -0.5661 0.7544 -0.3323
vn -0.4700 0.8017 -0.3693
vn -0.3170 0.7631 -0.5632
vn 0.9533 0.3007 -0.0297
vn -0.9471 0.2845 -0.1486
vn 0.2792 0.8930 -0.3529
vn 0.6004 0.7486 -0.2812
vn 0.5043 0.8123 -0.2929
vn 0.4850 0.8591 -0.1633
vn -0.3054 0.8539 -0.4213
vn -0.3534 0.8410 -0.4097
vn -0.5765 0.7679 -0.2793
vn -0.6278 0.7059 -0.3281
vn 0.6469 0.7056 -0.2894
vn 0.4804 0.7569 -0.4431
vn 0.5102 0.7188 -0.4722
vn 0.5701 0.8184 0.0724
vn 0.5426 0.8212 -0.1764
vn 0.5501 0.8346 0.0286
vn -0.4634 0.7849 -0.4112
vn -0.9497 0.1268 -0.2862
vn -0.5538 0.7111 -0.4332
vn -0.4944 0.7925 -0.3570
vn -0.7174 0.6888 -0.1045
vn -0.3997 0.9149 0.0564
vn 0.4891 0.8098 0.3239
vn 0.8507 -0.0476 -0.5236
vn 0.3736 0.5357 0.7573
vn 0.9000 0.2353 0.3669
vn 0.1256 0.5183 0.8459
vn -0.2418 0.2674 0.9328
vn -0.2132 -0.1072 0.9711
vn 0.6262 -0.4700 -0.6221
vn 0.5636 -0.3594 -0.7438
vn 0.5107 -0.1400 -0.8483
vn 0.6584 -0.1294 0.7414
vn 0.1048 -0.3294 0.9383
vn -0.0342 0.1718 -0.9845
vn 0.5099 0.2404 -0.8259
vn -0.4997 0.8048 0.3203
vn 0.5135 0.7762 0.3659
vn -0.6715 0.3393 0.6588
vn -0.6667 -0.3968 -0.6309
vn -0.9873 0.0120 -0.1584
vn -0.5338 -0.3987 -0.7457
vn -0.4399 0.1842 -0.8789
vn -0.5368 0.0044 -0.8437
vn -0.9549 0.1192 -0.2720
vn 0.4231 -0.5196 0.7423
vn 0.6394 -0.4031 0.6548
vn 0.9912 -0.0217 0.1305
vn 0.4322 -0.5779 0.6923
vn 0.9587 0.1049 -0.2643
vn 0.7163 0.3018 -0.6291
vn 0.1681 -0.5667 0.8066
vn 0.1001 0.5220 -0.8471
vn 0.4839 0.5968 -0.6400
vn 0.5372 0.5917 -0.6011
vn -0.2473 -0.4370 0.8648
vn -0.4440 -0.4472 0.7765
vn -0.5331 -0.4118 0.7391
vn -0.7314 -0.2846 0.6197
vn -0.9905 -0.1081 0.0853
vn -0.4512 0.5174 -0.7271
vn -0.4521 0.5748 -0.6821
vn -0.9375 -0.0564 -0.3434
vn 0.3628 -0.3879 0.8473
vn -0.5019 -0.0512 0.8634
vn 0.2568 -0.0256 0.9661
vn 0.5668 -0.0066 0.8238
vn 0.9519 0.1045 0.2881
vn 0.7622 -0.3746 -0.5279
vn 0.7452 -0.0932 -0.6603
vn 0.5085 0.6057 0.6120
vn 0.2680 0.5769 0.7716
vn 0.9689 0.0097 -0.2471
vn -0.6419 0.1350 0.7548
vn -0.2403 0.3395 0.9094
vn -0.6889 -0.0889 -0.7194
vn -0.5483 0.3360 -0.7658
vn -0.7158 -0.3948 -0.5760
vn -0.9962 0.0264 0.0827
vn -0.3193 0.7374 0.5952
vn -0.6957 0.5807 0.4228
vn -0.7109 -0.5390 -0.4517
vn 0.7910 -0.1345 -0.5968
vn 0.5822 -0.7024 -0.4095
vn 0.3546 -0.6114 -0.7074
vn -0.2028 -0.7930 -0.5745
vn 0.7827 -0.5012 -0.3690
vn 0.5921 -0.3346 -0.7332
vn 0.0148 -0.2062 -0.9784
vn -0.5089 -0.6064 -0.6110
vn -0.9779 0.0911 -0.1881
vn -0.3590 -0.0524 -0.9319
vn -0.5112 -0.3437 -0.7878
vn 0.4035 0.7176 0.5677
vn 0.6475 0.6218 0.4405
vn 0.1199 0.7880 0.6038
vn -0.1317 0.8279 0.5452
vn -0.5840 0.7086 0.3960
vn 0.6122 0.2926 -0.7346
vn 0.3000 0.5423 -0.7848
vn 0.6063 0.7849 0.1277
vn 0.0884 0.9518 0.2937
vn -0.1793 0.6967 -0.6946
vn -0.5620 0.3951 -0.7267
vn -0.3082 0.9403 -0.1444
vn -0.6589 0.7373 0.1491
vt 0.667896 0.031674
vt 0.703744 0.031796
vt 0.668638 0.040252
vt 0.704041 0.048650
vt 0.669352 0.055085
vt 0.703267 0.024618
vt 0.680955 0.017724
vt 0.705165 0.054422
vt 0.671795 0.066126
vt 0.699756 0.071321
vt 0.723941 0.046705
vt 0.977937 0.671217
vt 0.991486 0.674478
vt 0.972740 0.688394
vt 0.991089 0.697495
vt 0.973023 0.710647
vt 0.976389 0.638807
vt 0.973072 0.636321
vt 0.989906 0.636843
vt 0.994500 0.713857
vt 0.971800 0.718586
vt 0.995183 0.722392
vt 0.994035 0.730628
vt 0.993973 0.717276
vt 0.974250 0.592098
vt 0.995454 0.587965
vt 0.997635 0.595241
vt 0.979764 0.612430
vt 0.977263 0.599650
vt 0.996022 0.605502
vt 0.983393 0.597027
vt 0.060294 0.539975
vt 0.060394 0.542734
vt 0.041084 0.543156
vt 0.062070 0.527255
vt 0.044932 0.521173
vt 0.055232 0.510795
vt 0.061536 0.566365
vt 0.043991 0.572037
vt 0.039994 0.566989
vt 0.061928 0.571925
vt 0.054401 0.588622
vt 0.043940 0.581062
vt 0.062924 0.436070
vt 0.044741 0.436822
vt 0.046539 0.434414
vt 0.063510 0.415229
vt 0.044078 0.426216
vt 0.047857 0.408956
vt 0.038490 0.509376
vt 0.043490 0.501591
vt 0.337173 0.047353
vt 0.322426 0.042718
vt 0.334137 0.036812
vt 0.330908 0.056578
vt 0.314837 0.032133
vt 0.337484 0.032726
vt 0.345191 0.038403
vt 0.341486 0.041683
vt 0.343266 0.048987
vt 0.304484 0.014107
vt 0.320414 0.016707
vt 0.297634 0.018045
vt 0.306815 0.037859
vt 0.303369 0.042936
vt 0.303449 0.032461
vt 0.022934 0.875698
vt 0.017434 0.867998
vt 0.035290 0.870662
vt 0.040753 0.882774
vt 0.038679 0.876793
vt 0.040254 0.870969
vt 0.039012 0.852915
vt 0.061501 0.869153
vt 0.055596 0.864865
vt 0.033117 0.852899
vt 0.017194 0.857037
vt 0.014167 0.867523
vt 0.014686 0.857820
vt 0.060121 0.489352
vt 0.058901 0.499245
vt 0.045606 0.484893
vt 0.036957 0.847471
vt 0.038162 0.845146
vt 0.042681 0.844275
vt 0.056949 0.858022
vt 0.060745 0.851889
vt 0.436847 0.058514
vt 0.428586 0.046324
vt 0.455016 0.047777
vt 0.446500 0.037880
vt 0.447122 0.024637
vt 0.423927 0.030946
vt 0.439225 0.018711
vt 0.407153 0.037363
vt 0.407328 0.038286
vt 0.113293 0.268922
vt 0.128104 0.261773
vt 0.128411 0.268900
vt 0.300080 0.990138
vt 0.296962 0.976225
vt 0.309716 0.974816
vt 0.104291 0.257342
vt 0.106963 0.282406
vt 0.090226 0.254412
vt 0.091906 0.277131
vt 0.141362 0.271581
vt 0.285014 0.988753
vt 0.286338 0.974958
vt 0.083330 0.258142
vt 0.080966 0.270256
vt 0.179933 0.264911
vt 0.181378 0.265399
vt 0.180712 0.267225
vt 0.341536 0.059096
vt 0.319776 0.051754
vt 0.311141 0.055716
vt 0.307068 0.056060
vt 0.296645 0.046791
vt 0.124135 0.095935
vt 0.119104 0.089629
vt 0.129073 0.084818
vt 0.133225 0.103016
vt 0.147052 0.093030
vt 0.143021 0.098133
vt 0.063758 0.881947
vt 0.044388 0.889015
vt 0.305135 0.093563
vt 0.309253 0.075802
vt 0.321301 0.082944
vt 0.044160 0.836429
vt 0.059778 0.835263
vt 0.164203 0.052314
vt 0.175772 0.072908
vt 0.149191 0.082300
vt 0.142154 0.083159
vt 0.146238 0.060057
vt 0.908950 0.073558
vt 0.918157 0.070434
vt 0.920181 0.080900
vt 0.927242 0.080620
vt 0.950015 0.071647
vt 0.930557 0.080777
vt 0.921538 0.051267
vt 0.907838 0.056172
vt 0.914202 0.050760
vt 0.936876 0.055261
vt 0.949246 0.052317
vt 0.958716 0.056703
vt 0.964896 0.078659
vt 0.942125 0.045013
vt 0.826308 0.976683
vt 0.834417 0.969660
vt 0.839187 0.985380
vt 0.826062 0.991348
vt 0.145049 0.014888
vt 0.138450 0.011508
vt 0.156844 0.012105
vt 0.134581 0.030524
vt 0.152822 0.030418
vt 0.135659 0.032526
vt 0.133720 0.042557
vt 0.143507 0.037061
vt 0.141512 0.046566
vt 0.149263 0.036845
vt 0.150276 0.025179
vt 0.153690 0.048905
vt 0.176653 0.028767
vt 0.176775 0.047580
vt 0.196464 0.024555
vt 0.195550 0.029051
vt 0.192289 0.023388
vt 0.175348 0.020417
vt 0.194183 0.032213
vt 0.182284 0.035590
vt 0.585439 0.010118
vt 0.592445 0.009572
vt 0.590939 0.032565
vt 0.608357 0.033403
vt 0.613693 0.010372
vt 0.403413 0.087380
vt 0.391362 0.127896
vt 0.394538 0.084435
vt 0.366024 0.118327
vt 0.381514 0.079591
vt 0.372283 0.118608
vt 0.354312 0.110374
vt 0.341372 0.100754
vt 0.349925 0.081633
vt 0.403737 0.124117
vt 0.418664 0.097937
vt 0.407598 0.077947
vt 0.385642 0.070011
vt 0.365209 0.066329
vt 0.942423 0.267050
vt 0.941636 0.254907
vt 0.951278 0.256096
vt 0.927383 0.264837
vt 0.939535 0.276235
vt 0.931617 0.298191
vt 0.951815 0.396557
vt 0.956123 0.378577
vt 0.958973 0.392916
vt 0.335270 0.097065
vt 0.915691 0.293573
vt 0.920489 0.303760
vt 0.933556 0.392748
vt 0.932983 0.380209
vt 0.930060 0.363096
vt 0.924217 0.343019
vt 0.957410 0.360160
vt 0.940711 0.326782
vt 0.955404 0.335787
vt 0.918523 0.337530
vt 0.146079 0.053173
vt 0.293460 0.083860
vt 0.298866 0.071386
vt 0.290375 0.072588
vt 0.270663 0.075720
vt 0.518373 0.039259
vt 0.514727 0.028474
vt 0.527898 0.037281
vt 0.192321 0.047283
vt 0.182396 0.048046
vt 0.274415 0.068377
vt 0.504147 0.038680
vt 0.275898 0.062297
vt 0.261623 0.058652
vt 0.270944 0.057197
vt 0.056502 0.110543
vt 0.046936 0.098206
vt 0.058914 0.099624
vt 0.038746 0.108963
vt 0.041358 0.121198
vt 0.253243 0.070847
vt 0.259004 0.045620
vt 0.272484 0.045613
vt 0.526977 0.026219
vt 0.536222 0.034363
vt 0.536629 0.022602
vt 0.526412 0.013335
vt 0.512878 0.014014
vt 0.064335 0.781025
vt 0.063058 0.782708
vt 0.050173 0.782185
vt 0.038829 0.781797
vt 0.057611 0.765783
vt 0.039288 0.764438
vt 0.498244 0.032427
vt 0.494832 0.038906
vt 0.495702 0.020895
vt 0.504327 0.012274
vt 0.963620 0.272274
vt 0.959486 0.276632
vt 0.953584 0.298154
vt 0.692729 0.186039
vt 0.679644 0.195113
vt 0.677485 0.183436
vt 0.669279 0.208999
vt 0.688015 0.199231
vt 0.929118 0.311027
vt 0.680732 0.214050
vt 0.660991 0.213622
vt 0.958126 0.365959
vt 0.959031 0.371987
vt 0.655186 0.221140
vt 0.652145 0.232813
vt 0.670183 0.250488
vt 0.655858 0.250313
vt 0.677392 0.175957
vt 0.697479 0.182524
vt 0.687566 0.167940
vt 0.695773 0.168551
vt 0.134164 0.055356
vt 0.104169 0.059533
vt 0.129846 0.049137
vt 0.130991 0.064081
vt 0.681214 0.240202
vt 0.654437 0.295161
vt 0.631692 0.284365
vt 0.643622 0.274968
vt 0.659334 0.275987
vt 0.642177 0.265318
vt 0.667074 0.261095
vt 0.077712 0.089654
vt 0.064634 0.060195
vt 0.075816 0.071232
vt 0.070665 0.055009
vt 0.083872 0.065911
vt 0.084346 0.050758
vt 0.784749 0.056340
vt 0.776811 0.040210
vt 0.807426 0.036296
vt 0.779870 0.027202
vt 0.790461 0.016348
vt 0.813110 0.029250
vt 0.812629 0.049689
vt 0.826317 0.026066
vt 0.824623 0.050679
vt 0.799380 0.080710
vt 0.815107 0.054365
vt 0.817078 0.083118
vt 0.826602 0.074127
vt 0.730602 0.026046
vt 0.754063 0.017462
vt 0.759310 0.025734
vt 0.707248 0.564240
vt 0.695343 0.570916
vt 0.672747 0.563912
vt 0.749582 0.034225
vt 0.754635 0.050520
vt 0.730592 0.052250
vt 0.738047 0.055708
vt 0.760162 0.054748
vt 0.690678 0.581237
vt 0.707507 0.595950
vt 0.692276 0.593634
vt 0.710681 0.581663
vt 0.718165 0.600105
vt 0.670745 0.592359
vt 0.737788 0.570825
vt 0.665230 0.573210
vt 0.654007 0.583839
vt 0.661223 0.623730
vt 0.638963 0.642102
vt 0.717748 0.554214
vt 0.672078 0.545835
vt 0.655895 0.550501
vt 0.716606 0.543374
vt 0.701578 0.543105
vt 0.619623 0.299952
vt 0.615337 0.313620
vt 0.603672 0.309852
vt 0.627016 0.310474
vt 0.743067 0.607385
vt 0.758999 0.660848
vt 0.746012 0.667851
vt 0.627086 0.653336
vt 0.592439 0.300104
vt 0.597646 0.326101
vt 0.586987 0.316456
vt 0.560925 0.319115
vt 0.572054 0.310060
vt 0.573692 0.351230
vt 0.626412 0.327427
vt 0.645108 0.307471
vt 0.648714 0.333288
vt 0.653858 0.313302
vt 0.663391 0.322689
vt 0.702398 0.610823
vt 0.692268 0.602435
vt 0.716008 0.629045
vt 0.677514 0.609337
vt 0.736840 0.640570
vt 0.731235 0.667821
vt 0.724765 0.666938
vt 0.665788 0.675321
vt 0.658280 0.659386
vt 0.654378 0.669897
vt 0.703118 0.627561
vt 0.679839 0.625411
vt 0.691274 0.629661
vt 0.717850 0.650652
vt 0.713021 0.674064
vt 0.710905 0.670048
vt 0.710386 0.663840
vt 0.677876 0.676208
vt 0.676385 0.670694
vt 0.665647 0.654278
vt 0.729438 0.686464
vt 0.650316 0.682737
vt 0.683770 0.774889
vt 0.666509 0.748492
vt 0.562265 0.328664
vt 0.565188 0.346311
vt 0.697946 0.373728
vt 0.690841 0.364273
vt 0.728633 0.337036
vt 0.684571 0.367936
vt 0.674541 0.369828
vt 0.663730 0.344201
vt 0.670615 0.343650
vt 0.664847 0.337038
vt 0.700417 0.306321
vt 0.716278 0.730844
vt 0.727392 0.743716
vt 0.705498 0.775151
vt 0.702992 0.324441
vt 0.719911 0.335207
vt 0.690411 0.399015
vt 0.680273 0.405124
vt 0.670110 0.393171
vt 0.689332 0.406723
vt 0.670296 0.412374
vt 0.662455 0.414542
vt 0.704026 0.317772
vt 0.057441 0.094500
vt 0.045280 0.086953
vt 0.929730 0.042166
vt 0.030494 0.085228
vt 0.030763 0.072275
vt 0.053233 0.073781
vt 0.043993 0.068462
vt 0.056907 0.065528
vt 0.047354 0.057008
vt 0.031211 0.099197
vt 0.051167 0.754140
vt 0.046898 0.747443
vt 0.061562 0.748841
vt 0.058596 0.727635
vt 0.028604 0.067094
vt 0.042030 0.726403
vt 0.054815 0.720564
vt 0.610617 0.330170
vt 0.586050 0.361560
vt 0.603712 0.346087
vt 0.595465 0.356989
vt 0.616102 0.347731
vt 0.623387 0.340382
vt 0.636797 0.362585
vt 0.624041 0.365592
vt 0.092818 0.097997
vt 0.089603 0.083271
vt 0.097791 0.096647
vt 0.115641 0.082633
vt 0.106835 0.072839
vt 0.060269 0.709704
vt 0.039858 0.712775
vt 0.124514 0.074082
vt 0.095863 0.042696
vt 0.675688 0.377421
vt 0.565840 0.373273
vt 0.650849 0.364441
vt 0.653418 0.375655
vt 0.602444 0.362886
vt 0.595650 0.383817
vt 0.619460 0.388607
vt 0.616385 0.362627
vt 0.568218 0.393250
vt 0.589099 0.423424
vt 0.684640 0.387060
vt 0.574822 0.431756
vt 0.653642 0.397546
vt 0.597944 0.415374
vt 0.601884 0.401611
vt 0.620514 0.405745
vt 0.632122 0.406882
vt 0.702434 0.641699
vt 0.692109 0.640855
vt 0.703310 0.651393
vt 0.682032 0.640667
vt 0.679788 0.650677
vt 0.697955 0.651477
vt 0.693249 0.647802
vt 0.698738 0.653493
vt 0.686237 0.652467
vt 0.704116 0.668079
vt 0.685501 0.670004
vt 0.702650 0.661745
vt 0.683382 0.662762
vt 0.710606 0.774329
vt 0.679619 0.667605
vt 0.689761 0.775065
vt 0.685904 0.659736
vt 0.700697 0.658711
vt 0.688320 0.654597
vt 0.711654 0.790695
vt 0.683569 0.788720
vt 0.740575 0.473580
vt 0.736102 0.485946
vt 0.722069 0.471010
vt 0.719168 0.452889
vt 0.732803 0.456792
vt 0.727812 0.497726
vt 0.710085 0.482146
vt 0.759297 0.484447
vt 0.751543 0.494709
vt 0.749177 0.453950
vt 0.744249 0.507597
vt 0.710001 0.506101
vt 0.710669 0.462482
vt 0.707160 0.453575
vt 0.709136 0.420736
vt 0.703307 0.433894
vt 0.690426 0.452390
vt 0.696048 0.467401
vt 0.673567 0.465775
vt 0.675443 0.452711
vt 0.739505 0.423111
vt 0.782933 0.459342
vt 0.661528 0.487970
vt 0.689995 0.509917
vt 0.724483 0.771919
vt 0.696575 0.413872
vt 0.702953 0.413835
vt 0.584798 0.458908
vt 0.665021 0.418164
vt 0.663646 0.434747
vt 0.717673 0.788962
vt 0.602048 0.441294
vt 0.605562 0.458406
vt 0.620683 0.449141
vt 0.608630 0.463956
vt 0.635690 0.453966
vt 0.669532 0.774656
vt 0.640595 0.437300
vt 0.627488 0.429723
vt 0.610933 0.418532
vt 0.611362 0.432294
vt 0.687373 0.436336
vt 0.695846 0.423736
vt 0.544113 0.972394
vt 0.526568 0.968650
vt 0.535025 0.963636
vt 0.521932 0.952429
vt 0.530283 0.943075
vt 0.524817 0.935788
vt 0.760517 0.431663
vt 0.748092 0.406685
vt 0.780351 0.397314
vt 0.788969 0.417935
vt 0.774870 0.397892
vt 0.653213 0.477863
vt 0.544579 0.950380
vt 0.554087 0.961464
vt 0.566174 0.948991
vt 0.548118 0.935505
vt 0.525360 0.932722
vt 0.541767 0.918404
vt 0.567787 0.932310
vt 0.560291 0.989155
vt 0.584835 0.966222
vt 0.572509 0.958539
vt 0.580295 0.944226
vt 0.575801 0.920589
vt 0.777214 0.500293
vt 0.808254 0.492304
vt 0.763431 0.521765
vt 0.784549 0.562792
vt 0.723300 0.536294
vt 0.749990 0.555013
vt 0.776116 0.516976
vt 0.797213 0.509100
vt 0.809601 0.473956
vt 0.779039 0.541729
vt 0.770044 0.569847
vt 0.772548 0.448596
vt 0.788330 0.445683
vt 0.795007 0.436002
vt 0.795569 0.464807
vt 0.758273 0.407414
vt 0.783006 0.420422
vt 0.709067 0.529334
vt 0.804941 0.444372
vt 0.721871 0.541228
vt 0.733977 0.548220
vt 0.814220 0.456417
vt 0.836802 0.477215
vt 0.829663 0.457224
vt 0.836659 0.470552
vt 0.814467 0.445311
vt 0.826233 0.445243
vt 0.800052 0.515281
vt 0.831283 0.518947
vt 0.787636 0.537858
vt 0.843915 0.490922
vt 0.823083 0.532908
vt 0.813030 0.556587
vt 0.825363 0.529681
vt 0.815729 0.548868
vt 0.816766 0.598434
vt 0.859308 0.477926
vt 0.858890 0.470320
vt 0.857638 0.454244
vt 0.839967 0.446402
vt 0.789202 0.587500
vt 0.839029 0.435433
vt 0.856594 0.445371
vt 0.766929 0.902859
vt 0.750693 0.913971
vt 0.764425 0.885109
vt 0.758681 0.877653
vt 0.680123 0.914928
vt 0.760042 0.867032
vt 0.856264 0.561497
vt 0.837348 0.582117
vt 0.744716 0.401550
vt 0.563557 0.854038
vt 0.562690 0.865486
vt 0.553202 0.862142
vt 0.759779 0.396487
vt 0.572093 0.870028
vt 0.548282 0.897921
vt 0.557529 0.886670
vt 0.572554 0.884347
vt 0.571163 0.898330
vt 0.581789 0.843177
vt 0.591329 0.851342
vt 0.582872 0.839923
vt 0.589916 0.832633
vt 0.588562 0.824823
vt 0.603693 0.840996
vt 0.600207 0.864063
vt 0.623638 0.867859
vt 0.581576 0.987529
vt 0.585839 0.986826
vt 0.556374 0.847052
vt 0.571927 0.842756
vt 0.595930 0.954080
vt 0.589399 0.927179
vt 0.609781 0.948941
vt 0.601936 0.909674
vt 0.643028 0.987355
vt 0.722325 0.958122
vt 0.678137 0.971634
vt 0.625886 0.961398
vt 0.606360 0.929410
vt 0.644719 0.964341
vt 0.614795 0.913058
vt 0.598546 0.825963
vt 0.595704 0.820221
vt 0.860688 0.483259
vt 0.858618 0.492328
vt 0.617573 0.833114
vt 0.810398 0.608281
vt 0.626863 0.836611
vt 0.680550 0.827501
vt 0.666863 0.970287
vt 0.665429 0.926868
vt 0.614922 0.884099
vt 0.707185 0.924688
vt 0.661756 0.922772
vt 0.654987 0.911363
vt 0.670921 0.900505
vt 0.679669 0.912188
vt 0.700580 0.848425
vt 0.675728 0.905919
vt 0.732940 0.830604
vt 0.247362 0.834829
vt 0.258745 0.839139
vt 0.243049 0.849909
vt 0.252391 0.862946
vt 0.254501 0.815833
vt 0.259572 0.798543
vt 0.244742 0.783289
vt 0.236222 0.824705
vt 0.265951 0.819262
vt 0.270744 0.807672
vt 0.267575 0.862852
vt 0.273259 0.799037
vt 0.289374 0.797156
vt 0.259625 0.777443
vt 0.266088 0.778661
vt 0.271115 0.778909
vt 0.283584 0.786125
vt 0.523827 0.108707
vt 0.521007 0.119934
vt 0.521637 0.109555
vt 0.529125 0.106453
vt 0.514441 0.088867
vt 0.531380 0.103336
vt 0.534368 0.099298
vt 0.535385 0.119383
vt 0.514806 0.121739
vt 0.523580 0.126651
vt 0.509270 0.100139
vt 0.514048 0.124691
vt 0.535660 0.124805
vt 0.531357 0.134352
vt 0.500200 0.117881
vt 0.499831 0.110730
vt 0.519794 0.082665
vt 0.529739 0.078854
vt 0.544579 0.099340
vt 0.547413 0.088204
vt 0.512536 0.072152
vt 0.523176 0.070901
vt 0.555039 0.118096
vt 0.555333 0.127552
vt 0.541202 0.138542
vt 0.550612 0.145778
vt 0.503355 0.098234
vt 0.509222 0.084363
vt 0.499438 0.095275
vt 0.490381 0.093529
vt 0.488856 0.088755
vt 0.484244 0.104946
vt 0.493829 0.112009
vt 0.496482 0.107860
vt 0.483288 0.113797
vt 0.473572 0.105818
vt 0.489534 0.082176
vt 0.490122 0.078286
vt 0.475542 0.098401
vt 0.471808 0.088987
vt 0.480515 0.075210
vt 0.465655 0.088875
vt 0.464204 0.098705
vt 0.460318 0.110321
vt 0.454552 0.103378
vt 0.516625 0.129984
vt 0.525046 0.135786
vt 0.511898 0.138311
vt 0.528540 0.140816
vt 0.515509 0.145124
vt 0.514691 0.149286
vt 0.510750 0.142365
vt 0.513824 0.154235
vt 0.492766 0.149022
vt 0.494986 0.123933
vt 0.495300 0.136214
vt 0.542389 0.152994
vt 0.516795 0.169861
vt 0.492993 0.159433
vt 0.475604 0.148043
vt 0.491860 0.170637
vt 0.479370 0.158705
vt 0.490827 0.122839
vt 0.490158 0.136148
vt 0.484936 0.134713
vt 0.483081 0.120027
vt 0.474043 0.132105
vt 0.469261 0.137919
vt 0.464976 0.140126
vt 0.459756 0.145863
vt 0.467519 0.154086
vt 0.470377 0.115488
vt 0.459914 0.124237
vt 0.455416 0.122794
vt 0.974919 0.944777
vt 0.963292 0.951026
vt 0.964005 0.931148
vt 0.969941 0.931038
vt 0.960880 0.937608
vt 0.946938 0.933042
vt 0.972692 0.924759
vt 0.964771 0.918073
vt 0.972315 0.916781
vt 0.945325 0.922595
vt 0.946229 0.927700
vt 0.947600 0.918130
vt 0.530561 0.072940
vt 0.532045 0.072988
vt 0.948340 0.954022
vt 0.949393 0.940526
vt 0.936241 0.947517
vt 0.923166 0.929691
vt 0.923251 0.934436
vt 0.924711 0.939180
vt 0.925974 0.920445
vt 0.965573 0.963070
vt 0.953364 0.968279
vt 0.956605 0.976109
vt 0.490157 0.068966
vt 0.939221 0.968939
vt 0.953190 0.983759
vt 0.946307 0.980219
vt 0.969257 0.986515
vt 0.964508 0.992241
vt 0.970729 0.988513
vt 0.457649 0.098511
vt 0.924439 0.957499
vt 0.924468 0.946546
vt 0.915499 0.951641
vt 0.918019 0.966148
vt 0.969947 0.910055
vt 0.962908 0.906601
vt 0.961623 0.892839
vt 0.948865 0.913387
vt 0.954612 0.906974
vt 0.946372 0.909361
vt 0.924330 0.896635
vt 0.956476 0.901236
vt 0.971411 0.892957
vt 0.961086 0.883988
vt 0.941235 0.887832
vt 0.924365 0.913190
vt 0.922875 0.906990
vt 0.963647 0.854967
vt 0.960659 0.862688
vt 0.952739 0.865549
vt 0.963190 0.850180
vt 0.960595 0.847783
vt 0.948331 0.858707
vt 0.960776 0.878071
vt 0.935331 0.895168
vt 0.935661 0.873013
vt 0.942268 0.862622
vt 0.920987 0.886732
vt 0.918844 0.917006
vt 0.915460 0.876873
vt 0.921604 0.872786
vt 0.137515 0.989484
vt 0.136803 0.977749
vt 0.143353 0.983469
vt 0.124160 0.988676
vt 0.114211 0.992353
vt 0.114628 0.978600
vt 0.122741 0.976298
vt 0.107983 0.976927
vt 0.099755 0.982987
vt 0.098009 0.993940
vt 0.093513 0.984688
vt 0.111995 0.883034
vt 0.113434 0.901121
vt 0.108379 0.889120
vt 0.108982 0.905181
vt 0.117661 0.889427
vt 0.128322 0.893798
vt 0.130601 0.908993
vt 0.118582 0.905369
vt 0.135219 0.899822
vt 0.116805 0.925006
vt 0.106898 0.880520
vt 0.103175 0.906556
vt 0.101549 0.885437
vt 0.092163 0.893647
vt 0.091756 0.908373
vt 0.145530 0.966915
vt 0.150999 0.974690
vt 0.154593 0.965921
vt 0.140756 0.958805
vt 0.127954 0.959404
vt 0.118424 0.958184
vt 0.116644 0.940515
vt 0.123559 0.942000
vt 0.135639 0.933197
vt 0.148154 0.931605
vt 0.111213 0.960386
vt 0.102779 0.961199
vt 0.089363 0.967945
vt 0.086242 0.982518
vt 0.082937 0.964542
vt 0.108952 0.925501
vt 0.092946 0.962303
vt 0.089379 0.935108
vt 0.073624 0.966025
vt 0.076508 0.939587
vt 0.125480 0.925175
vt 0.141663 0.920458
vt 0.134926 0.923461
vt 0.100635 0.927521
vt 0.088706 0.926902
vt 0.084682 0.914482
vt 0.078086 0.924634
vt 0.071561 0.927216
vt 0.382641 0.272013
vt 0.384737 0.294587
vt 0.376168 0.293857
vt 0.918332 0.926161
vt 0.355695 0.265565
vt 0.358963 0.274941
vt 0.352445 0.268718
vt 0.369709 0.270706
vt 0.377016 0.272047
vt 0.363050 0.282397
vt 0.363453 0.267134
vt 0.366002 0.293773
vt 0.356627 0.295603
vt 0.353901 0.282215
vt 0.391788 0.278880
vt 0.403804 0.286204
vt 0.381111 0.314979
vt 0.373677 0.312961
vt 0.360200 0.303308
vt 0.364561 0.310632
vt 0.355030 0.314097
vt 0.350843 0.308371
vt 0.369606 0.332595
vt 0.398927 0.316857
vt 0.389217 0.320637
vt 0.375676 0.329039
vt 0.385125 0.334493
vt 0.350853 0.289700
vt 0.347413 0.267552
vt 0.339826 0.267654
vt 0.343776 0.283314
vt 0.335696 0.265906
vt 0.333209 0.293163
vt 0.330653 0.268485
vt 0.327279 0.292167
vt 0.320449 0.271724
vt 0.317047 0.298310
vt 0.346244 0.297071
vt 0.340704 0.297567
vt 0.307494 0.278898
vt 0.345038 0.317112
vt 0.341089 0.313745
vt 0.323682 0.310199
vt 0.332501 0.329555
vt 0.327005 0.325189
vt 0.317482 0.328511
vt 0.312611 0.323310
vt 0.425445 0.299243
vt 0.434296 0.329977
vt 0.410235 0.343245
vt 0.281187 0.289250
vt 0.290533 0.333094
vt 0.267704 0.316363
vt 0.362183 0.334091
vt 0.355557 0.334682
vt 0.346725 0.333146
vt 0.373861 0.342751
vt 0.368787 0.361104
vt 0.348333 0.355424
vt 0.371926 0.410457
vt 0.369416 0.396884
vt 0.372448 0.394503
vt 0.355713 0.395668
vt 0.346145 0.411336
vt 0.346643 0.420662
vt 0.337646 0.418545
vt 0.354349 0.414576
vt 0.340612 0.402673
vt 0.347328 0.398011
vt 0.355605 0.389399
vt 0.344269 0.388605
vt 0.349532 0.378582
vt 0.349651 0.373835
vt 0.338900 0.331837
vt 0.331125 0.359264
vt 0.323559 0.336915
vt 0.331394 0.412110
vt 0.335401 0.387622
vt 0.334116 0.395207
vt 0.316280 0.404031
vt 0.320955 0.388840
vt 0.342708 0.371607
vt 0.344672 0.377929
vt 0.380510 0.352121
vt 0.405859 0.345998
vt 0.412984 0.352249
vt 0.401374 0.360321
vt 0.383975 0.375392
vt 0.369938 0.380208
vt 0.405759 0.386388
vt 0.394412 0.388855
vt 0.313326 0.344403
vt 0.294854 0.336781
vt 0.281855 0.343819
vt 0.308004 0.362919
vt 0.326057 0.376577
vt 0.251863 0.934078
vt 0.245093 0.933751
vt 0.241946 0.923635
vt 0.256789 0.919583
vt 0.266311 0.918935
vt 0.271655 0.924574
vt 0.268639 0.931313
vt 0.261915 0.932603
vt 0.254405 0.947977
vt 0.242889 0.962713
vt 0.236786 0.942356
vt 0.266578 0.951335
vt 0.272979 0.950791
vt 0.273434 0.939485
vt 0.236501 0.924078
vt 0.230307 0.921501
vt 0.226934 0.929732
vt 0.208359 0.927157
vt 0.214678 0.920469
vt 0.218813 0.939161
vt 0.228862 0.953075
vt 0.219666 0.952605
vt 0.212852 0.944022
vt 0.224453 0.954659
vt 0.276109 0.914789
vt 0.278684 0.916156
vt 0.278962 0.931458
vt 0.290273 0.914764
vt 0.291438 0.930468
vt 0.287677 0.940944
vt 0.282918 0.952668
vt 0.299610 0.922940
vt 0.301167 0.948401
vt 0.308405 0.943541
vt 0.307251 0.930506
vt 0.205638 0.944972
vt 0.214841 0.956570
vt 0.206784 0.958607
vt 0.193821 0.949917
vt 0.298298 0.915362
vt 0.299604 0.916050
vt 0.207528 0.965141
vt 0.189723 0.955293
vt 0.318237 0.944531
vt 0.318025 0.930669
vt 0.319127 0.939492
vt 0.304541 0.922837
vt 0.252327 0.970071
vt 0.258228 0.964580
vt 0.273471 0.966645
vt 0.247021 0.980357
vt 0.255298 0.977840
vt 0.268433 0.972672
vt 0.280174 0.964833
vt 0.227419 0.967876
vt 0.232153 0.970631
vt 0.222092 0.970752
vt 0.240469 0.976094
vt 0.243213 0.985902
vt 0.231085 0.982470
vt 0.238632 0.987382
vt 0.298586 0.961861
vt 0.312853 0.957821
vt 0.288083 0.969235
vt 0.219642 0.965776
vt 0.323854 0.953532
vt 0.328840 0.967472
vt 0.330688 0.967348
vt 0.310372 0.965932
vt 0.318410 0.970871
vt 0.210796 0.905899
vt 0.215193 0.902731
vt 0.204053 0.908745
vt 0.189975 0.912413
vt 0.201911 0.928758
vt 0.185182 0.916773
vt 0.210391 0.889291
vt 0.215043 0.896795
vt 0.186019 0.894153
vt 0.176565 0.903394
vt 0.173243 0.906415
vt 0.186548 0.931263
vt 0.183054 0.922625
vt 0.179410 0.937747
vt 0.172657 0.943573
vt 0.174693 0.953069
vt 0.160224 0.943280
vt 0.161614 0.926109
vt 0.170883 0.910659
vt 0.167865 0.914262
vt 0.226631 0.990203
vt 0.221340 0.991618
vt 0.557698 0.098761
vt 0.557344 0.080960
vt 0.563729 0.099145
vt 0.563660 0.115468
vt 0.565390 0.078686
vt 0.569744 0.093154
vt 0.573677 0.104178
vt 0.591292 0.115157
vt 0.584163 0.096923
vt 0.596323 0.103759
vt 0.583890 0.091225
vt 0.585077 0.116967
vt 0.603325 0.127361
vt 0.562353 0.063617
vt 0.569797 0.083357
vt 0.573840 0.072856
vt 0.577852 0.053925
vt 0.589698 0.060857
vt 0.585969 0.087267
vt 0.585254 0.081707
vt 0.588532 0.074129
vt 0.596742 0.090354
vt 0.599531 0.098405
vt 0.601421 0.091798
vt 0.599693 0.086527
vt 0.611227 0.092695
vt 0.622147 0.116989
vt 0.606697 0.103845
vt 0.619458 0.108713
vt 0.598596 0.077206
vt 0.610546 0.083015
vt 0.600821 0.080167
vt 0.621877 0.069216
vt 0.605797 0.073336
vt 0.621227 0.081865
vt 0.597328 0.139322
vt 0.597362 0.132533
vt 0.613594 0.135075
vt 0.579579 0.124734
vt 0.633914 0.121414
vt 0.629924 0.108518
vt 0.634026 0.093937
vt 0.648182 0.104453
vt 0.642617 0.091502
vt 0.654227 0.095835
vt 0.650746 0.082292
vt 0.624705 0.088087
vt 0.633351 0.086076
vt 0.583570 0.039266
vt 0.596581 0.046669
vt 0.608680 0.039892
vt 0.608036 0.049726
vt 0.636458 0.079723
vt 0.649016 0.069765
vt 0.633261 0.067675
vt 0.630023 0.052412
vt 0.619679 0.060570
vt 0.678883 0.262072
vt 0.691299 0.252027
vt 0.698596 0.263145
vt 0.680180 0.272974
vt 0.716779 0.287150
vt 0.694485 0.293543
vt 0.702720 0.298163
vt 0.721383 0.271621
vt 0.694398 0.240148
vt 0.702770 0.251570
vt 0.708707 0.246166
vt 0.707490 0.240805
vt 0.698073 0.236207
vt 0.706352 0.233294
vt 0.728358 0.252448
vt 0.724054 0.262516
vt 0.731050 0.242347
vt 0.751196 0.256666
vt 0.709732 0.197099
vt 0.737069 0.186828
vt 0.743084 0.202603
vt 0.740373 0.217621
vt 0.698011 0.231624
vt 0.701111 0.227109
vt 0.704978 0.214518
vt 0.716574 0.221741
vt 0.737215 0.227532
vt 0.733478 0.236831
vt 0.755497 0.251908
vt 0.714984 0.304035
vt 0.739248 0.320050
vt 0.747264 0.283931
vt 0.755863 0.302785
vt 0.765251 0.188167
vt 0.766960 0.228351
vt 0.784487 0.219726
vt 0.750766 0.272577
vt 0.756835 0.264482
vt 0.773688 0.265849
vt 0.764272 0.289222
vt 0.767810 0.280581
vt 0.771565 0.271679
vt 0.781572 0.274784
vt 0.786931 0.269119
vt 0.760127 0.247526
vt 0.762274 0.239714
vt 0.782377 0.236173
vt 0.776228 0.258365
vt 0.779825 0.253181
vt 0.781576 0.244618
vt 0.790447 0.258317
vt 0.792433 0.248213
vt 0.790625 0.263649
vt 0.817904 0.903751
vt 0.822055 0.921979
vt 0.815787 0.914288
vt 0.825867 0.918097
vt 0.843380 0.906885
vt 0.829245 0.910529
vt 0.838436 0.895261
vt 0.826572 0.899726
vt 0.836566 0.921776
vt 0.834348 0.931082
vt 0.839444 0.886856
vt 0.846598 0.891255
vt 0.847741 0.907913
vt 0.859806 0.900130
vt 0.823267 0.895702
vt 0.820370 0.896596
vt 0.864443 0.930029
vt 0.851939 0.941506
vt 0.842553 0.942289
vt 0.864568 0.898129
vt 0.876062 0.914865
vt 0.876694 0.895779
vt 0.881333 0.903018
vt 0.868892 0.929343
vt 0.880180 0.922240
vt 0.816057 0.926997
vt 0.807954 0.910703
vt 0.802646 0.918254
vt 0.803432 0.933254
vt 0.830197 0.934538
vt 0.810834 0.936605
vt 0.805863 0.939010
vt 0.800081 0.913612
vt 0.792616 0.932865
vt 0.787360 0.925956
vt 0.795835 0.950660
vt 0.835660 0.953857
vt 0.819689 0.955656
vt 0.840412 0.947352
vt 0.785804 0.963004
vt 0.791633 0.953984
vt 0.791064 0.968563
vt 0.803805 0.969751
vt 0.815879 0.969433
vt 0.856728 0.872759
vt 0.875591 0.865880
vt 0.880307 0.881521
vt 0.863821 0.882158
vt 0.868384 0.886299
vt 0.168826 0.734899
vt 0.183115 0.735642
vt 0.169546 0.747672
vt 0.174389 0.719997
vt 0.181165 0.730261
vt 0.172050 0.728674
vt 0.353004 0.375551
vt 0.883694 0.864649
vt 0.886143 0.863221
vt 0.890054 0.874945
vt 0.887364 0.882226
vt 0.185440 0.732529
vt 0.886604 0.900092
vt 0.883385 0.912154
vt 0.891454 0.909056
vt 0.904844 0.898971
vt 0.894753 0.917665
vt 0.893991 0.881801
vt 0.324267 0.382012
vt 0.775858 0.947327
vt 0.766596 0.938993
vt 0.769804 0.968369
vt 0.773587 0.964008
vt 0.778317 0.951991
vt 0.753573 0.961488
vt 0.761404 0.969973
vt 0.753582 0.965309
vt 0.756636 0.954658
vt 0.214463 0.132138
vt 0.200513 0.140060
vt 0.203375 0.127866
vt 0.210430 0.142827
vt 0.764183 0.971103
vt 0.767779 0.974561
vt 0.207673 0.147258
vt 0.198478 0.146130
vt 0.199010 0.127162
vt 0.199179 0.155078
vt 0.790027 0.973006
vt 0.795416 0.981041
vt 0.800353 0.989824
vt 0.781035 0.991005
vt 0.920530 0.158555
vt 0.909311 0.156333
vt 0.918202 0.148792
vt 0.925426 0.140561
vt 0.924451 0.151983
vt 0.904629 0.143387
vt 0.904391 0.134813
vt 0.933872 0.142272
vt 0.930927 0.128833
vt 0.921331 0.129194
vt 0.939234 0.144252
vt 0.938359 0.130515
vt 0.945601 0.131565
vt 0.935323 0.118058
vt 0.935185 0.104298
vt 0.916447 0.108840
vt 0.933812 0.087374
vt 0.916865 0.095133
vt 0.921804 0.098929
vt 0.912082 0.096984
vt 0.905410 0.102026
vt 0.910760 0.121751
vt 0.949173 0.118103
vt 0.823929 0.963519
vt 0.950402 0.141283
vt 0.956142 0.140417
vt 0.961806 0.147262
vt 0.944876 0.144823
vt 0.952702 0.128712
vt 0.960005 0.129825
vt 0.977364 0.134304
vt 0.977428 0.143639
vt 0.979048 0.126596
vt 0.948623 0.093685
vt 0.951907 0.111333
vt 0.967237 0.109136
vt 0.958118 0.095410
vt 0.965705 0.120824
vt 0.962150 0.099101
vt 0.967922 0.094757
vt 0.976466 0.100492
vt 0.978016 0.094592
vt 0.903021 0.160334
vt 0.890529 0.157339
vt 0.902813 0.126067
vt 0.891492 0.145441
vt 0.180840 0.679668
vt 0.175877 0.688286
vt 0.168236 0.681657
vt 0.180638 0.677342
vt 0.179283 0.673627
vt 0.182723 0.668984
vt 0.168560 0.672309
vt 0.171518 0.667323
vt 0.902831 0.111046
vt 0.895860 0.107418
vt 0.892408 0.116444
vt 0.898419 0.095137
vt 0.898628 0.101617
vt 0.889811 0.107180
vt 0.891491 0.119044
vt 0.891593 0.126597
vt 0.182752 0.658743
vt 0.161243 0.643974
vt 0.886125 0.100165
vt 0.171626 0.634685
vt 0.170151 0.643790
vt 0.164716 0.637394
vt 0.177396 0.635832
vt 0.178857 0.648120
vt 0.967642 0.152494
vt 0.988756 0.143002
vt 0.989715 0.150445
vt 0.989204 0.158696
vt 0.989233 0.132055
vt 0.992818 0.135587
vt 0.190094 0.210268
vt 0.179891 0.197173
vt 0.193106 0.208967
vt 0.182085 0.204784
vt 0.980804 0.122362
vt 0.978557 0.109593
vt 0.983728 0.114222
vt 0.988351 0.106406
vt 0.985062 0.099138
vt 0.990785 0.121551
vt 0.179324 0.212965
vt 0.994697 0.105754
vt 0.995000 0.115912
vt 0.179797 0.237173
vt 0.174064 0.236114
vt 0.174572 0.227567
vt 0.997956 0.100028
vt 0.995029 0.092450
vt 0.156152 0.733672
vt 0.155039 0.723272
vt 0.173989 0.702950
vt 0.142063 0.696160
vt 0.169722 0.696634
vt 0.194860 0.136970
vt 0.184892 0.138460
vt 0.179928 0.128051
vt 0.179935 0.146604
vt 0.192517 0.168459
vt 0.179759 0.179001
vt 0.166082 0.169555
vt 0.120893 0.729808
vt 0.146132 0.143956
vt 0.151174 0.122167
vt 0.140821 0.165363
vt 0.163395 0.688408
vt 0.156401 0.674095
vt 0.159586 0.668113
vt 0.145040 0.677007
vt 0.140016 0.670583
vt 0.156314 0.640234
vt 0.151873 0.664451
vt 0.136846 0.661281
vt 0.135147 0.646466
vt 0.183885 0.189765
vt 0.172977 0.190015
vt 0.193497 0.189533
vt 0.155417 0.187734
vt 0.173303 0.202741
vt 0.163716 0.194874
vt 0.167834 0.200964
vt 0.141506 0.190997
vt 0.166223 0.224985
vt 0.183697 0.226094
vt 0.167625 0.232716
vt 0.160960 0.228143
vt 0.147209 0.221363
vt 0.141079 0.210636
vt 0.119820 0.681368
vt 0.122058 0.671814
vt 0.527553 0.905616
vt 0.508393 0.906840
vt 0.520797 0.899501
vt 0.118104 0.666821
vt 0.118392 0.654820
vt 0.529378 0.901213
vt 0.136849 0.178496
vt 0.334925 0.912887
vt 0.317245 0.912851
vt 0.322967 0.903641
vt 0.129245 0.195818
vt 0.312448 0.899341
vt 0.330638 0.883036
vt 0.232414 0.865245
vt 0.234998 0.871503
vt 0.244669 0.875405
vt 0.252363 0.877382
vt 0.928298 0.091804
vt 0.224656 0.855717
vt 0.196104 0.857632
vt 0.303853 0.815112
vt 0.297105 0.878786
vt 0.203162 0.872663
vt 0.188708 0.874595
vt 0.191042 0.858793
vt 0.196439 0.873017
vt 0.183694 0.855757
vt 0.188750 0.844983
vt 0.184083 0.867636
vt 0.127639 0.389260
vt 0.137559 0.403491
vt 0.115955 0.398780
vt 0.119926 0.402552
vt 0.125034 0.410504
vt 0.118061 0.412459
vt 0.120261 0.406632
vt 0.187833 0.831374
vt 0.193362 0.843367
vt 0.181914 0.823993
vt 0.116395 0.417140
vt 0.106582 0.410404
vt 0.121069 0.409679
vt 0.105271 0.423954
vt 0.115824 0.432922
vt 0.100667 0.437535
vt 0.269782 0.894692
vt 0.289731 0.894420
vt 0.277295 0.902988
vt 0.285600 0.889480
vt 0.283258 0.908097
vt 0.127676 0.633278
vt 0.132484 0.615300
vt 0.151992 0.621327
vt 0.126088 0.614961
vt 0.120618 0.623619
vt 0.120062 0.604095
vt 0.127605 0.611000
vt 0.129501 0.607569
vt 0.301244 0.882717
vt 0.308791 0.873872
vt 0.303904 0.887814
vt 0.125846 0.605095
vt 0.133282 0.605550
vt 0.141071 0.594161
vt 0.112851 0.600233
vt 0.110996 0.594383
vt 0.120071 0.590013
vt 0.309832 0.879739
vt 0.222397 0.780915
vt 0.195765 0.796897
vt 0.203923 0.777546
vt 0.192411 0.808026
vt 0.194402 0.814937
vt 0.189925 0.799864
vt 0.180951 0.806727
vt 0.106389 0.441777
vt 0.098208 0.451380
vt 0.123887 0.438749
vt 0.097169 0.446466
vt 0.109622 0.448497
vt 0.189244 0.793513
vt 0.179327 0.790597
vt 0.186784 0.778861
vt 0.183603 0.780573
vt 0.201474 0.772810
vt 0.094008 0.467299
vt 0.125604 0.453303
vt 0.125386 0.460619
vt 0.104616 0.468258
vt 0.095299 0.473993
vt 0.116534 0.487432
vt 0.314674 0.854570
vt 0.321298 0.852084
vt 0.316773 0.872752
vt 0.328937 0.841461
vt 0.328252 0.847459
vt 0.324347 0.868691
vt 0.122449 0.581507
vt 0.111508 0.570787
vt 0.133106 0.579023
vt 0.104759 0.581940
vt 0.103340 0.577680
vt 0.106015 0.572416
vt 0.338273 0.854436
vt 0.331840 0.857148
vt 0.341288 0.850655
vt 0.340486 0.837849
vt 0.343657 0.830869
vt 0.344910 0.835080
vt 0.102211 0.565007
vt 0.109644 0.565120
vt 0.101779 0.547127
vt 0.122843 0.571199
vt 0.345459 0.846941
vt 0.112658 0.550468
vt 0.103206 0.542067
vt 0.134111 0.558467
vt 0.169213 0.628092
vt 0.149850 0.396613
vt 0.166977 0.404737
vt 0.135983 0.424240
vt 0.154573 0.395884
vt 0.159052 0.418160
vt 0.136798 0.435629
vt 0.145266 0.435954
vt 0.160812 0.423364
vt 0.154084 0.430741
vt 0.155637 0.435209
vt 0.158506 0.439898
vt 0.173903 0.441459
vt 0.168476 0.241635
vt 0.160134 0.233126
vt 0.161167 0.623977
vt 0.166976 0.614359
vt 0.168742 0.598326
vt 0.145932 0.584652
vt 0.161966 0.591128
vt 0.140531 0.573544
vt 0.163557 0.581074
vt 0.168348 0.590626
vt 0.164327 0.584512
vt 0.170088 0.577688
vt 0.171086 0.430185
vt 0.162900 0.431371
vt 0.160171 0.428284
vt 0.180297 0.612001
vt 0.181549 0.588451
vt 0.589713 0.595400
vt 0.600526 0.607079
vt 0.585177 0.619357
vt 0.172138 0.588238
vt 0.179741 0.574978
vt 0.603603 0.614867
vt 0.606230 0.622943
vt 0.155692 0.458104
vt 0.173950 0.462453
vt 0.159959 0.560053
vt 0.176442 0.552779
vt 0.135806 0.530922
vt 0.175973 0.453637
vt 0.148458 0.496536
vt 0.164525 0.485164
vt 0.182696 0.559101
vt 0.183858 0.567184
vt 0.594472 0.648154
vt 0.623869 0.665826
vt 0.587978 0.666374
vt 0.479601 0.963526
vt 0.469553 0.935946
vt 0.499552 0.955279
vt 0.518878 0.928375
vt 0.452935 0.937352
vt 0.458871 0.958694
vt 0.471617 0.900888
vt 0.458044 0.916167
vt 0.341339 0.947185
vt 0.376983 0.940914
vt 0.366675 0.966791
vt 0.370306 0.914262
vt 0.377483 0.963700
vt 0.391050 0.941022
vt 0.382321 0.961235
vt 0.791581 0.237754
vt 0.387114 0.918379
vt 0.509776 0.880918
vt 0.505539 0.893982
vt 0.498090 0.898143
vt 0.486735 0.897159
vt 0.496591 0.891233
vt 0.450709 0.899169
vt 0.469365 0.872961
vt 0.344384 0.901179
vt 0.339399 0.897176
vt 0.350899 0.893948
vt 0.353676 0.898269
vt 0.359622 0.902658
vt 0.371924 0.898990
vt 0.387858 0.889915
vt 0.359257 0.868599
vt 0.376801 0.869801
vt 0.442431 0.953683
vt 0.443704 0.939394
vt 0.432081 0.946312
vt 0.425467 0.949006
vt 0.418310 0.947108
vt 0.425962 0.923504
vt 0.443814 0.919773
vt 0.430948 0.920361
vt 0.441545 0.900131
vt 0.418410 0.921963
vt 0.422482 0.899691
vt 0.410060 0.956555
vt 0.399761 0.944834
vt 0.411786 0.946313
vt 0.411858 0.923667
vt 0.400555 0.921369
vt 0.398559 0.904208
vt 0.415160 0.889921
vt 0.444486 0.884067
vt 0.465628 0.863581
vt 0.439696 0.869833
vt 0.463736 0.859814
vt 0.451967 0.861275
vt 0.439018 0.852858
vt 0.430742 0.888592
vt 0.424634 0.869292
vt 0.428049 0.849418
vt 0.415120 0.855151
vt 0.397805 0.886865
vt 0.395100 0.868329
vt 0.410374 0.869858
vt 0.406515 0.846715
vt 0.358011 0.603606
vt 0.371964 0.604519
vt 0.382461 0.620819
vt 0.355275 0.617488
vt 0.346700 0.627109
vt 0.493230 0.867622
vt 0.366998 0.636771
vt 0.344279 0.640867
vt 0.374772 0.643357
vt 0.347023 0.648666
vt 0.399545 0.629671
vt 0.358286 0.667084
vt 0.416177 0.667261
vt 0.569848 0.604099
vt 0.556737 0.613152
vt 0.559200 0.607467
vt 0.567405 0.627354
vt 0.599775 0.636330
vt 0.601641 0.642539
vt 0.558862 0.631750
vt 0.547752 0.632432
vt 0.407554 0.618214
vt 0.413555 0.638788
vt 0.406406 0.631491
vt 0.426721 0.630840
vt 0.538013 0.620848
vt 0.507756 0.632981
vt 0.495112 0.654927
vt 0.530812 0.653935
vt 0.548970 0.668955
vt 0.389201 0.681155
vt 0.354066 0.695973
vt 0.327870 0.682752
vt 0.626164 0.675473
vt 0.588678 0.687983
vt 0.576810 0.696592
vt 0.398662 0.702652
vt 0.439517 0.661097
vt 0.447483 0.638486
vt 0.457528 0.668733
vt 0.517489 0.705761
vt 0.464775 0.644995
vt 0.468087 0.668285
vt 0.484620 0.654589
vt 0.476213 0.680861
vt 0.416768 0.840152
vt 0.423858 0.846649
vt 0.490971 0.638616
vt 0.496532 0.715746
vt 0.456905 0.698797
vt 0.469831 0.696134
vt 0.483912 0.691220
vt 0.423863 0.705627
vt 0.435453 0.729067
vt 0.540763 0.716323
vt 0.467827 0.716683
vt 0.482360 0.722019
vt 0.457607 0.735202
vt 0.471953 0.738525
vt 0.492364 0.733281
vt 0.860287 0.058653
vt 0.891305 0.050698
vt 0.884649 0.062781
vt 0.854809 0.088838
vt 0.859766 0.096683
vt 0.832905 0.086982
vt 0.892574 0.039435
vt 0.854940 0.040272
vt 0.889305 0.028864
vt 0.027207 0.757262
vt 0.023283 0.751406
vt 0.030370 0.728863
vt 0.012885 0.916384
vt 0.025695 0.917447
vt 0.010214 0.936256
vt 0.025838 0.938718
vt 0.828984 0.082548
vt 0.871909 0.199868
vt 0.876773 0.218134
vt 0.867263 0.219960
vt 0.861282 0.226966
vt 0.856361 0.214766
vt 0.860417 0.217869
vt 0.846611 0.225280
vt 0.843096 0.229259
vt 0.837968 0.207204
vt 0.856029 0.228441
vt 0.851576 0.220944
vt 0.847894 0.202229
vt 0.853729 0.213538
vt 0.822978 0.226452
vt 0.831770 0.208818
vt 0.921581 0.204634
vt 0.903739 0.199454
vt 0.911128 0.186810
vt 0.024267 0.727021
vt 0.006189 0.924172
vt 0.978113 0.959590
vt 0.983552 0.956893
vt 0.977541 0.967253
vt 0.990241 0.918245
vt 0.989121 0.924589
vt 0.981073 0.922631
vt 0.964359 0.006494
vt 0.984584 0.025290
vt 0.958346 0.011670
vt 0.980158 0.032348
vt 0.954822 0.015180
vt 0.949932 0.022788
vt 0.393955 0.008422
vt 0.392573 0.035886
vt 0.383501 0.010870
vt 0.398227 0.026269
vt 0.379024 0.013829
vt 0.378386 0.043936
vt 0.957804 0.043433
vt 0.942480 0.036465
vt 0.066612 0.968999
vt 0.031033 0.970815
vt 0.043624 0.950221
vt 0.067561 0.965705
vt 0.056691 0.944161
vt 0.039860 0.929155
vt 0.017016 0.176005
vt 0.014734 0.167494
vt 0.029169 0.172823
vt 0.024763 0.162948
vt 0.016944 0.143676
vt 0.025353 0.131495
vt 0.030576 0.143564
vt 0.036241 0.165212
vt 0.885139 0.196906
vt 0.897083 0.213101
vt 0.975757 0.332955
vt 0.989099 0.331364
vt 0.991815 0.332196
vt 0.989808 0.342522
vt 0.989719 0.356795
vt 0.972609 0.357101
vt 0.846058 0.214156
vt 0.914045 0.184060
vt 0.992772 0.369890
vt 0.978033 0.384452
vt 0.995331 0.386016
vt 0.973486 0.394236
vt 0.816595 0.238454
vt 0.811524 0.237118
vt 0.806392 0.217650
vt 0.945154 0.731865
vt 0.927443 0.731902
vt 0.942263 0.728899
vt 0.059255 0.034200
vt 0.047489 0.038406
vt 0.048157 0.026163
vt 0.057014 0.018119
vt 0.072214 0.027929
vt 0.196669 0.992745
vt 0.191701 0.972342
vt 0.202566 0.985855
vt 0.062987 0.049176
vt 0.058450 0.047871
vt 0.070045 0.044668
vt 0.078850 0.010800
vt 0.080650 0.024420
vt 0.092281 0.028526
vt 0.088875 0.032253
vt 0.095939 0.870830
vt 0.087675 0.870275
vt 0.099085 0.859250
vt 0.967200 0.574296
vt 0.953759 0.561188
vt 0.976759 0.557717
vt 0.972010 0.548618
vt 0.983309 0.550010
vt 0.986928 0.568614
vt 0.994300 0.548153
vt 0.994552 0.556234
vt 0.185054 0.971554
vt 0.193937 0.963722
vt 0.167464 0.972484
vt 0.173666 0.962707
vt 0.099912 0.797632
vt 0.100809 0.813915
vt 0.084837 0.811024
vt 0.089150 0.817840
vt 0.173838 0.994152
vt 0.168481 0.990097
vt 0.156268 0.983698
vt 0.158088 0.972599
vt 0.099414 0.846528
vt 0.079252 0.858509
vt 0.087743 0.844319
vt 0.083095 0.816887
vt 0.209702 0.069564
vt 0.215126 0.044257
vt 0.213872 0.069956
vt 0.212512 0.074779
vt 0.225132 0.073142
vt 0.223358 0.056251
vt 0.074344 0.847983
vt 0.066956 0.849291
vt 0.208738 0.050175
vt 0.080255 0.844891
vt 0.223188 0.041201
vt 0.235444 0.046431
vt 0.236067 0.039694
vt 0.036590 0.042234
vt 0.030097 0.053053
vt 0.020214 0.045453
vt 0.017220 0.059405
vt 0.003801 0.049006
vt 0.032259 0.034001
vt 0.032329 0.193585
vt 0.039162 0.179432
vt 0.030878 0.943835
vt 0.038619 0.024462
vt 0.019917 0.026672
vt 0.031174 0.017309
vt 0.013832 0.039915
vt 0.002221 0.041353
vt 0.003627 0.027323
vt 0.774420 0.093261
vt 0.785958 0.102198
vt 0.777317 0.107609
vt 0.026811 0.006009
vt 0.021147 0.008337
vt 0.009061 0.017565
vt 0.786060 0.143436
vt 0.787981 0.116151
vt 0.799058 0.132208
vt 0.879476 0.970061
vt 0.884326 0.972244
vt 0.878818 0.976176
vt 0.871618 0.974451
vt 0.877376 0.969969
vt 0.874012 0.993653
vt 0.879314 0.993413
vt 0.904003 0.973377
vt 0.904214 0.991850
vt 0.461832 0.042433
vt 0.471382 0.061178
vt 0.460398 0.060287
vt 0.040140 0.147382
vt 0.045467 0.139932
vt 0.036521 0.152911
vt 0.800126 0.143545
vt 0.911760 0.985112
vt 0.763016 0.073297
vt 0.785699 0.074303
vt 0.782309 0.085897
vt 0.790222 0.077749
vt 0.547500 0.048636
vt 0.530861 0.065216
vt 0.529498 0.045014
vt 0.522691 0.053964
vt 0.299601 0.422111
vt 0.277793 0.403097
vt 0.315329 0.421337
vt 0.302904 0.401777
vt 0.264666 0.408742
vt 0.260794 0.314726
vt 0.262320 0.329138
vt 0.245740 0.317348
vt 0.332604 0.427540
vt 0.340389 0.451430
vt 0.294456 0.438596
vt 0.281948 0.419425
vt 0.265156 0.428232
vt 0.267181 0.419338
vt 0.324434 0.512353
vt 0.265447 0.392869
vt 0.238810 0.401478
vt 0.243958 0.419252
vt 0.261186 0.355476
vt 0.257208 0.372310
vt 0.244231 0.366745
vt 0.211457 0.432382
vt 0.207318 0.413297
vt 0.243972 0.439312
vt 0.795583 0.091511
vt 0.241276 0.333522
vt 0.251352 0.344645
vt 0.495425 0.065287
vt 0.493884 0.048224
vt 0.510129 0.063259
vt 0.509563 0.048758
vt 0.237115 0.355211
vt 0.802294 0.108975
vt 0.230759 0.382055
vt 0.224995 0.281471
vt 0.232693 0.299402
vt 0.158841 0.286727
vt 0.178293 0.317281
vt 0.197745 0.530504
vt 0.191792 0.538843
vt 0.947224 0.549117
vt 0.948494 0.563666
vt 0.938026 0.547054
vt 0.946708 0.581536
vt 0.923087 0.559930
vt 0.928229 0.552327
vt 0.895370 0.026842
vt 0.916485 0.021593
vt 0.921688 0.039905
vt 0.969082 0.540911
vt 0.972401 0.536297
vt 0.980345 0.531948
vt 0.249297 0.034721
vt 0.253968 0.021473
vt 0.269268 0.026316
vt 0.993719 0.533592
vt 0.996536 0.534218
vt 0.484478 0.054137
vt 0.934743 0.021507
vt 0.931997 0.032673
vt 0.924436 0.036549
vt 0.923282 0.012097
vt 0.930686 0.012150
vt 0.915303 0.014512
vt 0.280764 0.014528
vt 0.275105 0.028778
vt 0.287542 0.019900
vt 0.270069 0.040797
vt 0.277630 0.041487
vt 0.290278 0.026739
vt 0.282404 0.031190
vt 0.285508 0.040094
vt 0.067734 0.810636
vt 0.067212 0.802947
vt 0.074438 0.814553
vt 0.465309 0.021042
vt 0.480048 0.016162
vt 0.464755 0.029817
vt 0.738428 0.986903
vt 0.746785 0.980891
vt 0.750667 0.992389
vt 0.756775 0.987232
vt 0.759709 0.980942
vt 0.737303 0.967468
vt 0.746763 0.966093
vt 0.764093 0.988221
vt 0.765265 0.983953
vt 0.408025 0.982260
vt 0.396792 0.987059
vt 0.395392 0.969514
vt 0.409910 0.969337
vt 0.744885 0.960527
vt 0.419328 0.982036
vt 0.465627 0.006747
vt 0.454823 0.016044
vt 0.453583 0.023048
vt 0.468830 0.005091
vt 0.473681 0.005187
vt 0.454140 0.004188
vt 0.449845 0.008770
vt 0.447874 0.986269
vt 0.438949 0.968538
vt 0.453815 0.976921
vt 0.483109 0.004578
vt 0.485132 0.008803
vt 0.429308 0.975200
vt 0.439310 0.984812
vt 0.509638 0.041503
vt 0.940309 0.021471
vt 0.195201 0.323623
vt 0.195632 0.331716
vt 0.194908 0.342147
vt 0.194752 0.347562
vt 0.193391 0.354736
vt 0.218528 0.399625
vt 0.171192 0.348233
vt 0.159666 0.393206
vt 0.172136 0.330413
vt 0.170167 0.342613
vt 0.334520 0.181535
vt 0.372129 0.187366
vt 0.333504 0.204653
vt 0.353577 0.219324
vt 0.389396 0.135664
vt 0.414352 0.134371
vt 0.414719 0.161063
vt 0.970747 0.875701
vt 0.984071 0.875319
vt 0.986443 0.882569
vt 0.990957 0.860103
vt 0.967832 0.864618
vt 0.975930 0.859238
vt 0.337876 0.169145
vt 0.372577 0.182281
vt 0.381222 0.175457
vt 0.349413 0.149951
vt 0.387776 0.171774
vt 0.425522 0.217053
vt 0.437973 0.200754
vt 0.378730 0.236651
vt 0.350336 0.227251
vt 0.364350 0.248763
vt 0.398621 0.235602
vt 0.430945 0.152921
vt 0.450502 0.170062
vt 0.469312 0.832563
vt 0.470098 0.820585
vt 0.483496 0.829814
vt 0.470658 0.799093
vt 0.452402 0.832408
vt 0.482533 0.819804
vt 0.481646 0.797383
vt 0.493433 0.842427
vt 0.470176 0.810012
vt 0.482668 0.807561
vt 0.498013 0.774569
vt 0.469687 0.769506
vt 0.473780 0.786862
vt 0.481617 0.775796
vt 0.953605 0.219919
vt 0.982483 0.225628
vt 0.969608 0.232468
vt 0.969891 0.219048
vt 0.450770 0.142549
vt 0.236905 0.071116
vt 0.981641 0.212145
vt 0.955774 0.204367
vt 0.977952 0.203832
vt 0.987717 0.201609
vt 0.947078 0.238643
vt 0.923530 0.218850
vt 0.874862 0.271368
vt 0.867640 0.259834
vt 0.879585 0.246263
vt 0.900848 0.249058
vt 0.888457 0.235771
vt 0.859222 0.246117
vt 0.913917 0.228335
vt 0.043279 0.210598
vt 0.052554 0.195423
vt 0.067907 0.220596
vt 0.952258 0.197220
vt 0.470744 0.969429
vt 0.467803 0.983782
vt 0.465413 0.969743
vt 0.031771 0.274471
vt 0.061887 0.272737
vt 0.049194 0.282342
vt 0.422653 0.963054
vt 0.038540 0.227875
vt 0.030254 0.218923
vt 0.413172 0.956590
vt 0.024053 0.235191
vt 0.029843 0.249383
vt 0.043148 0.244670
vt 0.024020 0.255930
vt 0.049530 0.256821
vt 0.081959 0.228977
vt 0.069420 0.233465
vt 0.075138 0.261697
vt 0.069614 0.251522
vt 0.081050 0.240377
vt 0.055395 0.241561
vt 0.287408 0.459798
vt 0.268782 0.446689
vt 0.287938 0.485901
vt 0.224822 0.484027
vt 0.315028 0.560356
vt 0.305351 0.552089
vt 0.252640 0.580223
vt 0.296872 0.548426
vt 0.205189 0.528973
vt 0.304205 0.512225
vt 0.266824 0.454338
vt 0.249115 0.453948
vt 0.291593 0.545628
vt 0.248618 0.556875
vt 0.237382 0.554195
vt 0.210077 0.526377
vt 0.181342 0.541903
vt 0.133780 0.326706
vt 0.147346 0.380736
vt 0.267216 0.530308
vt 0.248746 0.532234
vt 0.258354 0.533588
vt 0.244724 0.530317
vt 0.268747 0.459038
vt 0.278857 0.472405
vt 0.263863 0.460958
vt 0.264610 0.467635
vt 0.276328 0.480306
vt 0.261878 0.473820
vt 0.249881 0.470012
vt 0.246732 0.481917
vt 0.259374 0.482310
vt 0.274503 0.491443
vt 0.263068 0.517955
vt 0.249079 0.514567
vt 0.916985 0.471932
vt 0.923277 0.472340
vt 0.886250 0.507534
vt 0.251963 0.515857
vt 0.260585 0.517140
vt 0.439302 0.286205
vt 0.430382 0.237657
vt 0.494906 0.250005
vt 0.496953 0.263365
vt 0.919200 0.448926
vt 0.933779 0.448900
vt 0.937671 0.472071
vt 0.922989 0.448039
vt 0.901923 0.451670
vt 0.937886 0.447532
vt 0.951748 0.451084
vt 0.872478 0.443888
vt 0.984810 0.466785
vt 0.922377 0.397279
vt 0.867931 0.487013
vt 0.878347 0.504116
vt 0.972968 0.417395
vt 0.963416 0.503101
vt 0.980485 0.517226
vt 0.595841 0.260619
vt 0.516822 0.257326
vt 0.515386 0.247964
vt 0.976145 0.394470
vt 0.544187 0.179046
vt 0.514150 0.243525
vt 0.542713 0.183223
vt 0.905947 0.629247
vt 0.906043 0.652079
vt 0.901006 0.628711
vt 0.926775 0.652454
vt 0.887248 0.630085
vt 0.883862 0.654052
vt 0.877403 0.631328
vt 0.902033 0.652790
vt 0.889929 0.653093
vt 0.947413 0.633773
vt 0.860756 0.606983
vt 0.946612 0.691117
vt 0.831688 0.655373
vt 0.867812 0.721049
vt 0.887495 0.569541
vt 0.893274 0.572774
vt 0.914369 0.711110
vt 0.956475 0.608630
vt 0.909402 0.569816
vt 0.828211 0.619456
vt 0.440610 0.365455
vt 0.466422 0.435970
vt 0.463866 0.439186
vt 0.451355 0.196039
vt 0.481865 0.200578
vt 0.494997 0.246831
vt 0.563189 0.274850
vt 0.561157 0.297860
vt 0.516835 0.261372
vt 0.520149 0.184795
vt 0.481307 0.307598
vt 0.508200 0.272569
vt 0.521960 0.315339
vt 0.556763 0.205305
vt 0.492986 0.419528
vt 0.550485 0.393801
vt 0.484047 0.447443
vt 0.480970 0.454122
vt 0.549580 0.447615
vt 0.415689 0.495167
vt 0.454280 0.462443
vt 0.463123 0.508127
vt 0.396773 0.463951
vt 0.397444 0.439856
vt 0.457601 0.449679
vt 0.474715 0.462191
vt 0.502003 0.519438
vt 0.520718 0.830006
vt 0.546155 0.805228
vt 0.543560 0.828614
vt 0.428996 0.828985
vt 0.453188 0.782847
vt 0.391803 0.827362
vt 0.386974 0.817079
vt 0.393028 0.817370
vt 0.405100 0.809971
vt 0.396318 0.797705
vt 0.392634 0.798599
vt 0.390046 0.815373
vt 0.377942 0.804642
vt 0.389398 0.802216
vt 0.379091 0.794473
vt 0.366760 0.789654
vt 0.358696 0.817785
vt 0.412598 0.806804
vt 0.406172 0.804544
vt 0.408719 0.800791
vt 0.415066 0.788887
vt 0.401081 0.794779
vt 0.382038 0.784701
vt 0.390418 0.770834
vt 0.388689 0.779457
vt 0.335137 0.819564
vt 0.563093 0.814504
vt 0.556123 0.827043
vt 0.340067 0.821492
vt 0.563042 0.810674
vt 0.559408 0.796337
vt 0.573916 0.802616
vt 0.538563 0.788947
vt 0.545520 0.798551
vt 0.556645 0.791744
vt 0.551553 0.789271
vt 0.560978 0.801744
vt 0.573717 0.768333
vt 0.587731 0.785037
vt 0.562936 0.770571
vt 0.547830 0.766844
vt 0.565388 0.780346
vt 0.420492 0.766230
vt 0.529772 0.761447
vt 0.456099 0.755856
vt 0.469574 0.751276
vt 0.480083 0.758603
vt 0.484248 0.748512
vt 0.412148 0.773261
vt 0.405436 0.770117
vt 0.417311 0.762669
vt 0.409336 0.748937
vt 0.381929 0.759632
vt 0.401027 0.755007
vt 0.438972 0.740949
vt 0.425990 0.752901
vt 0.421017 0.749597
vt 0.432705 0.737977
vt 0.423421 0.734039
vt 0.405244 0.749180
vt 0.402203 0.751403
vt 0.400159 0.748850
vt 0.539062 0.769647
vt 0.535052 0.760957
vt 0.509127 0.739252
vt 0.529220 0.748645
vt 0.519816 0.735053
vt 0.540286 0.741761
vt 0.527799 0.731646
vt 0.545488 0.744256
vt 0.551162 0.747176
vt 0.550032 0.750301
vt 0.325891 0.799920
vt 0.368083 0.776536
vt 0.379411 0.769408
vt 0.335954 0.763525
vt 0.577669 0.822802
vt 0.613775 0.803400
vt 0.622374 0.756830
vt 0.586260 0.772081
vt 0.324555 0.768546
vt 0.361219 0.755407
vt 0.365890 0.755110
vt 0.370060 0.734446
vt 0.357752 0.741726
vt 0.405976 0.727013
vt 0.362389 0.740561
vt 0.379860 0.723146
vt 0.387866 0.720265
vt 0.366140 0.721910
vt 0.567178 0.751838
vt 0.579452 0.755433
vt 0.608231 0.742333
vt 0.593580 0.750592
vt 0.585731 0.741218
vt 0.578859 0.725191
vt 0.589671 0.746445
vt 0.542856 0.726350
vt 0.586301 0.733664
vt 0.334556 0.751498
vt 0.347783 0.731156
vt 0.354100 0.738561
vt 0.610633 0.531309
vt 0.585961 0.545814
vt 0.589730 0.531257
vt 0.594701 0.523804
vt 0.618369 0.748547
vt 0.598477 0.733944
vt 0.346560 0.517464
vt 0.368619 0.526428
vt 0.345708 0.531741
vt 0.594200 0.736715
vt 0.603529 0.723491
vt 0.175497 0.824750
vt 0.167679 0.832418
vt 0.157998 0.825527
vt 0.172385 0.814101
vt 0.163396 0.837970
vt 0.154172 0.844897
vt 0.167033 0.841026
vt 0.162895 0.846163
vt 0.144604 0.827033
vt 0.155658 0.812527
vt 0.122744 0.835063
vt 0.130288 0.835463
vt 0.130115 0.847604
vt 0.116936 0.844153
vt 0.111280 0.837087
vt 0.123260 0.827937
vt 0.135656 0.829221
vt 0.134955 0.815949
vt 0.119789 0.821545
vt 0.121931 0.816179
vt 0.170196 0.806317
vt 0.162970 0.799491
vt 0.153689 0.793775
vt 0.165962 0.792601
vt 0.170744 0.796158
vt 0.171518 0.786300
vt 0.145203 0.811061
vt 0.143176 0.797938
vt 0.128999 0.809053
vt 0.131155 0.801148
vt 0.123568 0.801584
vt 0.111229 0.800504
vt 0.131577 0.782055
vt 0.118384 0.792449
vt 0.104702 0.796074
vt 0.171179 0.849919
vt 0.163643 0.853838
vt 0.162962 0.867742
vt 0.163451 0.859482
vt 0.154001 0.854668
vt 0.157098 0.860220
vt 0.143230 0.850747
vt 0.148242 0.861576
vt 0.155757 0.865596
vt 0.160313 0.872684
vt 0.142117 0.869544
vt 0.149367 0.872567
vt 0.145965 0.871322
vt 0.124265 0.857633
vt 0.112772 0.855575
vt 0.119464 0.863368
vt 0.138356 0.852850
vt 0.130952 0.863108
vt 0.121523 0.872022
vt 0.136369 0.869082
vt 0.827179 0.141445
vt 0.831821 0.143333
vt 0.823577 0.145522
vt 0.836979 0.133921
vt 0.839728 0.145126
vt 0.163403 0.784135
vt 0.162662 0.778781
vt 0.148369 0.775728
vt 0.152765 0.783597
vt 0.143512 0.779001
vt 0.138985 0.783155
vt 0.157034 0.776123
vt 0.160151 0.768157
vt 0.169786 0.765710
vt 0.592656 0.245029
vt 0.597289 0.255104
vt 0.592942 0.255111
vt 0.584142 0.237806
vt 0.589242 0.223931
vt 0.149427 0.766804
vt 0.124790 0.779131
vt 0.117088 0.777176
vt 0.104259 0.782172
vt 0.129793 0.766173
vt 0.141325 0.767576
vt 0.588472 0.208887
vt 0.576826 0.210553
vt 0.585853 0.203457
vt 0.119898 0.765149
vt 0.251337 0.644449
vt 0.275479 0.654369
vt 0.270965 0.659222
vt 0.247610 0.648575
vt 0.245011 0.662176
vt 0.271307 0.671133
vt 0.245379 0.671678
vt 0.244866 0.676251
vt 0.262641 0.678107
vt 0.255803 0.682744
vt 0.103356 0.843547
vt 0.248050 0.638848
vt 0.247387 0.621273
vt 0.255043 0.633873
vt 0.276710 0.640135
vt 0.272559 0.634213
vt 0.279370 0.658091
vt 0.282511 0.670164
vt 0.278008 0.677056
vt 0.277499 0.684396
vt 0.284978 0.681370
vt 0.296522 0.675042
vt 0.296229 0.684889
vt 0.289123 0.651370
vt 0.290765 0.638423
vt 0.303026 0.635825
vt 0.296526 0.651696
vt 0.293108 0.666377
vt 0.300062 0.667480
vt 0.113354 0.817083
vt 0.244050 0.684551
vt 0.248221 0.691154
vt 0.275338 0.691129
vt 0.245056 0.710207
vt 0.271158 0.704475
vt 0.254777 0.716473
vt 0.266174 0.724159
vt 0.252529 0.730080
vt 0.298784 0.696099
vt 0.291945 0.696939
vt 0.278053 0.705053
vt 0.278487 0.717987
vt 0.286914 0.711496
vt 0.295120 0.711534
vt 0.297265 0.722966
vt 0.255729 0.624775
vt 0.263045 0.619795
vt 0.267095 0.621465
vt 0.264882 0.612770
vt 0.270943 0.622644
vt 0.256141 0.607887
vt 0.276616 0.603465
vt 0.281256 0.612539
vt 0.103293 0.855747
vt 0.105464 0.871516
vt 0.254558 0.596949
vt 0.815649 0.148862
vt 0.816945 0.159553
vt 0.802585 0.156155
vt 0.263367 0.597421
vt 0.273481 0.599413
vt 0.290254 0.627306
vt 0.285576 0.625627
vt 0.303410 0.626488
vt 0.789128 0.156781
vt 0.791150 0.149831
vt 0.794761 0.156417
vt 0.302307 0.609061
vt 0.789739 0.161990
vt 0.784513 0.174926
vt 0.776607 0.167715
vt 0.285484 0.600770
vt 0.282041 0.592382
vt 0.292660 0.598398
vt 0.300552 0.602336
vt 0.294100 0.591026
vt 0.259233 0.738777
vt 0.259145 0.745802
vt 0.248933 0.734651
vt 0.249440 0.749201
vt 0.266371 0.737917
vt 0.274857 0.756916
vt 0.273293 0.728068
vt 0.105172 0.771566
vt 0.237816 0.748612
vt 0.252345 0.763137
vt 0.275618 0.749395
vt 0.279748 0.735687
vt 0.285016 0.736337
vt 0.560943 0.171219
vt 0.562585 0.167257
vt 0.562824 0.171524
vt 0.264322 0.762682
vt 0.569355 0.160387
vt 0.571301 0.165244
vt 0.572814 0.172017
vt 0.295815 0.754484
vt 0.280870 0.762142
vt 0.286041 0.763567
vt 0.275960 0.769749
vt 0.284051 0.770917
vt 0.292872 0.761632
vt 0.885783 0.123218
vt 0.882691 0.132065
vt 0.880341 0.123798
vt 0.384561 0.718212
vt 0.873371 0.134009
vt 0.880085 0.142760
vt 0.871274 0.126349
vt 0.881696 0.148481
vt 0.885197 0.163114
vt 0.855055 0.148677
vt 0.861452 0.143698
vt 0.852385 0.138866
vt 0.881160 0.140548
vt 0.865244 0.160990
vt 0.851382 0.154714
vt 0.847971 0.146728
vt 0.854462 0.131611
vt 0.832998 0.156191
vt 0.841074 0.132384
vt 0.845124 0.130774
vt 0.844811 0.155396
vt 0.864825 0.179388
vt 0.852529 0.170799
vt 0.553528 0.721848
vt 0.608735 0.257761
vt 0.603130 0.250390
vt 0.605103 0.241802
vt 0.611586 0.244336
vt 0.601277 0.227872
vt 0.613187 0.247677
vt 0.618617 0.240662
vt 0.569801 0.716792
vt 0.562946 0.719276
vt 0.600972 0.218996
vt 0.623651 0.221022
vt 0.580368 0.714001
vt 0.579323 0.223398
vt 0.594200 0.214686
vt 0.602897 0.212674
vt 0.597608 0.206926
vt 0.592430 0.199133
vt 0.610254 0.206233
vt 0.617583 0.212401
vt 0.608001 0.192648
vt 0.773732 0.893371
vt 0.772237 0.888779
vt 0.789162 0.876598
vt 0.890979 0.182919
vt 0.886886 0.186785
vt 0.860172 0.189332
vt 0.870209 0.189090
vt 0.795635 0.886658
vt 0.802444 0.883798
vt 0.792048 0.860977
vt 0.635059 0.235549
vt 0.646160 0.221356
vt 0.649019 0.226608
vt 0.772429 0.706336
vt 0.781884 0.673462
vt 0.778102 0.696698
vt 0.784278 0.683239
vt 0.636720 0.206199
vt 0.644027 0.207903
vt 0.634676 0.192686
vt 0.788232 0.674078
vt 0.789203 0.687902
vt 0.806098 0.183070
vt 0.804369 0.168070
vt 0.797523 0.167087
vt 0.580934 0.196656
vt 0.578230 0.187110
vt 0.587578 0.166240
vt 0.585859 0.157744
vt 0.574676 0.152083
vt 0.568294 0.144425
vt 0.606973 0.141659
vt 0.832108 0.201436
vt 0.625181 0.159535
vt 0.367297 0.597058
vt 0.329794 0.576309
vt 0.384071 0.575834
vt 0.625450 0.567766
vt 0.600406 0.581586
vt 0.561027 0.575371
vt 0.352040 0.538612
vt 0.409262 0.540339
vt 0.560677 0.604849
vt 0.554763 0.519578
vt 0.535891 0.524898
vt 0.587963 0.499144
vt 0.569640 0.493854
vt 0.561182 0.509776
vt 0.389960 0.528403
vt 0.354070 0.508166
vt 0.395119 0.520507
vt 0.394203 0.507071
vt 0.537020 0.561747
vt 0.419684 0.588600
vt 0.417510 0.518831
vt 0.538748 0.613254
vt 0.520546 0.616946
vt 0.437094 0.623087
vt 0.460562 0.602189
vt 0.457667 0.630838
vt 0.497408 0.615321
vt 0.491842 0.631984
vt 0.483425 0.590569
vt 0.481784 0.625331
vt 0.471136 0.611566
vt 0.467920 0.633020
vt 0.495715 0.541756
vt 0.470708 0.583913
vt 0.458825 0.548610
vt 0.512829 0.522942
vt 0.434775 0.523923
vt 0.484027 0.557458
vt 0.476590 0.548475
vt 0.465309 0.541409
vt 0.779034 0.846731
vt 0.782891 0.851657
vt 0.785426 0.859150
vt 0.814842 0.848987
vt 0.757551 0.835292
vt 0.767207 0.817485
vt 0.769764 0.828943
vt 0.788204 0.812907
vt 0.792650 0.841345
vt 0.795891 0.837111
vt 0.813817 0.823430
vt 0.781093 0.708414
vt 0.778534 0.710477
vt 0.785327 0.706408
vt 0.807401 0.709390
vt 0.800268 0.727387
vt 0.757955 0.702303
vt 0.768113 0.727730
vt 0.402423 0.508822
vt 0.403830 0.510012
vt 0.789723 0.723207
vt 0.789458 0.727184
vt 0.798880 0.748404
vt 0.821628 0.682864
vt 0.840700 0.813352
vt 0.854951 0.828673
vt 0.821293 0.809235
vt 0.819801 0.746198
vt 0.848462 0.734201
vt 0.839493 0.751024
vt 0.754104 0.829266
vt 0.762595 0.809253
vt 0.752448 0.820099
vt 0.742789 0.797519
vt 0.765826 0.792132
vt 0.787645 0.802449
vt 0.804476 0.807779
vt 0.750133 0.738144
vt 0.751837 0.732931
vt 0.760742 0.754062
vt 0.763789 0.742169
vt 0.779533 0.756350
vt 0.778767 0.770252
vt 0.764336 0.771005
vt 0.786659 0.776352
vt 0.794093 0.761247
vt 0.746121 0.789899
vt 0.493229 0.530011
vt 0.486588 0.533068
vt 0.489078 0.531765
vt 0.488365 0.530210
vt 0.735714 0.774239
vt 0.732328 0.770483
vt 0.730927 0.785835
vt 0.785664 0.784468
vt 0.802521 0.788689
vt 0.807748 0.798747
vt 0.824198 0.799949
vt 0.826162 0.789224
vt 0.806758 0.778720
vt 0.825355 0.781299
vt 0.842571 0.802547
vt 0.843883 0.785463
vt 0.843415 0.789466
vt 0.844885 0.774868
vt 0.822400 0.757650
vt 0.824302 0.770245
vt 0.841512 0.757504
vt 0.844830 0.767648
vt 0.834649 0.414181
vt 0.833376 0.402403
vt 0.852646 0.415093
vt 0.829186 0.406220
vt 0.867080 0.414297
vt 0.860492 0.416518
vt 0.864175 0.406264
vt 0.300987 0.672958
vt 0.857646 0.409164
vt 0.843197 0.393847
vt 0.849858 0.393949
vt 0.858283 0.396667
vt 0.828523 0.400346
vt 0.835131 0.383862
vt 0.824987 0.388511
vt 0.827150 0.373573
vt 0.844106 0.381739
vt 0.852247 0.388034
vt 0.841954 0.378547
vt 0.836327 0.366559
vt 0.846917 0.375399
vt 0.850749 0.377823
vt 0.839446 0.357320
vt 0.811936 0.322095
vt 0.818744 0.342487
vt 0.810973 0.345041
vt 0.830006 0.338850
vt 0.818513 0.321214
vt 0.869500 0.411708
vt 0.862156 0.385595
vt 0.871775 0.403201
vt 0.881150 0.394898
vt 0.875985 0.381535
vt 0.882414 0.385098
vt 0.871646 0.376138
vt 0.292936 0.764115
vt 0.851393 0.373487
vt 0.846620 0.360880
vt 0.861838 0.371979
vt 0.858216 0.361734
vt 0.300073 0.732654
vt 0.821502 0.314787
vt 0.840678 0.332806
vt 0.828440 0.316109
vt 0.847205 0.328877
vt 0.800242 0.375371
vt 0.804294 0.409563
vt 0.802072 0.355072
vt 0.795477 0.352109
vt 0.780016 0.374060
vt 0.779567 0.386099
vt 0.774314 0.383727
vt 0.775637 0.377613
vt 0.868245 0.340787
vt 0.868478 0.370913
vt 0.885392 0.344386
vt 0.860711 0.328466
vt 0.863852 0.322102
vt 0.888623 0.323374
vt 0.897543 0.329432
vt 0.895124 0.317893
vt 0.801142 0.306565
vt 0.805461 0.330550
vt 0.789083 0.307369
vt 0.798481 0.326189
vt 0.780528 0.314352
vt 0.804553 0.302126
vt 0.808757 0.298828
vt 0.790970 0.331670
vt 0.787774 0.341433
vt 0.782937 0.283405
vt 0.782755 0.290131
vt 0.791315 0.279807
vt 0.774530 0.295104
vt 0.767061 0.301079
vt 0.798356 0.277744
vt 0.777830 0.294046
vt 0.780060 0.288939
vt 0.777450 0.291020
vt 0.764451 0.327197
vt 0.761792 0.308210
vt 0.819665 0.298278
vt 0.814872 0.297066
vt 0.831961 0.310662
vt 0.821747 0.291106
vt 0.832513 0.300639
vt 0.832757 0.289890
vt 0.840336 0.305187
vt 0.850548 0.321746
vt 0.855981 0.308534
vt 0.844483 0.296293
vt 0.843796 0.281946
vt 0.809929 0.272519
vt 0.804937 0.275016
vt 0.816424 0.269820
vt 0.822608 0.270575
vt 0.828759 0.269829
vt 0.863120 0.278847
vt 0.754790 0.369350
vt 0.738890 0.347445
vt 0.873485 0.280771
vt 0.904285 0.286531
vt 0.893563 0.275484
vt 0.217609 0.653416
vt 0.217474 0.658958
vt 0.198475 0.649650
vt 0.198367 0.662949
vt 0.217202 0.663557
vt 0.218748 0.668225
vt 0.197626 0.657399
vt 0.226306 0.652828
vt 0.196045 0.643485
vt 0.200096 0.640637
vt 0.194779 0.625958
vt 0.184655 0.616178
vt 0.212032 0.614893
vt 0.208212 0.628504
vt 0.196084 0.635612
vt 0.228509 0.646614
vt 0.234105 0.639189
vt 0.221692 0.645903
vt 0.242156 0.641636
vt 0.239308 0.656959
vt 0.233418 0.653074
vt 0.233222 0.660411
vt 0.231171 0.671047
vt 0.227488 0.616098
vt 0.221096 0.606467
vt 0.234932 0.621664
vt 0.233239 0.608911
vt 0.228792 0.602475
vt 0.241124 0.600767
vt 0.239055 0.595841
vt 0.241974 0.597509
vt 0.196646 0.669123
vt 0.195653 0.674722
vt 0.204315 0.673716
vt 0.220543 0.678275
vt 0.195663 0.681427
vt 0.838718 0.266873
vt 0.183609 0.695304
vt 0.198401 0.694296
vt 0.191694 0.705238
vt 0.182105 0.707271
vt 0.183009 0.712763
vt 0.191461 0.716172
vt 0.199212 0.687140
vt 0.216944 0.686392
vt 0.205360 0.702426
vt 0.209173 0.717664
vt 0.220065 0.673106
vt 0.230414 0.683748
vt 0.240926 0.662123
vt 0.233227 0.678455
vt 0.237901 0.676111
vt 0.240424 0.673339
vt 0.233431 0.693317
vt 0.240892 0.689335
vt 0.240832 0.693096
vt 0.230896 0.708458
vt 0.236620 0.731193
vt 0.237269 0.735732
vt 0.233540 0.736716
vt 0.229947 0.724560
vt 0.225273 0.730056
vt 0.224072 0.720719
vt 0.218664 0.725726
vt 0.231890 0.716157
vt 0.774415 0.110385
vt 0.758364 0.115991
vt 0.766155 0.102441
vt 0.771394 0.131460
vt 0.754405 0.085752
vt 0.778341 0.128981
vt 0.239669 0.632940
vt 0.753837 0.113422
vt 0.763291 0.140284
vt 0.757529 0.144228
vt 0.755440 0.136286
vt 0.742088 0.101332
vt 0.753074 0.132784
vt 0.744248 0.139406
vt 0.736919 0.093449
vt 0.742756 0.081357
vt 0.749901 0.114721
vt 0.743717 0.118694
vt 0.735029 0.112011
vt 0.732545 0.105240
vt 0.727952 0.104088
vt 0.729697 0.095928
vt 0.728004 0.114775
vt 0.742761 0.134088
vt 0.729062 0.132613
vt 0.724832 0.130936
vt 0.721039 0.128413
vt 0.772561 0.146154
vt 0.764087 0.153116
vt 0.750547 0.160464
vt 0.747347 0.171553
vt 0.744240 0.158836
vt 0.731716 0.170023
vt 0.738325 0.154250
vt 0.741077 0.144609
vt 0.724617 0.158593
vt 0.239477 0.606324
vt 0.242850 0.603377
vt 0.722995 0.176645
vt 0.716470 0.169054
vt 0.713298 0.176691
vt 0.709960 0.174776
vt 0.706274 0.167587
vt 0.716367 0.158963
vt 0.719867 0.152902
vt 0.729049 0.139272
vt 0.721259 0.137171
vt 0.720395 0.143885
vt 0.715224 0.148840
vt 0.241443 0.670782
vt 0.729508 0.079494
vt 0.719528 0.075511
vt 0.721989 0.095427
vt 0.705650 0.099494
vt 0.697045 0.083318
vt 0.700436 0.099332
vt 0.685215 0.092263
vt 0.683591 0.117340
vt 0.674696 0.118289
vt 0.686899 0.122252
vt 0.693397 0.118450
vt 0.708530 0.102505
vt 0.722259 0.110133
vt 0.711992 0.109401
vt 0.704459 0.123277
vt 0.715194 0.130968
vt 0.696244 0.117170
vt 0.679154 0.129518
vt 0.684004 0.141858
vt 0.674627 0.137749
vt 0.688181 0.141808
vt 0.700571 0.133234
vt 0.694428 0.158842
vt 0.697927 0.168601
vt 0.680135 0.152665
vt 0.703354 0.156656
vt 0.696911 0.146756
vt 0.710047 0.147253
vt 0.698840 0.142176
vt 0.702575 0.128406
vt 0.130730 0.129864
vt 0.136766 0.149407
vt 0.126908 0.146253
vt 0.120484 0.137515
vt 0.128345 0.172061
vt 0.115512 0.171984
vt 0.118984 0.144452
vt 0.117149 0.128070
vt 0.119218 0.118954
vt 0.105860 0.142190
vt 0.104618 0.126064
vt 0.096158 0.142461
vt 0.100049 0.122015
vt 0.090459 0.158163
vt 0.089192 0.140832
vt 0.091970 0.125838
vt 0.046135 0.126739
vt 0.059093 0.133028
vt 0.054600 0.167360
vt 0.068167 0.131081
vt 0.068911 0.138042
vt 0.065366 0.165967
vt 0.080422 0.137778
vt 0.076650 0.119529
vt 0.089825 0.114836
vt 0.057678 0.121140
vt 0.065218 0.114021
vt 0.073446 0.110645
vt 0.081109 0.156640
vt 0.070995 0.156951
vt 0.120688 0.183169
vt 0.107731 0.172163
vt 0.099600 0.176781
vt 0.090793 0.173579
vt 0.114866 0.181776
vt 0.107363 0.179003
vt 0.108677 0.191709
vt 0.102450 0.192687
vt 0.110795 0.181146
vt 0.084969 0.174710
vt 0.074804 0.173286
vt 0.065374 0.172865
vt 0.067934 0.184441
vt 0.104639 0.112368
vt 0.115693 0.113094
vt 0.097785 0.108082
vt 0.081287 0.108294
vt 0.095246 0.104274
vt 0.100225 0.207481
vt 0.107071 0.201726
vt 0.090541 0.205049
vt 0.086643 0.197307
vt 0.084750 0.215081
vt 0.081205 0.204711
vt 0.080829 0.217873
vt 0.075487 0.202912
vt 0.066751 0.200211
vt 0.062275 0.189842
vt 0.338701 0.258521
vt 0.334941 0.261721
vt 0.338437 0.251935
vt 0.864336 0.853384
vt 0.299884 0.265862
vt 0.304645 0.221657
vt 0.181927 0.255999
vt 0.179727 0.241303
vt 0.219298 0.264378
vt 0.198705 0.225007
vt 0.231522 0.250321
vt 0.200729 0.213241
vt 0.278198 0.284453
vt 0.279021 0.267091
vt 0.285617 0.251480
vt 0.287193 0.282132
vt 0.266941 0.283200
vt 0.265444 0.266938
vt 0.260661 0.281304
vt 0.253581 0.267411
vt 0.278774 0.221137
vt 0.289412 0.219599
vt 0.276515 0.252463
vt 0.267297 0.251115
vt 0.261986 0.250079
vt 0.237742 0.265723
vt 0.248254 0.266433
vt 0.247923 0.283709
vt 0.254870 0.286661
vt 0.239204 0.283177
vt 0.233810 0.281982
vt 0.240667 0.219250
vt 0.242154 0.250587
vt 0.249616 0.248928
vt 0.255472 0.241716
vt 0.287652 0.195435
vt 0.304902 0.182685
vt 0.229047 0.218475
vt 0.226123 0.194287
vt 0.264270 0.222207
vt 0.278233 0.195942
vt 0.268734 0.198310
vt 0.264013 0.200867
vt 0.254380 0.221208
vt 0.256892 0.197499
vt 0.251786 0.198009
vt 0.241855 0.194651
vt 0.331451 0.108041
vt 0.307145 0.102178
vt 0.319129 0.091972
vt 0.305715 0.115037
vt 0.340871 0.119235
vt 0.340487 0.125166
vt 0.316754 0.131587
vt 0.319174 0.125856
vt 0.344104 0.130097
vt 0.343782 0.135490
vt 0.295570 0.104540
vt 0.283049 0.106526
vt 0.287803 0.115628
vt 0.296912 0.125001
vt 0.286258 0.129779
vt 0.309248 0.136452
vt 0.333452 0.166187
vt 0.314648 0.171795
vt 0.306981 0.163062
vt 0.339237 0.149152
vt 0.309618 0.152106
vt 0.340151 0.142458
vt 0.305806 0.142749
vt 0.303494 0.167566
vt 0.292108 0.151910
vt 0.282786 0.136742
vt 0.287170 0.162096
vt 0.298754 0.165051
vt 0.280891 0.125238
vt 0.260423 0.098455
vt 0.280650 0.099243
vt 0.269079 0.115685
vt 0.267629 0.109616
vt 0.267358 0.126484
vt 0.263334 0.139872
vt 0.261472 0.131982
vt 0.267750 0.096123
vt 0.280656 0.087195
vt 0.265311 0.087075
vt 0.277970 0.083214
vt 0.261565 0.081152
vt 0.270825 0.078251
vt 0.253355 0.113612
vt 0.248765 0.130375
vt 0.248167 0.080527
vt 0.244220 0.088402
vt 0.278021 0.142491
vt 0.280709 0.151381
vt 0.265774 0.153067
vt 0.282175 0.168204
vt 0.269176 0.169302
vt 0.263439 0.162815
vt 0.281359 0.179922
vt 0.280064 0.184719
vt 0.269464 0.187374
vt 0.270557 0.180483
vt 0.248891 0.178874
vt 0.255215 0.171726
vt 0.247877 0.185236
vt 0.238624 0.160847
vt 0.238556 0.118044
vt 0.226762 0.118779
vt 0.241364 0.108778
vt 0.233930 0.127830
vt 0.228285 0.112654
vt 0.241547 0.101368
vt 0.225575 0.132708
vt 0.226496 0.087125
vt 0.230180 0.105430
vt 0.225367 0.097056
vt 0.247442 0.139257
vt 0.226688 0.139989
vt 0.226148 0.146685
vt 0.243968 0.152639
vt 0.227830 0.153919
vt 0.229857 0.179498
vt 0.235246 0.164569
vt 0.226711 0.169110
vt 0.225561 0.173026
vt 0.035993 0.331449
vt 0.055663 0.307908
vt 0.062490 0.314228
vt 0.074854 0.305519
vt 0.081097 0.317105
vt 0.071881 0.317326
vt 0.050895 0.327760
vt 0.032422 0.355916
vt 0.026961 0.353748
vt 0.049994 0.341156
vt 0.039940 0.360273
vt 0.027242 0.365652
vt 0.033394 0.380660
vt 0.046761 0.384181
vt 0.046675 0.392935
vt 0.058340 0.336615
vt 0.074509 0.329552
vt 0.060318 0.359126
vt 0.095813 0.312202
vt 0.099908 0.331710
vt 0.086209 0.325183
vt 0.112498 0.326550
vt 0.118558 0.345983
vt 0.102646 0.393839
vt 0.104583 0.384152
vt 0.116982 0.366442
vt 0.092611 0.391004
vt 0.111973 0.359970
vt 0.119897 0.378247
vt 0.123983 0.368511
vt 0.104839 0.343134
vt 0.081227 0.332538
vt 0.094308 0.339600
vt 0.098624 0.369510
vt 0.069011 0.392349
vt 0.078385 0.401466
vt 0.061061 0.382814
vt 0.072043 0.382309
vt 0.077520 0.387193
vt 0.051500 0.367654
vt 0.066379 0.374655
vt 0.075793 0.373758
vt 0.088271 0.382001
vt 0.091516 0.358603
vt 0.080989 0.369022
vt 0.090393 0.369644
vt 0.068621 0.333460
vt 0.059431 0.351468
vt 0.071655 0.348216
vt 0.079465 0.348261
vt 0.089697 0.350893
vt 0.066300 0.360668
vt 0.071975 0.360812
vt 0.066416 0.356060
vt 0.073658 0.354812
vt 0.076489 0.359726
vt 0.085050 0.360776
vt 0.078915 0.357125
vt 0.085792 0.356958
s 1
usemtl material_0
f 7/1/1 1/3/3 10/2/2
f 1/3/3 6/5/5 9/4/4
f 1/3/3 9/4/4 10/2/2
f 10/2/2 14/6/6 7/1/1
f 3/7/7 7/1/1 14/6/6
f 6/5/5 11/8/8 9/4/4
f 6/5/5 8/9/9 11/8/8
f 8/9/9 5/10/10 11/8/8
f 10/2/2 9/4/4 61/11/11
f 7/12/1 3/14/7 12/13/12
f 3/14/7 14/16/6 4/15/13
f 6/17/5 2/19/14 8/18/9
f 14/16/6 10/21/2 40/20/15
f 10/21/2 61/23/11 63/22/16
f 10/21/2 63/22/16 40/24/15
f 9/25/4 27/27/17 61/26/11
f 5/28/10 18/30/18 11/29/8
f 9/25/4 11/31/8 27/27/17
f 7/32/1 19/34/19 1/33/3
f 3/35/7 4/37/13 12/36/12
f 6/38/5 15/40/20 2/39/14
f 8/41/9 13/43/21 5/42/10
f 2/39/14 13/43/21 8/41/9
f 7/44/1 12/46/12 16/45/22
f 4/47/13 17/49/23 12/48/12
f 4/37/13 14/51/6 17/50/23
f 66/52/24 63/54/16 64/53/25
f 67/55/26 66/52/24 64/53/25
f 63/54/16 61/56/11 64/53/25
f 40/57/15 63/54/16 60/58/27
f 63/54/16 31/59/28 60/58/27
f 66/52/24 31/59/28 63/54/16
f 35/60/29 31/59/28 66/52/24
f 18/61/18 49/63/30 11/62/8
f 61/56/11 65/64/31 64/53/25
f 65/64/31 34/65/32 64/53/25
f 61/56/11 62/66/33 65/64/31
f 65/64/31 62/66/33 34/65/32
f 40/67/15 60/69/27 26/68/34
f 35/70/29 33/72/35 31/71/28
f 31/71/28 33/72/35 60/69/27
f 60/69/27 33/72/35 29/73/36
f 53/74/37 32/75/38 35/70/29
f 35/70/29 32/75/38 33/72/35
f 27/76/17 28/77/39 60/69/27
f 60/69/27 28/77/39 26/68/34
f 26/68/34 30/79/40 32/78/38
f 5/80/10 13/82/21 18/81/18
f 61/83/11 27/76/17 29/73/36
f 61/83/11 29/73/36 62/84/33
f 60/69/27 29/73/36 27/76/17
f 62/84/33 29/73/36 34/85/32
f 33/72/35 32/75/38 30/86/40
f 29/73/36 33/72/35 30/86/40
f 28/77/39 30/79/40 26/68/34
f 29/73/36 54/87/41 34/85/32
f 29/73/36 30/86/40 54/87/41
f 79/88/42 67/90/26 80/89/43
f 80/89/43 67/90/26 117/91/44
f 117/91/44 70/92/45 80/89/43
f 80/89/43 70/92/45 72/93/46
f 70/92/45 69/94/47 72/93/46
f 80/89/43 72/93/46 78/95/48
f 80/89/43 78/95/48 83/96/49
f 67/97/26 71/99/50 117/98/44
f 71/100/50 67/102/26 68/101/51
f 79/103/42 37/104/52 67/97/26
f 79/103/42 81/105/53 37/104/52
f 37/104/52 81/105/53 57/106/54
f 71/99/50 70/107/45 117/98/44
f 68/101/51 70/108/45 71/100/50
f 68/101/51 64/109/25 70/108/45
f 81/105/53 118/110/55 57/106/54
f 57/106/54 118/110/55 38/111/56
f 74/112/57 86/114/58 78/113/48
f 67/55/26 37/115/52 66/52/24
f 64/53/25 68/116/51 67/55/26
f 35/60/29 66/52/24 37/115/52
f 64/53/25 34/65/32 70/117/45
f 70/118/45 34/65/32 69/119/47
f 69/120/47 73/122/59 72/121/46
f 73/122/59 69/120/47 36/123/60
f 73/122/59 36/125/60 84/124/61
f 35/70/29 37/127/52 57/126/54
f 57/128/54 38/130/56 59/129/62
f 34/85/32 36/132/60 69/131/47
f 54/87/41 36/132/60 34/85/32
f 77/133/63 86/135/58 75/134/64
f 84/124/61 74/136/57 73/122/59
f 84/124/61 86/135/58 74/136/57
f 76/137/65 86/135/58 77/133/63
f 38/138/56 75/140/64 85/139/66
f 75/141/64 86/143/58 84/142/61
f 75/141/64 84/142/61 85/139/66
f 85/139/66 87/144/67 38/138/56
f 38/138/56 88/146/68 59/145/62
f 85/139/66 90/147/69 87/144/67
f 87/144/67 88/146/68 38/138/56
f 85/139/66 84/142/61 90/147/69
f 90/147/69 84/142/61 89/148/70
f 84/142/61 36/150/60 111/149/71
f 84/142/61 111/149/71 89/148/70
f 89/148/70 91/151/72 90/147/69
f 17/152/23 20/154/73 12/153/12
f 20/154/73 17/152/23 24/155/74
f 14/156/6 24/158/74 17/157/23
f 26/159/34 32/161/38 50/160/75
f 35/162/29 57/164/54 53/163/37
f 52/165/76 53/163/37 57/164/54
f 32/161/38 53/163/37 50/160/75
f 40/166/15 26/159/34 50/160/75
f 50/160/75 53/163/37 52/165/76
f 52/165/76 55/167/77 50/160/75
f 50/160/75 56/169/79 51/168/78
f 51/168/78 28/171/39 27/170/17
f 11/172/8 49/173/30 27/170/17
f 28/171/39 51/168/78 30/174/40
f 30/174/40 51/168/78 54/175/41
f 51/168/78 27/170/17 49/173/30
f 54/175/41 51/168/78 56/169/79
f 40/176/15 50/178/75 42/177/80
f 51/179/78 42/177/80 50/178/75
f 51/179/78 49/180/30 42/177/80
f 16/181/22 19/183/19 7/182/1
f 6/184/5 1/186/3 15/185/20
f 2/187/14 15/185/20 13/188/21
f 13/188/21 15/185/20 23/189/81
f 12/190/12 20/191/73 16/181/22
f 19/183/19 16/181/22 22/192/82
f 16/181/22 20/191/73 22/192/82
f 19/183/19 22/192/82 21/193/83
f 19/183/19 15/185/20 1/186/3
f 19/183/19 21/193/83 15/185/20
f 23/189/81 15/185/20 39/194/84
f 15/185/20 21/193/83 39/194/84
f 40/195/15 44/197/85 24/196/74
f 14/198/6 40/195/15 24/196/74
f 42/199/80 49/200/30 40/195/15
f 40/201/15 46/203/86 44/202/85
f 13/188/21 23/189/81 18/204/18
f 18/205/18 23/206/81 49/200/30
f 24/207/74 44/202/85 20/208/73
f 20/208/73 44/202/85 22/209/82
f 22/209/82 41/211/87 21/210/83
f 39/212/84 21/214/83 25/213/88
f 41/211/87 25/213/88 21/210/83
f 57/164/54 59/215/62 52/165/76
f 52/165/76 59/215/62 55/167/77
f 55/216/77 59/129/62 103/217/89
f 55/216/77 103/217/89 108/218/90
f 55/167/77 56/169/79 50/160/75
f 55/216/77 108/218/90 56/219/79
f 108/220/90 103/222/89 104/221/91
f 54/175/41 58/224/92 36/223/60
f 54/175/41 56/169/79 58/224/92
f 108/218/90 109/225/93 56/219/79
f 108/220/90 104/221/91 110/226/94
f 108/218/90 110/227/94 109/225/93
f 56/219/79 109/225/93 110/227/94
f 56/219/79 110/227/94 58/228/92
f 58/228/92 110/227/94 105/229/95
f 88/230/68 87/232/67 121/231/96
f 120/233/97 107/234/98 88/230/68
f 58/228/92 111/236/71 36/235/60
f 58/228/92 97/237/99 111/236/71
f 103/222/89 59/239/62 106/238/100
f 103/222/89 106/238/100 104/221/91
f 107/240/98 106/238/100 59/239/62
f 107/240/98 96/241/101 106/238/100
f 106/238/100 96/241/101 104/221/91
f 104/221/91 96/241/101 95/242/102
f 88/243/68 107/245/98 59/244/62
f 107/245/98 120/247/97 46/246/86
f 120/247/97 101/248/103 46/246/86
f 110/226/94 104/221/91 105/249/95
f 58/250/92 105/249/95 97/251/99
f 105/249/95 104/221/91 95/242/102
f 95/242/102 48/252/104 97/251/99
f 95/242/102 97/251/99 105/249/95
f 40/195/15 47/254/105 46/253/86
f 47/254/105 40/195/15 45/255/106
f 96/256/101 47/258/105 93/257/107
f 47/258/105 45/259/106 93/257/107
f 96/256/101 93/257/107 95/260/102
f 40/195/15 49/200/30 45/255/106
f 49/200/30 23/261/81 45/255/106
f 93/257/107 48/262/104 95/260/102
f 45/259/106 48/262/104 93/257/107
f 23/263/81 48/262/104 45/259/106
f 43/264/108 41/211/87 22/209/82
f 44/202/85 43/265/108 22/209/82
f 23/266/81 39/267/84 48/262/104
f 39/267/84 25/269/88 94/268/109
f 47/258/105 107/271/98 46/270/86
f 96/256/101 107/271/98 47/258/105
f 46/270/86 101/273/103 44/272/85
f 97/274/99 48/276/104 99/275/110
f 97/274/99 99/275/110 111/277/71
f 39/267/84 99/278/110 48/262/104
f 101/279/103 43/281/108 44/280/85
f 98/282/111 41/283/87 43/281/108
f 100/284/112 41/283/87 98/282/111
f 101/285/103 102/287/113 43/286/108
f 102/287/113 98/288/111 43/286/108
f 112/289/114 100/290/112 98/288/111
f 99/278/110 39/267/84 94/268/109
f 25/269/88 41/283/87 100/284/112
f 25/269/88 100/284/112 94/268/109
f 80/291/43 82/293/115 79/292/42
f 79/294/42 118/296/55 81/295/53
f 82/293/115 118/296/55 79/294/42
f 80/291/43 83/297/49 82/293/115
f 118/296/55 119/299/116 77/298/63
f 72/300/46 73/302/59 78/301/48
f 74/303/57 78/301/48 73/302/59
f 118/304/55 75/306/64 38/305/56
f 1541/307/117 1543/309/119 1546/308/118
f 77/310/63 119/312/116 76/311/65
f 78/313/48 86/314/58 76/311/65
f 119/312/116 78/313/48 76/311/65
f 119/299/116 118/296/55 82/293/115
f 82/293/115 83/297/49 119/299/116
f 1548/315/120 1561/317/122 1559/316/121
f 1549/318/123 1548/315/120 1559/316/121
f 1559/316/121 1556/319/124 1549/318/123
f 83/297/49 78/301/48 119/299/116
f 1548/315/120 1555/320/125 1561/317/122
f 1546/308/118 1549/318/123 1541/307/117
f 1546/308/118 1548/315/120 1549/318/123
f 1549/318/123 1550/321/126 1541/307/117
f 1549/318/123 1556/319/124 1550/321/126
f 1548/315/120 1545/322/127 1555/320/125
f 1546/308/118 1545/322/127 1548/315/120
f 1555/320/125 1545/322/127 1551/323/128
f 1546/308/118 1543/309/119 1545/322/127
f 1555/320/125 1551/323/128 1573/324/129
f 1551/323/128 1575/325/130 1573/324/129
f 118/304/55 77/310/63 75/306/64
f 1540/326/131 1539/327/132 1541/307/117
f 1541/307/117 1539/327/132 1543/309/119
f 1543/309/119 1539/327/132 1545/322/127
f 1539/327/132 1547/328/133 1545/322/127
f 1542/329/134 1539/330/132 1540/326/131
f 1539/331/132 1542/333/134 1544/332/135
f 1544/332/135 1547/334/133 1539/331/132
f 1541/307/117 1550/321/126 1540/326/131
f 1556/319/124 1558/335/136 1550/321/126
f 1558/335/136 1570/337/138 1576/336/137
f 1545/322/127 1547/328/133 1551/323/128
f 1551/323/128 1567/338/139 1575/325/130
f 1540/339/131 1552/340/140 1542/333/134
f 1540/339/131 1550/341/126 1552/340/140
f 1576/342/137 1566/344/141 1558/343/136
f 1558/343/136 1566/344/141 1550/341/126
f 1554/345/142 1551/346/128 1547/334/133
f 1563/347/143 1567/349/139 1551/348/128
f 1551/346/128 1554/345/142 1563/347/143
f 1559/316/121 1577/350/144 1556/319/124
f 1578/351/145 1559/316/121 1561/317/122
f 1577/350/144 1559/316/121 1578/351/145
f 1556/319/124 1577/350/144 1593/352/146
f 1578/351/145 1571/353/147 1577/350/144
f 1556/319/124 1593/352/146 1558/335/136
f 1561/317/122 1571/353/147 1578/351/145
f 1561/317/122 1555/320/125 1571/353/147
f 1555/320/125 1573/324/129 1571/353/147
f 1558/335/136 1593/352/146 1569/354/148
f 1569/354/148 1598/356/150 1582/355/149
f 1582/355/149 1598/356/150 1596/357/151
f 1573/324/129 1575/325/130 1590/358/152
f 1596/357/151 1590/358/152 1580/359/153
f 1596/357/151 1580/359/153 1582/355/149
f 1575/325/130 1580/359/153 1590/358/152
f 1577/350/144 1608/360/154 1593/352/146
f 1571/353/147 1601/361/155 1577/350/144
f 1571/353/147 1573/324/129 1601/361/155
f 1577/350/144 1601/361/155 1608/360/154
f 1601/361/155 1625/362/156 1608/360/154
f 1569/354/148 1593/352/146 1606/363/157
f 1606/363/157 1598/356/150 1569/354/148
f 1596/357/151 1598/356/150 1609/364/158
f 1609/364/158 1598/356/150 1617/365/159
f 1606/363/157 1626/366/160 1598/356/150
f 1598/356/150 1626/366/160 1617/365/159
f 1609/364/158 1617/365/159 1611/367/161
f 1617/365/159 1623/368/162 1611/367/161
f 1596/357/151 1609/364/158 1611/367/161
f 1573/324/129 1590/358/152 1612/369/163
f 1590/358/152 1596/357/151 1611/367/161
f 1611/367/161 1623/368/162 1590/358/152
f 1590/358/152 1623/368/162 1612/369/163
f 1569/354/148 1570/337/138 1558/335/136
f 1582/355/149 1570/337/138 1569/354/148
f 1582/355/149 1587/370/164 1570/337/138
f 1582/355/149 1580/359/153 1587/370/164
f 1567/338/139 1589/371/165 1575/325/130
f 1580/359/153 1575/325/130 1589/371/165
f 1587/370/164 1580/359/153 1589/371/165
f 1589/371/165 1567/338/139 1595/372/166
f 1567/338/139 1584/373/167 1595/372/166
f 1576/342/137 1588/374/168 1566/344/141
f 1588/374/168 1581/375/169 1566/344/141
f 1576/376/137 1615/378/170 1588/377/168
f 1581/379/169 1579/381/172 1591/380/171
f 1588/377/168 1579/381/172 1581/379/169
f 1588/377/168 1586/382/173 1579/381/172
f 1567/349/139 1563/347/143 1572/383/174
f 1572/383/174 1584/384/167 1567/349/139
f 1563/347/143 1579/381/172 1572/383/174
f 1579/381/172 1586/382/173 1572/383/174
f 1570/337/138 1587/370/164 1604/385/175
f 1604/385/175 1576/336/137 1570/337/138
f 1576/336/137 1604/385/175 1615/386/170
f 1587/370/164 1618/387/176 1604/385/175
f 1587/370/164 1589/371/165 1618/387/176
f 1588/377/168 1602/388/177 1586/382/173
f 1603/389/178 1602/388/177 1588/377/168
f 1615/378/170 1603/389/178 1588/377/168
f 1624/390/179 1614/392/181 1620/391/180
f 1603/393/178 1620/391/180 1602/394/177
f 1620/391/180 1614/392/181 1621/395/182
f 1586/382/173 1607/396/183 1572/383/174
f 1584/384/167 1572/383/174 1607/396/183
f 1586/382/173 1602/388/177 1607/396/183
f 1620/391/180 1621/395/182 1602/394/177
f 87/397/67 92/398/184 121/231/96
f 87/144/67 91/151/72 92/399/184
f 121/231/96 120/233/97 88/230/68
f 92/398/184 125/400/185 121/231/96
f 92/398/184 124/401/186 125/400/185
f 87/144/67 90/147/69 91/151/72
f 91/402/72 89/404/70 122/403/187
f 89/404/70 111/405/71 122/403/187
f 91/402/72 124/401/186 92/398/184
f 122/403/187 124/401/186 91/402/72
f 121/231/96 125/400/185 126/406/188
f 121/231/96 126/406/188 120/233/97
f 126/407/188 125/409/185 115/408/189
f 120/247/97 126/407/188 101/248/103
f 125/409/185 124/410/186 115/408/189
f 122/403/187 111/405/71 123/411/190
f 122/403/187 123/411/190 124/401/186
f 115/408/189 124/410/186 116/412/191
f 124/410/186 123/413/190 116/412/191
f 1552/340/140 1553/414/192 1542/333/134
f 1542/333/134 1553/414/192 1544/332/135
f 1566/344/141 1568/415/193 1550/341/126
f 1552/340/140 1562/416/194 1553/414/192
f 1552/340/140 1550/341/126 1564/417/195
f 1550/341/126 1568/415/193 1564/417/195
f 1564/417/195 1562/416/194 1552/340/140
f 1553/414/192 1562/416/194 1560/418/196
f 1547/334/133 1544/332/135 1553/414/192
f 1547/334/133 1553/414/192 1554/345/142
f 1553/414/192 1557/419/197 1554/345/142
f 1563/347/143 1554/345/142 1565/420/198
f 1557/419/197 1553/414/192 1560/418/196
f 1554/345/142 1585/421/199 1565/420/198
f 1554/345/142 1557/419/197 1585/421/199
f 126/422/188 115/424/189 113/423/200
f 115/424/189 116/425/191 113/423/200
f 101/285/103 126/422/188 113/423/200
f 116/425/191 114/426/201 113/423/200
f 111/427/71 99/428/110 123/413/190
f 116/425/191 99/275/110 114/426/201
f 123/429/190 99/275/110 116/425/191
f 101/285/103 113/423/200 102/287/113
f 102/287/113 113/423/200 112/289/114
f 102/287/113 112/289/114 98/288/111
f 114/426/201 112/289/114 113/423/200
f 112/289/114 114/426/201 99/275/110
f 100/290/112 112/289/114 99/275/110
f 100/290/112 99/275/110 94/430/109
f 1581/379/169 1591/380/171 1594/431/202
f 1581/375/169 1594/432/202 1566/344/141
f 1563/347/143 1565/420/198 1592/433/203
f 1579/381/172 1592/433/203 1591/380/171
f 1592/433/203 1599/434/204 1591/380/171
f 1563/347/143 1592/433/203 1579/381/172
f 1564/417/195 1574/435/205 1562/416/194
f 1562/416/194 1574/435/205 1560/418/196
f 1564/417/195 1568/415/193 1600/436/206
f 1574/435/205 1564/417/195 1600/436/206
f 1574/435/205 1600/436/206 1597/437/207
f 1574/435/205 1597/437/207 1583/438/208
f 1574/435/205 1583/438/208 1560/418/196
f 1560/418/196 1583/438/208 1585/421/199
f 1560/418/196 1585/421/199 1557/419/197
f 1583/438/208 1597/437/207 1585/421/199
f 1594/432/202 1605/439/209 1566/344/141
f 1605/439/209 1630/440/210 1566/344/141
f 1591/380/171 1599/434/204 1594/431/202
f 1605/441/209 1594/431/202 1614/392/181
f 1624/390/179 1605/441/209 1614/392/181
f 1605/439/209 1624/442/179 1630/440/210
f 1594/431/202 1599/434/204 1614/392/181
f 1599/434/204 1613/443/211 1614/392/181
f 1592/433/203 1613/443/211 1599/434/204
f 1621/395/182 1614/392/181 1613/443/211
f 1566/344/141 1630/440/210 1568/415/193
f 1568/415/193 1630/440/210 1600/436/206
f 1600/436/206 1630/440/210 1619/444/212
f 1600/436/206 1619/444/212 1610/445/213
f 1610/445/213 1597/437/207 1600/436/206
f 1610/445/213 1622/446/214 1597/437/207
f 1592/433/203 1565/420/198 1613/443/211
f 1613/443/211 1565/420/198 1616/447/215
f 1565/420/198 1585/421/199 1616/447/215
f 1585/421/199 1597/437/207 1616/447/215
f 1616/447/215 1597/437/207 1622/446/214
f 1608/360/154 1632/448/216 1593/352/146
f 1608/360/154 1625/362/156 1632/448/216
f 1632/448/216 1625/362/156 1643/449/217
f 1593/352/146 1636/450/218 1606/363/157
f 1593/352/146 1632/448/216 1636/450/218
f 1601/361/155 1631/451/219 1625/362/156
f 1573/324/129 1633/452/220 1601/361/155
f 1601/361/155 1633/452/220 1631/451/219
f 1625/362/156 1631/451/219 1643/449/217
f 1612/369/163 1633/452/220 1573/324/129
f 1632/448/216 1643/449/217 1650/453/221
f 1643/449/217 1652/454/222 1650/453/221
f 1632/448/216 1650/453/221 1636/450/218
f 1636/450/218 1650/453/221 1654/455/223
f 1650/453/221 1652/454/222 1649/456/224
f 1643/449/217 1631/451/219 1649/456/224
f 1633/452/220 1649/456/224 1631/451/219
f 1643/449/217 1649/456/224 1652/454/222
f 1626/366/160 1627/457/225 1617/365/159
f 1617/365/159 1627/457/225 1623/368/162
f 1623/368/162 1627/457/225 1628/458/226
f 1606/363/157 1636/450/218 1626/366/160
f 1636/450/218 1634/459/227 1626/366/160
f 1626/366/160 1634/459/227 1627/457/225
f 1627/457/225 1634/459/227 1639/460/228
f 1639/460/228 1628/458/226 1627/457/225
f 1604/385/175 1618/387/176 1642/461/229
f 1623/368/162 1629/462/230 1612/369/163
f 1612/369/163 1629/462/230 1633/452/220
f 1628/458/226 1629/462/230 1623/368/162
f 1629/462/230 1639/460/228 1633/452/220
f 1629/462/230 1628/458/226 1639/460/228
f 1589/371/165 1595/372/166 1637/463/231
f 1639/460/228 1634/459/227 1644/464/232
f 1634/459/227 1647/465/233 1644/464/232
f 1636/450/218 1654/455/223 1634/459/227
f 1634/459/227 1654/455/223 1647/465/233
f 1650/453/221 1655/466/234 1654/455/223
f 1650/453/221 1649/456/224 1655/466/234
f 1647/465/233 1654/455/223 1655/466/234
f 1618/387/176 1656/467/235 1642/461/229
f 1637/463/231 1618/387/176 1589/371/165
f 1647/465/233 1655/466/234 1644/464/232
f 1633/452/220 1639/460/228 1649/456/224
f 1655/466/234 1649/456/224 1639/460/228
f 1639/460/228 1644/464/232 1655/466/234
f 1637/463/231 1648/468/236 1618/387/176
f 1671/469/237 1666/471/239 1676/470/238
f 1671/469/237 1663/472/240 1666/471/239
f 1663/472/240 1671/469/237 1668/473/241
f 1676/470/238 1669/475/243 1684/474/242
f 1676/470/238 1666/471/239 1669/475/243
f 1686/476/244 1668/473/241 1671/469/237
f 1671/469/237 1688/477/245 1686/476/244
f 1671/469/237 1676/470/238 1688/477/245
f 1668/473/241 1686/476/244 1677/478/246
f 1676/470/238 1687/479/247 1688/477/245
f 1684/474/242 1687/479/247 1676/470/238
f 1669/475/243 1678/480/248 1684/474/242
f 1663/472/240 1660/481/249 1666/471/239
f 1660/481/249 1663/472/240 1658/482/250
f 1668/473/241 1670/483/251 1663/472/240
f 1663/472/240 1657/484/252 1658/482/250
f 1658/482/250 1657/484/252 1659/485/253
f 1668/473/241 1677/478/246 1670/483/251
f 1666/471/239 1660/481/249 1669/475/243
f 1660/481/249 1662/486/254 1669/475/243
f 1669/475/243 1675/487/255 1678/480/248
f 1660/481/249 1658/482/250 1662/486/254
f 1658/482/250 1659/485/253 1662/486/254
f 1662/486/254 1664/488/256 1669/475/243
f 1679/489/257 1677/478/246 1691/490/258
f 1680/491/259 1690/492/260 1678/480/248
f 1675/487/255 1680/491/259 1678/480/248
f 1604/385/175 1642/461/229 1615/386/170
f 1642/461/229 1638/493/261 1615/386/170
f 1615/494/170 1638/495/261 1624/390/179
f 1624/390/179 1620/391/180 1603/393/178
f 1615/494/170 1624/390/179 1603/393/178
f 1624/442/179 1638/496/261 1630/440/210
f 1602/394/177 1621/395/182 1607/497/183
f 1621/395/182 1613/443/211 1607/497/183
f 1584/498/167 1607/497/183 1616/447/215
f 1642/461/229 1653/499/262 1638/493/261
f 1653/499/262 1642/461/229 1656/467/235
f 1630/440/210 1638/496/261 1645/500/263
f 1638/496/261 1653/501/262 1645/500/263
f 1653/501/262 1651/502/264 1645/500/263
f 1656/503/235 1648/504/236 1653/501/262
f 1584/373/167 1640/505/265 1595/372/166
f 1618/387/176 1648/468/236 1656/467/235
f 1595/372/166 1640/505/265 1648/468/236
f 1637/463/231 1595/372/166 1648/468/236
f 1584/498/167 1616/447/215 1640/506/265
f 1648/504/236 1651/502/264 1653/501/262
f 1651/502/264 1648/504/236 1641/507/266
f 1619/444/212 1635/508/267 1610/445/213
f 1610/445/213 1635/508/267 1622/446/214
f 1607/497/183 1613/443/211 1616/447/215
f 1616/447/215 1622/446/214 1641/507/266
f 1622/446/214 1635/508/267 1641/507/266
f 1645/500/263 1651/502/264 1646/509/268
f 1630/440/210 1645/500/263 1619/444/212
f 1619/444/212 1646/509/268 1635/508/267
f 1645/500/263 1646/509/268 1619/444/212
f 1640/506/265 1641/507/266 1648/504/236
f 1646/509/268 1651/502/264 1641/507/266
f 1646/509/268 1641/507/266 1635/508/267
f 1616/447/215 1641/507/266 1640/506/265
f 1663/472/240 1670/483/251 1657/484/252
f 1659/485/253 1657/484/252 1661/510/269
f 1677/478/246 1679/489/257 1670/483/251
f 1657/484/252 1665/511/270 1661/510/269
f 1670/512/251 1665/514/270 1657/513/252
f 1665/514/270 1667/516/271 1661/515/269
f 1662/486/254 1659/485/253 1664/488/256
f 1664/488/256 1675/487/255 1669/475/243
f 1659/485/253 1661/510/269 1664/488/256
f 1661/515/269 1667/516/271 1664/517/256
f 1692/518/272 1696/519/273 1679/489/257
f 1680/520/259 1695/522/274 1690/521/260
f 1675/487/255 1685/523/275 1680/491/259
f 1665/514/270 1673/525/277 1672/524/276
f 1665/514/270 1672/524/276 1667/516/271
f 1665/514/270 1670/512/251 1673/525/277
f 1673/525/277 1683/526/278 1672/524/276
f 1672/524/276 1683/526/278 1674/527/279
f 1667/516/271 1674/527/279 1664/528/256
f 1664/528/256 1674/527/279 1675/529/255
f 1672/524/276 1674/527/279 1667/516/271
f 1683/526/278 1681/530/280 1674/527/279
f 1679/531/257 1693/532/281 1670/512/251
f 1670/512/251 1693/532/281 1673/525/277
f 1693/532/281 1682/533/282 1673/525/277
f 1673/525/277 1682/533/282 1683/526/278
f 1682/533/282 1694/534/283 1683/526/278
f 1674/527/279 1681/530/280 1675/529/255
f 1675/529/255 1681/530/280 1689/535/284
f 1683/526/278 1694/534/283 1681/530/280
f 1708/536/285 1686/476/244 1688/477/245
f 1688/477/245 1687/479/247 1708/536/285
f 1686/476/244 1709/537/286 1677/478/246
f 1677/478/246 1709/537/286 1691/490/258
f 1684/474/242 1702/538/287 1687/479/247
f 1687/479/247 1702/538/287 1708/536/285
f 1684/474/242 1718/539/288 1702/538/287
f 1684/474/242 1678/480/248 1718/539/288
f 1678/480/248 1700/540/289 1718/539/288
f 1700/540/289 1713/541/290 1718/539/288
f 1686/476/244 1708/536/285 1709/537/286
f 1702/538/287 1723/542/291 1708/536/285
f 1708/536/285 1734/543/292 1709/537/286
f 1708/536/285 1723/542/291 1734/543/292
f 1691/490/258 1709/537/286 1725/544/293
f 1723/542/291 1702/538/287 1732/545/294
f 1702/538/287 1718/539/288 1732/545/294
f 1713/541/290 1730/546/295 1718/539/288
f 1701/547/296 1691/490/258 1706/548/297
f 1691/490/258 1701/547/296 1679/489/257
f 1679/489/257 1701/547/296 1692/518/272
f 1692/518/272 1701/547/296 1707/549/298
f 1691/490/258 1714/550/299 1706/548/297
f 1714/550/299 1707/549/298 1706/548/297
f 1692/518/272 1697/552/301 1699/551/300
f 1701/547/296 1706/548/297 1707/549/298
f 1678/480/248 1690/492/260 1700/540/289
f 1690/492/260 1707/553/298 1700/540/289
f 1714/550/299 1715/554/302 1707/549/298
f 1707/555/298 1715/556/302 1700/540/289
f 1713/541/290 1700/540/289 1715/556/302
f 1707/549/298 1697/552/301 1692/518/272
f 1707/549/298 1690/521/260 1697/552/301
f 1697/552/301 1695/522/274 1699/551/300
f 1691/490/258 1725/544/293 1714/550/299
f 1725/544/293 1724/557/303 1714/550/299
f 1709/537/286 1741/558/304 1725/544/293
f 1725/544/293 1741/558/304 1724/557/303
f 1724/557/303 1741/558/304 1733/559/305
f 1741/558/304 1738/560/306 1733/559/305
f 1714/550/299 1724/557/303 1715/554/302
f 1715/554/302 1724/557/303 1713/561/290
f 1724/557/303 1730/562/295 1713/561/290
f 1724/557/303 1733/559/305 1730/562/295
f 1745/563/307 1754/564/308 1709/537/286
f 1709/537/286 1734/543/292 1745/563/307
f 1745/563/307 1734/543/292 1746/565/309
f 1709/537/286 1754/564/308 1750/566/310
f 1746/565/309 1734/543/292 1732/545/294
f 1723/542/291 1732/545/294 1734/543/292
f 1732/545/294 1718/539/288 1746/565/309
f 1745/563/307 1746/565/309 1764/567/311
f 1746/565/309 1718/539/288 1755/568/312
f 1754/564/308 1745/563/307 1760/569/313
f 1745/563/307 1764/567/311 1760/569/313
f 1746/565/309 1756/570/314 1764/567/311
f 1746/565/309 1755/568/312 1756/570/314
f 1755/568/312 1758/571/315 1756/570/314
f 1709/537/286 1750/566/310 1741/558/304
f 1717/572/316 1740/573/317 1741/558/304
f 1741/558/304 1750/566/310 1717/572/316
f 1741/558/304 1739/574/318 1738/560/306
f 1738/560/306 1739/574/318 1742/575/319
f 1718/539/288 1730/546/295 1742/576/319
f 1738/560/306 1742/575/319 1733/559/305
f 1730/562/295 1733/559/305 1742/575/319
f 1742/575/319 1736/578/320 1718/577/288
f 1750/579/310 1754/581/308 1752/580/321
f 1760/582/313 1764/584/311 1753/583/322
f 1718/539/288 1758/571/315 1755/568/312
f 1756/570/314 1761/585/323 1764/567/311
f 1758/571/315 1762/586/324 1756/570/314
f 1692/518/272 1699/551/300 1696/519/273
f 1696/519/273 1710/587/325 1679/489/257
f 1710/588/325 1696/590/273 1705/589/326
f 1699/551/300 1705/591/326 1696/519/273
f 1705/589/326 1712/592/327 1710/588/325
f 1697/552/301 1690/521/260 1695/522/274
f 1705/591/326 1699/551/300 1695/522/274
f 1680/593/259 1703/595/328 1695/594/274
f 1705/589/326 1695/594/274 1712/592/327
f 1695/594/274 1703/595/328 1712/592/327
f 1680/593/259 1685/596/275 1703/595/328
f 1719/597/329 1710/588/325 1729/598/330
f 1710/588/325 1712/592/327 1729/598/330
f 1719/597/329 1731/600/332 1704/599/331
f 1731/600/332 1717/601/316 1704/599/331
f 1731/600/332 1719/597/329 1729/598/330
f 1731/600/332 1729/598/330 1735/602/333
f 1728/603/334 1729/598/330 1712/592/327
f 1712/592/327 1703/595/328 1728/603/334
f 1703/595/328 1722/604/335 1728/603/334
f 1729/598/330 1728/603/334 1735/602/333
f 1679/605/257 1710/606/325 1693/532/281
f 1693/607/281 1710/588/325 1704/608/331
f 1682/533/282 1693/532/281 1698/609/336
f 1698/609/336 1694/534/283 1682/533/282
f 1698/609/336 1716/611/338 1711/610/337
f 1685/596/275 1675/529/255 1689/535/284
f 1689/535/284 1721/612/339 1685/596/275
f 1685/596/275 1721/612/339 1722/604/335
f 1694/534/283 1698/609/336 1711/610/337
f 1681/530/280 1711/610/337 1689/535/284
f 1694/534/283 1711/610/337 1681/530/280
f 1719/597/329 1704/608/331 1710/588/325
f 1704/613/331 1717/614/316 1693/532/281
f 1717/614/316 1720/615/340 1693/532/281
f 1720/615/340 1698/609/336 1693/532/281
f 1720/615/340 1727/616/341 1698/609/336
f 1727/616/341 1716/611/338 1698/609/336
f 1727/616/341 1726/617/342 1716/611/338
f 1727/616/341 1737/618/343 1726/617/342
f 1722/604/335 1703/595/328 1685/596/275
f 1716/611/338 1726/617/342 1711/610/337
f 1689/535/284 1711/610/337 1721/612/339
f 1726/617/342 1721/612/339 1711/610/337
f 1726/617/342 1747/619/344 1721/612/339
f 1735/602/333 1740/620/317 1731/600/332
f 1740/620/317 1717/621/316 1731/600/332
f 1739/574/318 1741/558/304 1740/573/317
f 1750/566/310 1752/623/321 1717/622/316
f 1717/614/316 1752/580/321 1720/615/340
f 1742/575/319 1739/574/318 1736/578/320
f 1740/620/317 1735/602/333 1739/624/318
f 1736/625/320 1758/571/315 1718/539/288
f 1739/624/318 1735/602/333 1736/626/320
f 1728/603/334 1736/626/320 1735/602/333
f 1736/626/320 1728/603/334 1722/604/335
f 1736/626/320 1722/604/335 1758/627/315
f 1760/582/313 1753/583/322 1754/581/308
f 1720/615/340 1737/618/343 1727/616/341
f 1720/615/340 1748/628/345 1737/618/343
f 1720/615/340 1752/580/321 1748/628/345
f 1737/618/343 1747/619/344 1726/617/342
f 1752/580/321 1751/629/346 1748/628/345
f 1722/604/335 1721/612/339 1749/630/347
f 1747/619/344 1749/630/347 1721/612/339
f 1754/581/308 1757/631/348 1752/580/321
f 1752/580/321 1757/631/348 1751/629/346
f 1754/581/308 1753/583/322 1757/631/348
f 1748/628/345 1743/632/349 1737/618/343
f 1747/619/344 1744/633/350 1749/630/347
f 1758/627/315 1722/604/335 1763/634/351
f 1722/604/335 1744/633/350 1763/634/351
f 1764/584/311 1759/635/352 1753/583/322
f 1763/634/351 1762/636/324 1758/627/315
f 1748/628/345 1751/629/346 1743/632/349
f 1743/632/349 1747/619/344 1737/618/343
f 1749/630/347 1744/633/350 1722/604/335
f 1747/619/344 1743/632/349 1744/633/350
f 1757/631/348 1753/583/322 1751/629/346
f 1764/584/311 1761/637/323 1759/635/352
f 1762/636/324 1763/634/351 1756/638/314
f 1756/638/314 1763/634/351 1761/637/323
f 1751/629/346 1753/583/322 1743/632/349
f 1753/583/322 1759/635/352 1743/632/349
f 1743/632/349 1759/635/352 1761/637/323
f 1743/632/349 1761/637/323 1744/633/350
f 1744/633/350 1761/637/323 1763/634/351
f 757/639/353 750/641/355 752/640/354
f 743/642/356 752/640/354 750/641/355
f 763/643/357 767/644/358 757/639/353
f 757/639/353 752/640/354 763/643/357
f 767/644/358 778/645/359 757/639/353
f 757/639/353 778/645/359 756/646/360
f 763/643/357 752/640/354 769/647/361
f 780/648/362 752/640/354 631/649/363
f 763/643/357 780/648/362 767/644/358
f 780/648/362 781/650/364 767/644/358
f 769/647/361 780/648/362 763/643/357
f 769/647/361 752/640/354 780/648/362
f 780/648/362 631/649/363 771/651/365
f 767/644/358 785/652/366 778/645/359
f 767/644/358 781/650/364 785/653/366
f 785/653/366 781/650/364 856/654/367
f 781/650/364 780/648/362 856/655/367
f 780/648/362 771/651/365 856/655/367
f 134/656/368 136/658/370 131/657/369
f 134/656/368 131/657/369 145/659/371
f 145/659/371 159/661/373 152/660/372
f 159/661/373 150/663/375 165/662/374
f 128/664/376 129/665/377 131/657/369
f 136/658/370 135/666/378 131/657/369
f 128/664/376 127/667/379 129/665/377
f 145/659/371 131/657/369 150/663/375
f 150/663/375 159/661/373 145/659/371
f 131/657/369 129/665/377 150/663/375
f 129/665/377 148/668/380 150/663/375
f 129/665/377 146/669/381 148/668/380
f 134/656/368 135/666/378 136/658/370
f 134/656/368 152/660/372 135/666/378
f 134/656/368 145/659/371 152/660/372
f 128/664/376 130/670/382 127/667/379
f 135/666/378 138/671/383 131/657/369
f 131/657/369 138/671/383 128/664/376
f 128/664/376 138/671/383 130/670/382
f 169/672/384 159/661/373 165/662/374
f 159/661/373 169/672/384 152/660/372
f 165/662/374 181/673/385 169/672/384
f 175/674/386 194/675/387 181/673/385
f 165/662/374 175/674/386 181/673/385
f 181/673/385 186/676/388 169/672/384
f 198/677/389 186/676/388 181/673/385
f 165/662/374 150/663/375 170/678/390
f 165/662/374 170/678/390 175/674/386
f 150/663/375 148/668/380 170/678/390
f 148/668/380 176/679/391 170/678/390
f 148/668/380 166/680/392 176/679/391
f 175/674/386 170/678/390 194/675/387
f 176/679/391 166/680/392 190/681/393
f 152/660/372 147/682/394 135/666/378
f 135/666/378 147/682/394 138/671/383
f 168/683/395 155/684/396 152/660/372
f 152/660/372 155/684/396 147/682/394
f 155/684/396 172/686/398 162/685/397
f 162/685/397 158/687/399 155/684/396
f 130/670/382 138/671/383 141/688/400
f 138/671/383 147/682/394 149/689/401
f 147/682/394 155/684/396 149/689/401
f 155/684/396 158/687/399 149/689/401
f 138/671/383 149/689/401 141/688/400
f 158/687/399 141/688/400 149/689/401
f 141/688/400 158/687/399 154/690/402
f 158/687/399 167/691/403 154/690/402
f 169/672/384 168/683/395 152/660/372
f 169/672/384 186/676/388 168/683/395
f 155/684/396 168/683/395 172/686/398
f 168/683/395 179/692/404 172/686/398
f 186/676/388 189/693/405 168/683/395
f 189/693/405 179/692/404 168/683/395
f 179/692/404 183/694/406 172/686/398
f 189/693/405 202/696/408 184/695/407
f 202/696/408 195/697/409 184/695/407
f 172/686/398 183/694/406 158/687/399
f 162/685/397 172/686/398 158/687/399
f 158/687/399 183/694/406 167/691/403
f 189/693/405 184/695/407 179/692/404
f 179/692/404 184/695/407 183/694/406
f 184/695/407 195/697/409 191/698/410
f 183/694/406 184/695/407 167/691/403
f 184/695/407 191/698/410 167/691/403
f 191/698/410 185/699/411 167/691/403
f 197/700/412 185/699/411 191/698/410
f 127/667/379 132/701/413 129/665/377
f 132/701/413 143/702/414 129/665/377
f 132/701/413 133/703/415 143/702/414
f 129/665/377 143/702/414 146/669/381
f 143/702/414 160/704/416 146/669/381
f 143/702/414 142/705/417 160/704/416
f 142/705/417 161/706/418 160/704/416
f 143/702/414 133/703/415 142/705/417
f 133/703/415 137/707/419 142/705/417
f 161/706/418 164/708/420 160/704/416
f 142/705/417 153/709/421 161/706/418
f 127/667/379 139/710/422 132/701/413
f 127/667/379 130/670/382 139/710/422
f 132/701/413 139/710/422 133/703/415
f 133/703/415 139/710/422 140/711/423
f 133/703/415 140/711/423 137/707/419
f 137/707/419 153/709/421 142/705/417
f 140/711/423 153/709/421 137/707/419
f 146/669/381 166/680/392 148/668/380
f 146/669/381 160/704/416 166/680/392
f 160/704/416 171/712/424 166/680/392
f 160/704/416 180/713/425 171/712/424
f 166/680/392 171/712/424 190/681/393
f 160/704/416 164/708/420 180/713/425
f 161/706/418 153/709/421 174/714/426
f 161/706/418 174/714/426 164/708/420
f 153/709/421 173/715/427 174/714/426
f 180/713/425 164/708/420 174/714/426
f 174/714/426 182/717/429 193/716/428
f 130/670/382 141/688/400 144/718/430
f 130/670/382 144/718/430 139/710/422
f 139/710/422 144/718/430 140/711/423
f 140/711/423 144/718/430 151/719/431
f 144/718/430 157/720/432 151/719/431
f 144/718/430 154/690/402 156/721/433
f 144/718/430 156/721/433 157/720/432
f 153/709/421 140/711/423 151/719/431
f 151/719/431 157/720/432 153/709/421
f 141/688/400 154/690/402 144/718/430
f 156/721/433 163/722/434 157/720/432
f 173/715/427 182/717/429 174/714/426
f 153/709/421 177/723/435 173/715/427
f 157/720/432 163/722/434 153/709/421
f 153/709/421 163/722/434 177/723/435
f 177/723/435 188/724/436 173/715/427
f 196/725/437 173/715/427 188/724/436
f 182/717/429 173/715/427 196/726/437
f 167/691/403 178/727/438 154/690/402
f 154/690/402 178/727/438 156/721/433
f 178/727/438 163/722/434 156/721/433
f 187/728/439 178/727/438 185/699/411
f 188/724/436 177/723/435 187/728/439
f 187/728/439 177/723/435 178/727/438
f 187/728/439 185/699/411 192/729/440
f 187/728/439 192/729/440 188/724/436
f 167/691/403 185/699/411 178/727/438
f 163/722/434 178/727/438 177/723/435
f 194/730/387 206/732/441 198/731/389
f 170/733/390 206/732/441 194/730/387
f 206/732/441 221/735/443 210/734/442
f 176/736/391 190/738/393 201/737/444
f 176/736/391 201/737/444 206/732/441
f 176/736/391 206/732/441 170/733/390
f 201/737/444 214/739/445 206/732/441
f 206/732/441 218/740/446 221/735/443
f 206/732/441 214/739/445 218/740/446
f 214/739/445 201/737/444 212/741/447
f 181/673/385 194/743/387 198/742/389
f 206/732/441 210/734/442 198/731/389
f 198/731/389 210/734/442 209/744/448
f 210/734/442 221/735/443 215/745/449
f 210/734/442 216/746/450 209/744/448
f 210/734/442 215/745/449 216/746/450
f 214/739/445 228/747/451 218/740/446
f 221/735/443 218/740/446 227/748/452
f 215/745/449 221/735/443 236/749/453
f 221/735/443 227/748/452 236/749/453
f 214/739/445 233/750/454 228/747/451
f 218/740/446 228/747/451 227/748/452
f 198/731/389 200/752/455 186/751/388
f 186/751/388 200/752/455 202/753/408
f 202/754/408 189/693/405 186/676/388
f 209/744/448 217/755/456 198/731/389
f 200/752/455 198/731/389 217/755/456
f 200/752/455 204/756/457 202/753/408
f 200/752/455 251/757/458 204/756/457
f 200/752/455 217/755/456 251/757/458
f 202/753/408 199/759/459 195/758/409
f 202/753/408 204/756/457 199/759/459
f 191/760/410 195/758/409 199/759/459
f 199/761/459 197/700/412 191/698/410
f 217/755/456 209/744/448 230/762/460
f 215/745/449 226/763/461 216/746/450
f 209/744/448 216/746/450 230/762/460
f 216/746/450 226/763/461 230/762/460
f 236/749/453 226/763/461 215/745/449
f 230/762/460 226/763/461 330/764/462
f 230/762/460 232/765/463 217/755/456
f 190/738/393 171/766/424 201/737/444
f 171/766/424 207/767/464 201/737/444
f 171/766/424 203/768/465 207/767/464
f 201/737/444 207/767/464 211/769/466
f 207/767/464 223/770/467 211/769/466
f 201/737/444 211/769/466 212/741/447
f 211/769/466 223/770/467 222/771/468
f 223/770/467 208/773/470 224/772/469
f 180/774/425 203/768/465 171/766/424
f 207/767/464 203/768/465 208/773/470
f 207/767/464 208/773/470 223/770/467
f 180/774/425 193/775/428 203/768/465
f 180/713/425 174/714/426 193/716/428
f 208/773/470 203/768/465 220/776/471
f 203/768/465 193/775/428 220/776/471
f 214/739/445 212/741/447 233/750/454
f 212/741/447 211/769/466 229/777/472
f 211/769/466 222/771/468 229/777/472
f 212/741/447 229/777/472 233/750/454
f 229/777/472 222/771/468 234/778/473
f 222/771/468 223/770/467 234/778/473
f 192/779/440 196/781/437 188/780/436
f 185/782/411 197/783/412 192/779/440
f 197/783/412 205/784/474 192/779/440
f 196/781/437 193/775/428 182/785/429
f 208/773/470 220/776/471 225/786/475
f 220/776/471 193/775/428 219/787/476
f 192/779/440 205/784/474 196/781/437
f 205/784/474 213/788/477 196/781/437
f 193/775/428 196/781/437 213/788/477
f 213/788/477 219/787/476 193/775/428
f 208/773/470 225/786/475 224/772/469
f 223/770/467 224/772/469 234/778/473
f 225/786/475 220/776/471 224/772/469
f 219/787/476 235/789/478 220/776/471
f 233/750/454 229/777/472 324/790/479
f 224/772/469 220/776/471 235/789/478
f 219/787/476 231/791/480 235/789/478
f 219/787/476 272/792/481 231/791/480
f 204/793/457 251/795/458 253/794/482
f 253/794/482 199/796/459 204/793/457
f 199/796/459 246/798/483 197/797/412
f 253/794/482 248/799/484 199/796/459
f 199/796/459 248/799/484 246/798/483
f 197/797/412 246/798/483 252/800/485
f 252/800/485 249/801/486 197/797/412
f 197/797/412 249/801/486 205/802/474
f 205/802/474 249/801/486 213/803/477
f 238/804/487 239/806/489 242/805/488
f 239/806/489 243/807/490 242/805/488
f 242/805/488 420/808/491 238/804/487
f 425/809/492 245/811/494 247/810/493
f 425/809/492 247/810/493 244/812/495
f 420/808/491 245/811/494 425/809/492
f 242/805/488 245/811/494 420/808/491
f 242/805/488 250/813/496 245/811/494
f 242/805/488 243/807/490 250/813/496
f 238/804/487 406/814/497 239/806/489
f 243/807/490 239/806/489 241/815/498
f 239/806/489 419/816/499 241/815/498
f 241/815/498 419/816/499 240/817/500
f 240/817/500 434/818/501 241/815/498
f 251/795/458 217/820/456 266/819/502
f 217/820/456 232/821/463 266/819/502
f 251/795/458 266/819/502 253/794/482
f 266/819/502 265/822/503 253/794/482
f 265/822/503 248/799/484 253/794/482
f 265/822/503 262/823/504 248/799/484
f 248/799/484 262/823/504 270/824/505
f 270/824/505 264/826/507 259/825/506
f 266/819/502 232/821/463 265/822/503
f 265/822/503 232/821/463 268/827/508
f 268/827/508 232/821/463 273/828/509
f 265/822/503 264/826/507 262/823/504
f 264/826/507 270/824/505 262/823/504
f 246/798/483 258/829/510 252/800/485
f 258/829/510 260/830/511 252/800/485
f 252/800/485 260/830/511 249/801/486
f 260/830/511 261/831/512 249/801/486
f 219/832/476 213/803/477 272/833/481
f 272/833/481 213/803/477 261/831/512
f 249/801/486 261/831/512 213/803/477
f 270/824/505 258/829/510 246/798/483
f 248/799/484 270/824/505 246/798/483
f 270/824/505 256/834/513 258/829/510
f 256/834/513 260/830/511 258/829/510
f 260/830/511 271/835/514 261/831/512
f 261/831/512 271/835/514 272/833/481
f 271/835/514 269/836/515 272/833/481
f 272/833/481 275/838/516 231/837/480
f 269/836/515 275/838/516 272/833/481
f 265/822/503 268/827/508 264/826/507
f 264/826/507 255/839/517 250/813/496
f 264/826/507 250/813/496 259/825/506
f 244/812/495 247/810/493 254/840/518
f 247/810/493 255/839/517 263/841/519
f 247/810/493 263/841/519 254/840/518
f 247/810/493 245/811/494 255/839/517
f 245/811/494 250/813/496 255/839/517
f 268/827/508 255/839/517 264/826/507
f 263/841/519 255/839/517 268/827/508
f 254/840/518 263/841/519 268/827/508
f 273/828/509 254/840/518 268/827/508
f 259/825/506 256/834/513 270/824/505
f 256/834/513 267/842/520 260/830/511
f 260/830/511 267/842/520 271/835/514
f 259/825/506 250/813/496 256/834/513
f 267/842/520 269/836/515 271/835/514
f 250/813/496 243/807/490 256/834/513
f 243/807/490 241/815/498 256/834/513
f 267/842/520 256/834/513 241/815/498
f 267/842/520 257/843/521 269/836/515
f 241/815/498 257/843/521 267/842/520
f 241/815/498 434/818/501 257/843/521
f 434/818/501 445/844/522 257/843/521
f 275/838/516 269/836/515 274/845/523
f 269/836/515 257/843/521 274/845/523
f 274/845/523 462/846/524 275/838/516
f 226/847/461 326/849/525 330/848/462
f 233/750/454 237/850/526 228/747/451
f 233/851/454 324/853/479 237/852/526
f 227/854/452 328/856/527 236/855/453
f 228/857/451 328/856/527 227/854/452
f 228/857/451 237/852/526 328/856/527
f 236/855/453 334/858/528 226/847/461
f 334/858/528 326/849/525 226/847/461
f 236/855/453 328/856/527 334/858/528
f 237/852/526 344/859/529 328/856/527
f 237/852/526 329/860/530 344/859/529
f 230/861/460 330/848/462 232/862/463
f 330/848/462 326/849/525 345/863/531
f 345/863/531 326/849/525 349/864/532
f 334/858/528 328/856/527 338/865/533
f 328/856/527 344/859/529 338/865/533
f 334/858/528 338/865/533 342/866/534
f 344/859/529 352/867/535 338/865/533
f 344/859/529 346/868/536 352/867/535
f 334/858/528 349/864/532 326/849/525
f 342/866/534 350/869/537 334/858/528
f 330/848/462 335/870/538 232/862/463
f 330/848/462 341/871/539 335/870/538
f 330/848/462 345/863/531 341/871/539
f 334/858/528 350/869/537 349/864/532
f 345/863/531 349/864/532 356/872/540
f 345/863/531 356/872/540 358/873/541
f 237/852/526 324/853/479 329/860/530
f 324/853/479 229/875/472 327/874/542
f 229/875/472 234/876/473 327/874/542
f 324/853/479 327/874/542 329/860/530
f 234/876/473 332/877/543 327/874/542
f 224/878/469 337/879/544 234/876/473
f 224/880/469 325/881/545 337/879/544
f 224/880/469 235/882/478 325/881/545
f 235/882/478 331/883/546 325/881/545
f 327/874/542 332/877/543 336/884/547
f 332/877/543 234/876/473 333/885/548
f 234/876/473 337/879/544 333/885/548
f 235/882/478 231/886/480 331/883/546
f 329/860/530 327/874/542 344/859/529
f 332/877/543 333/885/548 336/884/547
f 344/859/529 327/874/542 346/868/536
f 327/874/542 336/884/547 346/868/536
f 336/884/547 353/887/549 346/868/536
f 333/885/548 354/888/550 336/884/547
f 336/884/547 354/888/550 353/887/549
f 331/883/546 340/889/551 325/881/545
f 337/879/544 325/881/545 340/889/551
f 337/879/544 351/890/552 333/885/548
f 337/879/544 348/891/553 351/890/552
f 337/879/544 340/889/551 348/891/553
f 333/885/548 351/890/552 354/888/550
f 348/891/553 340/889/551 357/892/554
f 331/883/546 347/893/555 340/889/551
f 340/889/551 347/893/555 357/892/554
f 232/862/463 335/870/538 273/894/509
f 273/894/509 335/870/538 276/895/556
f 345/863/531 358/873/541 341/871/539
f 335/870/538 341/871/539 339/896/557
f 335/870/538 339/896/557 276/895/556
f 231/886/480 275/897/516 331/883/546
f 331/883/546 343/898/558 347/893/555
f 343/898/558 331/883/546 275/897/516
f 343/898/558 275/897/516 462/899/524
f 342/866/534 338/865/533 365/900/559
f 342/866/534 365/900/559 350/869/537
f 338/865/533 352/867/535 365/900/559
f 352/867/535 364/901/560 365/900/559
f 352/867/535 359/902/561 364/901/560
f 349/864/532 350/869/537 356/872/540
f 350/869/537 365/900/559 362/903/562
f 362/903/562 365/900/559 372/904/563
f 365/900/559 369/905/564 372/904/563
f 365/900/559 364/901/560 369/905/564
f 400/906/565 393/908/567 389/907/566
f 400/906/565 389/907/566 384/909/568
f 378/910/569 386/912/571 396/911/570
f 387/913/572 400/906/565 384/909/568
f 378/910/569 380/915/574 376/914/573
f 378/910/569 387/913/572 384/909/568
f 380/915/574 378/910/569 384/909/568
f 389/907/566 393/908/567 382/916/575
f 389/907/566 382/916/575 384/909/568
f 384/909/568 382/916/575 380/915/574
f 380/915/574 382/916/575 377/917/576
f 382/916/575 394/918/577 377/917/576
f 369/905/564 379/919/578 372/904/563
f 352/867/535 346/868/536 359/902/561
f 346/868/536 353/887/549 359/902/561
f 359/902/561 353/887/549 366/920/579
f 353/887/549 351/890/552 366/920/579
f 354/888/550 351/890/552 353/887/549
f 366/920/579 351/890/552 367/921/580
f 367/921/580 351/890/552 363/922/581
f 359/902/561 369/905/564 364/901/560
f 366/920/579 369/905/564 359/902/561
f 366/920/579 367/921/580 369/905/564
f 378/910/569 376/914/573 386/912/571
f 386/912/571 376/914/573 390/923/582
f 380/915/574 377/917/576 376/914/573
f 376/914/573 377/917/576 383/924/583
f 376/914/573 385/925/584 390/923/582
f 390/923/582 385/925/584 391/926/585
f 383/924/583 385/925/584 376/914/573
f 385/925/584 388/927/586 391/926/585
f 383/924/583 388/927/586 385/925/584
f 369/905/564 367/921/580 375/928/587
f 394/918/577 395/929/588 377/917/576
f 377/917/576 395/929/588 383/924/583
f 379/919/578 369/905/564 375/928/587
f 358/873/541 356/872/540 350/869/537
f 358/873/541 350/869/537 362/903/562
f 358/873/541 362/903/562 373/930/589
f 358/873/541 339/896/557 341/871/539
f 358/873/541 360/931/590 339/896/557
f 358/873/541 355/932/591 360/931/590
f 358/873/541 368/933/592 355/932/591
f 362/903/562 372/904/563 373/930/589
f 358/873/541 373/930/589 368/933/592
f 373/930/589 374/934/593 368/933/592
f 339/896/557 360/931/590 355/932/591
f 373/930/589 372/904/563 397/935/594
f 397/935/594 374/934/593 373/930/589
f 374/934/593 492/936/595 368/933/592
f 374/934/593 392/937/596 492/936/595
f 351/890/552 348/891/553 357/892/554
f 357/892/554 363/922/581 351/890/552
f 363/922/581 357/892/554 370/938/597
f 347/893/555 343/898/558 361/939/598
f 357/892/554 347/893/555 361/939/598
f 357/892/554 361/939/598 370/938/597
f 361/939/598 479/940/599 370/938/597
f 343/898/558 479/940/599 361/939/598
f 370/938/597 479/940/599 371/941/600
f 367/921/580 363/922/581 370/938/597
f 367/921/580 370/938/597 381/942/601
f 370/938/597 371/941/600 381/942/601
f 412/943/602 425/945/492 423/944/603
f 425/945/492 412/943/602 420/946/491
f 238/947/487 403/949/604 406/948/497
f 238/947/487 420/946/491 403/949/604
f 411/950/605 420/946/491 412/943/602
f 403/949/604 420/946/491 411/950/605
f 412/943/602 423/944/603 410/951/606
f 412/943/602 410/951/606 411/950/605
f 423/944/603 426/953/608 424/952/607
f 411/950/605 410/951/606 408/954/609
f 408/954/609 403/949/604 411/950/605
f 402/955/610 403/949/604 408/954/609
f 403/949/604 402/955/610 401/956/611
f 423/944/603 425/945/492 244/957/495
f 244/958/495 439/959/612 423/944/603
f 439/959/612 426/953/608 423/944/603
f 439/959/612 450/961/614 451/960/613
f 447/962/615 439/959/612 451/960/613
f 426/953/608 439/959/612 430/963/616
f 439/959/612 447/962/615 430/963/616
f 432/964/617 447/962/615 442/965/618
f 447/962/615 433/966/619 430/963/616
f 447/962/615 432/964/617 433/966/619
f 426/953/608 430/963/616 424/952/607
f 403/949/604 401/956/611 406/948/497
f 406/948/497 419/968/499 239/967/489
f 406/948/497 405/969/620 419/968/499
f 419/968/499 414/971/621 240/970/500
f 405/969/620 414/971/621 419/968/499
f 401/956/611 405/969/620 406/948/497
f 405/969/620 407/973/623 409/972/622
f 405/969/620 409/972/622 414/971/621
f 427/974/624 414/971/621 418/975/625
f 427/974/624 418/975/625 429/976/626
f 427/974/624 429/976/626 428/977/627
f 432/964/617 442/965/618 449/978/628
f 432/964/617 449/978/628 428/979/627
f 428/979/627 449/978/628 441/980/629
f 449/978/628 448/981/630 441/980/629
f 240/970/500 414/971/621 434/982/501
f 414/971/621 427/974/624 434/982/501
f 434/982/501 427/974/624 445/983/522
f 427/984/624 441/980/629 445/985/522
f 445/985/522 441/980/629 448/981/630
f 431/986/631 433/988/619 432/987/617
f 432/987/617 428/977/627 431/986/631
f 427/974/624 428/977/627 441/989/629
f 423/944/603 421/990/632 410/951/606
f 417/991/633 408/954/609 410/951/606
f 410/951/606 421/990/632 417/991/633
f 423/944/603 424/952/607 421/990/632
f 408/954/609 404/992/634 402/955/610
f 424/952/607 313/993/635 421/990/632
f 304/994/636 416/995/637 417/991/633
f 417/991/633 416/995/637 408/954/609
f 408/954/609 416/995/637 404/992/634
f 404/992/634 413/996/638 402/955/610
f 433/966/619 435/997/639 430/963/616
f 430/963/616 435/997/639 437/998/640
f 433/966/619 438/999/641 435/997/639
f 430/963/616 437/998/640 424/952/607
f 440/1000/642 313/993/635 424/952/607
f 424/952/607 437/998/640 440/1000/642
f 417/991/633 421/990/632 304/994/636
f 440/1000/642 316/1001/643 313/993/635
f 446/1002/644 440/1000/642 437/998/640
f 316/1003/643 440/1000/642 446/1002/644
f 435/997/639 438/999/641 437/998/640
f 402/955/610 413/996/638 401/956/611
f 401/956/611 407/973/623 405/969/620
f 401/956/611 413/996/638 407/973/623
f 414/971/621 409/972/622 415/1004/645
f 414/971/621 415/1004/645 418/975/625
f 409/972/622 407/973/623 415/1004/645
f 418/975/625 444/1005/646 429/976/626
f 413/996/638 422/1006/647 407/973/623
f 407/973/623 422/1006/647 415/1004/645
f 431/986/631 428/977/627 429/976/626
f 433/966/619 431/1007/631 438/999/641
f 431/986/631 429/976/626 444/1005/646
f 431/986/631 443/1009/648 438/1008/641
f 443/1009/648 431/986/631 444/1005/646
f 438/1008/641 443/1009/648 452/1010/649
f 418/975/625 436/1011/650 444/1005/646
f 418/975/625 415/1004/645 436/1011/650
f 444/1005/646 317/1012/651 443/1009/648
f 444/1005/646 436/1011/650 317/1012/651
f 439/959/612 244/958/495 450/961/614
f 456/1013/652 450/961/614 244/958/495
f 254/1014/518 456/1013/652 244/958/495
f 456/1013/652 455/1015/653 450/961/614
f 450/961/614 455/1015/653 459/1016/654
f 447/962/615 451/960/613 453/1017/655
f 447/962/615 453/1017/655 449/978/628
f 447/962/615 449/978/628 442/965/618
f 450/961/614 459/1016/654 451/960/613
f 451/960/613 460/1018/656 453/1017/655
f 451/960/613 459/1016/654 460/1018/656
f 276/1019/556 254/1014/518 273/1020/509
f 276/1019/556 456/1013/652 254/1014/518
f 455/1015/653 456/1013/652 466/1021/657
f 455/1015/653 466/1021/657 464/1022/658
f 459/1016/654 455/1015/653 464/1022/658
f 460/1018/656 459/1016/654 461/1023/659
f 461/1023/659 459/1016/654 464/1022/658
f 449/978/628 454/1024/660 448/981/630
f 453/1017/655 457/1025/661 449/978/628
f 449/978/628 457/1025/661 454/1024/660
f 454/1024/660 458/1026/662 448/981/630
f 458/1026/662 274/1027/523 448/981/630
f 448/981/630 274/1027/523 445/985/522
f 257/1028/521 445/985/522 274/1027/523
f 274/1027/523 465/1030/663 462/1029/524
f 460/1018/656 457/1025/661 453/1017/655
f 460/1018/656 467/1031/664 457/1025/661
f 457/1025/661 463/1032/665 454/1024/660
f 457/1025/661 467/1031/664 463/1032/665
f 454/1024/660 463/1032/665 458/1026/662
f 458/1026/662 463/1032/665 465/1030/663
f 465/1030/663 274/1027/523 458/1026/662
f 437/998/640 322/1033/666 446/1002/644
f 437/998/640 438/999/641 322/1033/666
f 438/999/641 452/1034/649 322/1033/666
f 461/1023/659 467/1031/664 460/1018/656
f 404/1035/634 301/1037/667 413/1036/638
f 416/1038/637 301/1037/667 404/1035/634
f 300/1039/668 290/1041/670 288/1040/669
f 290/1041/670 300/1039/668 301/1037/667
f 291/1042/671 287/1043/672 290/1041/670
f 291/1042/671 282/1044/673 287/1043/672
f 278/1045/674 288/1040/669 290/1041/670
f 287/1043/672 278/1045/674 290/1041/670
f 291/1042/671 290/1041/670 299/1046/675
f 291/1042/671 299/1046/675 314/1047/676
f 301/1037/667 300/1039/668 413/1036/638
f 413/1036/638 300/1039/668 422/1048/647
f 288/1040/669 292/1049/677 300/1039/668
f 292/1049/677 296/1050/678 300/1039/668
f 300/1039/668 296/1050/678 306/1051/679
f 296/1050/678 298/1052/680 306/1051/679
f 288/1040/669 277/1053/681 292/1049/677
f 292/1049/677 281/1054/682 296/1050/678
f 281/1054/682 286/1055/683 296/1050/678
f 288/1040/669 278/1045/674 277/1053/681
f 292/1049/677 277/1053/681 281/1054/682
f 296/1050/678 286/1055/683 298/1052/680
f 278/1045/674 287/1043/672 279/1056/684
f 287/1043/672 282/1044/673 279/1056/684
f 282/1044/673 284/1057/685 279/1056/684
f 278/1045/674 279/1056/684 277/1053/681
f 284/1057/685 285/1058/686 279/1056/684
f 285/1058/686 280/1059/687 279/1056/684
f 293/1060/688 280/1059/687 285/1058/686
f 305/1061/689 295/1062/690 282/1044/673
f 305/1061/689 309/1063/691 295/1062/690
f 282/1044/673 295/1062/690 284/1057/685
f 295/1062/690 285/1058/686 284/1057/685
f 285/1058/686 295/1062/690 293/1060/688
f 286/1055/683 283/1064/692 298/1052/680
f 277/1053/681 280/1059/687 281/1054/682
f 281/1054/682 280/1059/687 283/1064/692
f 279/1056/684 280/1059/687 277/1053/681
f 293/1060/688 294/1065/693 280/1059/687
f 281/1054/682 283/1064/692 286/1055/683
f 283/1064/692 280/1059/687 289/1066/694
f 311/1067/695 283/1064/692 297/1068/696
f 294/1065/693 297/1068/696 280/1059/687
f 280/1059/687 297/1068/696 289/1066/694
f 293/1060/688 303/1069/697 294/1065/693
f 283/1064/692 289/1066/694 297/1068/696
f 421/1070/632 313/1072/635 304/1071/636
f 313/1072/635 314/1047/676 304/1071/636
f 416/1038/637 310/1073/698 301/1037/667
f 301/1037/667 310/1073/698 290/1041/670
f 416/1038/637 304/1071/636 310/1073/698
f 314/1047/676 310/1073/698 304/1071/636
f 314/1047/676 305/1061/689 291/1042/671
f 313/1072/635 305/1061/689 314/1047/676
f 299/1046/675 290/1041/670 310/1073/698
f 299/1046/675 310/1073/698 314/1047/676
f 313/1072/635 316/1074/643 305/1061/689
f 305/1061/689 316/1074/643 319/1075/699
f 316/1074/643 315/1076/700 319/1075/699
f 446/1077/644 322/1079/666 323/1078/701
f 322/1079/666 452/1080/649 323/1078/701
f 446/1077/644 315/1076/700 316/1074/643
f 446/1077/644 323/1078/701 315/1076/700
f 291/1042/671 305/1061/689 282/1044/673
f 309/1063/691 293/1060/688 295/1062/690
f 293/1060/688 312/1081/702 303/1069/697
f 309/1063/691 315/1076/700 293/1060/688
f 293/1060/688 315/1076/700 312/1081/702
f 305/1061/689 319/1075/699 309/1063/691
f 319/1075/699 315/1076/700 309/1063/691
f 323/1078/701 320/1082/703 315/1076/700
f 312/1081/702 315/1076/700 320/1082/703
f 300/1039/668 306/1051/679 422/1048/647
f 422/1048/647 306/1051/679 415/1083/645
f 415/1083/645 306/1051/679 307/1084/704
f 307/1084/704 436/1085/650 415/1083/645
f 307/1084/704 308/1086/705 436/1085/650
f 298/1052/680 308/1086/705 306/1051/679
f 306/1051/679 308/1086/705 307/1084/704
f 452/1080/649 443/1088/648 318/1087/706
f 452/1080/649 318/1087/706 323/1078/701
f 443/1088/648 321/1089/707 318/1087/706
f 308/1086/705 317/1090/651 436/1085/650
f 443/1088/648 317/1090/651 321/1089/707
f 308/1086/705 302/1091/708 317/1090/651
f 302/1091/708 321/1089/707 317/1090/651
f 294/1065/693 303/1069/697 297/1068/696
f 303/1069/697 311/1067/695 297/1068/696
f 283/1064/692 302/1091/708 298/1052/680
f 298/1052/680 302/1091/708 308/1086/705
f 283/1064/692 311/1067/695 302/1091/708
f 323/1078/701 318/1087/706 320/1082/703
f 318/1087/706 321/1089/707 311/1067/695
f 312/1081/702 320/1082/703 303/1069/697
f 318/1087/706 311/1067/695 303/1069/697
f 318/1087/706 303/1069/697 320/1082/703
f 321/1089/707 302/1091/708 311/1067/695
f 456/1092/652 468/1094/709 466/1093/657
f 276/1095/556 468/1094/709 456/1092/652
f 488/1096/710 468/1094/709 276/1095/556
f 339/1097/557 355/1098/591 276/1095/556
f 276/1095/556 355/1098/591 488/1096/710
f 488/1096/710 478/1099/711 468/1094/709
f 466/1093/657 469/1101/712 464/1100/658
f 468/1094/709 469/1101/712 466/1093/657
f 469/1101/712 473/1102/713 464/1100/658
f 464/1100/658 473/1102/713 471/1103/714
f 464/1100/658 471/1103/714 461/1104/659
f 461/1104/659 471/1103/714 470/1105/715
f 473/1102/713 475/1106/716 471/1103/714
f 469/1101/712 478/1099/711 481/1107/717
f 468/1094/709 478/1099/711 469/1101/712
f 481/1107/717 475/1106/716 473/1102/713
f 469/1101/712 481/1107/717 473/1102/713
f 471/1103/714 475/1106/716 474/1108/718
f 475/1106/716 483/1109/719 474/1108/718
f 462/1110/524 479/1112/599 343/1111/558
f 462/1110/524 480/1113/720 479/1112/599
f 467/1114/664 470/1105/715 463/1115/665
f 461/1104/659 470/1105/715 467/1114/664
f 463/1115/665 472/1117/721 465/1116/663
f 471/1103/714 474/1108/718 470/1105/715
f 463/1115/665 470/1105/715 472/1117/721
f 465/1116/663 480/1113/720 462/1110/524
f 465/1116/663 472/1117/721 480/1113/720
f 472/1117/721 477/1118/722 480/1113/720
f 476/1119/723 470/1105/715 474/1108/718
f 476/1119/723 472/1117/721 470/1105/715
f 472/1117/721 476/1119/723 477/1118/722
f 474/1108/718 483/1109/719 482/1120/724
f 355/1098/591 368/1121/592 488/1096/710
f 492/1122/595 488/1096/710 368/1121/592
f 488/1096/710 486/1123/725 478/1099/711
f 488/1096/710 501/1124/726 486/1123/725
f 488/1096/710 492/1122/595 501/1124/726
f 479/1112/599 489/1126/727 371/1125/600
f 479/1112/599 480/1113/720 489/1126/727
f 371/1125/600 489/1126/727 498/1127/728
f 478/1099/711 484/1128/729 481/1107/717
f 486/1123/725 484/1128/729 478/1099/711
f 481/1107/717 484/1128/729 475/1106/716
f 484/1128/729 490/1129/730 475/1106/716
f 475/1106/716 490/1129/730 483/1109/719
f 490/1129/730 491/1130/731 483/1109/719
f 483/1109/719 491/1130/731 482/1120/724
f 500/1131/732 484/1128/729 486/1123/725
f 500/1131/732 496/1132/733 484/1128/729
f 486/1123/725 501/1124/726 500/1131/732
f 490/1129/730 496/1132/733 495/1133/734
f 484/1128/729 496/1132/733 490/1129/730
f 490/1129/730 495/1133/734 491/1130/731
f 496/1132/733 505/1134/735 495/1133/734
f 495/1133/734 505/1134/735 491/1130/731
f 491/1130/731 505/1134/735 502/1135/736
f 474/1108/718 485/1136/737 476/1119/723
f 474/1108/718 482/1120/724 485/1136/737
f 476/1119/723 485/1136/737 477/1118/722
f 477/1118/722 485/1136/737 487/1137/738
f 477/1118/722 487/1137/738 480/1113/720
f 480/1113/720 487/1137/738 489/1126/727
f 487/1137/738 493/1138/739 489/1126/727
f 489/1126/727 493/1138/739 498/1127/728
f 491/1130/731 494/1139/740 482/1120/724
f 482/1120/724 494/1139/740 485/1136/737
f 494/1139/740 499/1140/741 485/1136/737
f 485/1136/737 497/1141/742 487/1137/738
f 499/1140/741 497/1141/742 485/1136/737
f 493/1138/739 487/1137/738 497/1141/742
f 504/1142/743 499/1140/741 494/1139/740
f 497/1141/742 499/1140/741 506/1143/744
f 491/1130/731 502/1135/736 494/1139/740
f 502/1135/736 503/1144/745 494/1139/740
f 494/1139/740 503/1144/745 504/1142/743
f 497/1141/742 506/1143/744 493/1138/739
f 396/1145/570 535/1147/747 544/1146/746
f 396/1145/570 544/1146/746 545/1148/748
f 548/1149/749 541/1151/751 546/1150/750
f 545/1148/748 546/1150/750 396/1145/570
f 546/1150/750 537/1152/752 396/1145/570
f 548/1149/749 546/1150/750 556/1153/753
f 545/1148/748 556/1153/753 546/1150/750
f 560/1154/754 545/1148/748 544/1146/746
f 545/1148/748 560/1154/754 556/1153/753
f 400/1155/565 541/1151/751 540/1156/755
f 400/1155/565 537/1152/752 541/1151/751
f 548/1149/749 540/1156/755 541/1151/751
f 548/1149/749 552/1157/756 540/1156/755
f 540/1156/755 552/1157/756 559/1158/757
f 541/1151/751 537/1152/752 546/1150/750
f 400/1155/565 387/1159/572 537/1152/752
f 396/1145/570 387/1159/572 378/1160/569
f 387/1159/572 396/1145/570 537/1152/752
f 548/1149/749 575/1161/758 552/1157/756
f 548/1149/749 556/1153/753 575/1161/758
f 556/1153/753 568/1162/759 575/1161/758
f 560/1154/754 568/1162/759 556/1153/753
f 568/1162/759 560/1154/754 580/1163/760
f 559/1158/757 574/1165/762 564/1164/761
f 564/1164/761 574/1165/762 566/1166/763
f 574/1165/762 569/1167/764 566/1166/763
f 575/1161/758 586/1168/765 552/1157/756
f 559/1158/757 552/1157/756 574/1165/762
f 583/1169/766 574/1165/762 552/1157/756
f 535/1147/747 543/1170/767 544/1146/746
f 535/1147/747 396/1145/570 386/1171/571
f 386/1171/571 543/1170/767 535/1147/747
f 543/1170/767 386/1171/571 536/1172/768
f 543/1170/767 536/1172/768 547/1173/769
f 544/1146/746 561/1174/770 560/1154/754
f 543/1170/767 547/1173/769 551/1175/771
f 551/1175/771 547/1173/769 553/1176/772
f 386/1171/571 390/1177/582 536/1172/768
f 390/1177/582 542/1178/773 536/1172/768
f 390/1177/582 391/1179/585 542/1178/773
f 547/1173/769 536/1172/768 542/1178/773
f 547/1173/769 542/1178/773 553/1176/772
f 553/1176/772 542/1178/773 557/1180/774
f 544/1146/746 543/1170/767 561/1174/770
f 543/1170/767 565/1181/775 561/1174/770
f 543/1170/767 551/1175/771 565/1181/775
f 551/1175/771 576/1182/776 565/1181/775
f 560/1154/754 561/1174/770 580/1163/760
f 580/1163/760 561/1174/770 578/1183/777
f 561/1174/770 565/1181/775 578/1183/777
f 553/1176/772 576/1182/776 551/1175/771
f 563/1184/778 570/1186/780 562/1185/779
f 570/1186/780 571/1187/781 562/1185/779
f 557/1180/774 562/1185/779 571/1187/781
f 553/1176/772 582/1188/782 576/1182/776
f 553/1176/772 557/1180/774 582/1188/782
f 393/1189/567 400/1155/565 540/1156/755
f 393/1189/567 538/1191/783 382/1190/575
f 393/1189/567 399/1192/784 538/1191/783
f 540/1156/755 559/1158/757 393/1189/567
f 559/1158/757 399/1192/784 393/1189/567
f 559/1158/757 564/1164/761 399/1192/784
f 399/1192/784 564/1164/761 558/1193/785
f 564/1164/761 538/1191/783 558/1193/785
f 399/1192/784 558/1193/785 538/1191/783
f 397/1194/594 372/1196/563 398/1195/786
f 512/1197/787 510/1199/789 511/1198/788
f 397/1194/594 398/1195/786 510/1199/789
f 372/904/563 379/919/578 398/1200/786
f 382/1190/575 538/1191/783 394/1201/577
f 379/1202/578 394/1201/577 398/1203/786
f 395/929/588 394/918/577 379/919/578
f 538/1191/783 549/1204/790 394/1201/577
f 549/1204/790 398/1203/786 394/1201/577
f 549/1205/790 511/1198/788 398/1195/786
f 510/1199/789 398/1195/786 511/1198/788
f 566/1166/763 538/1191/783 564/1164/761
f 538/1191/783 566/1166/763 549/1204/790
f 566/1166/763 577/1206/791 549/1204/790
f 574/1165/762 583/1169/766 579/1207/792
f 573/1208/793 513/1210/794 512/1209/787
f 579/1207/792 583/1169/766 573/1208/793
f 583/1169/766 513/1210/794 573/1208/793
f 574/1165/762 579/1207/792 569/1167/764
f 566/1166/763 569/1167/764 577/1206/791
f 579/1207/792 577/1206/791 569/1167/764
f 573/1208/793 577/1206/791 579/1207/792
f 573/1208/793 511/1211/788 577/1206/791
f 512/1209/787 511/1211/788 573/1208/793
f 549/1204/790 577/1206/791 511/1211/788
f 388/927/586 383/924/583 534/1212/795
f 391/1179/585 388/1214/586 534/1213/795
f 555/1215/796 563/1184/778 550/1216/797
f 562/1185/779 554/1217/798 550/1216/797
f 542/1178/773 391/1179/585 557/1180/774
f 391/1179/585 534/1213/795 557/1180/774
f 557/1180/774 534/1213/795 562/1185/779
f 534/1213/795 554/1217/798 562/1185/779
f 550/1216/797 554/1217/798 534/1213/795
f 379/919/578 375/928/587 395/929/588
f 395/1218/588 375/1220/587 539/1219/799
f 395/1218/588 555/1215/796 383/1221/583
f 375/1222/587 367/1224/580 632/1223/800
f 539/1225/799 375/1222/587 632/1223/800
f 383/1221/583 555/1215/796 550/1216/797
f 395/1218/588 539/1226/799 555/1215/796
f 555/1215/796 539/1226/799 636/1227/801
f 539/1225/799 637/1229/802 636/1228/801
f 367/1224/580 381/1230/601 632/1223/800
f 383/1221/583 550/1216/797 534/1213/795
f 636/1228/801 637/1229/802 638/1231/803
f 539/1225/799 632/1223/800 637/1229/802
f 563/1184/778 562/1185/779 550/1216/797
f 563/1184/778 555/1215/796 570/1186/780
f 555/1215/796 567/1232/804 570/1186/780
f 570/1186/780 567/1232/804 571/1187/781
f 567/1232/804 572/1233/805 571/1187/781
f 557/1180/774 571/1187/781 582/1188/782
f 572/1233/805 581/1234/806 582/1188/782
f 555/1215/796 636/1227/801 567/1232/804
f 567/1232/804 636/1227/801 572/1233/805
f 636/1227/801 638/1235/803 572/1233/805
f 638/1235/803 581/1234/806 572/1233/805
f 552/1236/756 586/1238/765 583/1237/766
f 587/1239/807 586/1238/765 575/1240/758
f 586/1238/765 587/1239/807 590/1241/808
f 590/1241/808 587/1239/807 597/1242/809
f 575/1240/758 568/1243/759 587/1239/807
f 568/1243/759 594/1244/810 587/1239/807
f 587/1239/807 594/1244/810 593/1245/811
f 580/1246/760 592/1247/812 568/1243/759
f 592/1247/812 594/1244/810 568/1243/759
f 580/1246/760 591/1248/813 592/1247/812
f 592/1247/812 599/1249/814 594/1244/810
f 587/1239/807 593/1245/811 597/1242/809
f 608/1250/815 629/1252/817 606/1251/816
f 606/1251/816 627/1254/819 628/1253/818
f 621/1255/820 606/1251/816 628/1253/818
f 618/1256/821 606/1251/816 621/1255/820
f 604/1257/822 599/1249/814 608/1250/815
f 592/1247/812 603/1258/823 599/1249/814
f 594/1244/810 604/1257/822 593/1245/811
f 599/1249/814 604/1257/822 594/1244/810
f 608/1250/815 606/1251/816 604/1257/822
f 576/1182/776 584/1259/824 565/1181/775
f 565/1260/775 584/1262/824 588/1261/825
f 580/1246/760 578/1263/777 591/1248/813
f 578/1263/777 565/1260/775 591/1248/813
f 591/1248/813 565/1260/775 595/1264/826
f 595/1264/826 565/1260/775 588/1261/825
f 588/1261/825 596/1265/827 595/1264/826
f 576/1182/776 582/1188/782 584/1259/824
f 588/1261/825 598/1266/828 596/1265/827
f 584/1262/824 589/1267/829 588/1261/825
f 588/1261/825 589/1267/829 598/1266/828
f 598/1266/828 600/1268/830 596/1265/827
f 603/1258/823 617/1269/831 608/1250/815
f 617/1269/831 603/1258/823 607/1270/832
f 612/1271/833 631/1272/363 617/1269/831
f 592/1247/812 591/1248/813 603/1258/823
f 591/1248/813 595/1264/826 603/1258/823
f 595/1264/826 602/1273/834 603/1258/823
f 608/1250/815 599/1249/814 603/1258/823
f 603/1258/823 602/1273/834 607/1270/832
f 595/1264/826 596/1265/827 602/1273/834
f 607/1270/832 602/1273/834 612/1271/833
f 607/1270/832 612/1271/833 617/1269/831
f 631/1272/363 612/1271/833 624/1274/835
f 612/1271/833 625/1275/836 624/1274/835
f 619/1276/837 625/1275/836 612/1271/833
f 619/1276/837 623/1277/838 625/1275/836
f 586/1238/765 590/1241/808 583/1237/766
f 513/1278/794 583/1237/766 514/1279/839
f 597/1242/809 593/1245/811 520/1280/840
f 583/1237/766 590/1241/808 518/1281/841
f 583/1237/766 518/1281/841 514/1279/839
f 590/1241/808 597/1242/809 518/1281/841
f 597/1282/809 517/1284/842 518/1283/841
f 597/1285/809 520/1286/840 517/1284/842
f 520/1287/840 523/1289/844 521/1288/843
f 593/1245/811 604/1257/822 520/1280/840
f 606/1251/816 605/1290/845 604/1257/822
f 613/1291/846 611/1292/847 605/1290/845
f 621/1255/820 626/1293/848 618/1256/821
f 620/1294/849 605/1290/845 618/1256/821
f 618/1256/821 626/1293/848 620/1294/849
f 618/1256/821 605/1290/845 606/1251/816
f 613/1291/846 605/1290/845 620/1294/849
f 613/1291/846 614/1295/850 611/1292/847
f 605/1290/845 611/1292/847 527/1296/851
f 604/1257/822 605/1290/845 527/1296/851
f 604/1257/822 523/1297/844 520/1280/840
f 604/1298/822 527/1299/851 523/1289/844
f 613/1291/846 620/1294/849 626/1293/848
f 613/1291/846 626/1293/848 614/1295/850
f 626/1293/848 531/1300/852 614/1295/850
f 531/1301/852 532/1303/854 530/1302/853
f 614/1304/850 531/1301/852 611/1305/847
f 531/1301/852 530/1302/853 611/1305/847
f 611/1305/847 530/1302/853 527/1299/851
f 572/1233/805 582/1188/782 571/1187/781
f 582/1306/782 589/1267/829 584/1262/824
f 598/1266/828 589/1267/829 642/1307/855
f 582/1306/782 585/1308/856 589/1267/829
f 582/1306/782 581/1309/806 585/1308/856
f 598/1266/828 644/1310/857 600/1268/830
f 598/1266/828 642/1307/855 641/1311/858
f 641/1311/858 644/1310/857 598/1266/828
f 601/1312/859 600/1314/830 644/1313/857
f 648/1315/860 601/1312/859 644/1313/857
f 589/1267/829 585/1308/856 642/1307/855
f 602/1273/834 596/1265/827 601/1316/859
f 596/1265/827 600/1268/830 601/1316/859
f 602/1273/834 601/1316/859 609/1317/861
f 612/1271/833 602/1273/834 609/1317/861
f 601/1316/859 610/1318/862 609/1317/861
f 612/1271/833 609/1317/861 619/1276/837
f 615/1319/863 622/1320/864 609/1317/861
f 610/1318/862 615/1319/863 609/1317/861
f 619/1276/837 609/1317/861 622/1320/864
f 619/1276/837 622/1320/864 623/1277/838
f 601/1316/859 649/1321/865 610/1318/862
f 648/1315/860 649/1322/865 601/1312/859
f 610/1318/862 653/1324/867 616/1323/866
f 610/1318/862 616/1323/866 615/1319/863
f 616/1325/866 653/1327/867 654/1326/868
f 615/1319/863 616/1323/866 622/1320/864
f 616/1323/866 654/1328/868 622/1320/864
f 654/1328/868 630/1329/869 622/1320/864
f 397/1194/594 510/1199/789 374/1330/593
f 512/1197/787 392/1331/596 510/1199/789
f 510/1199/789 392/1331/596 374/1330/593
f 513/1332/794 392/1331/596 512/1197/787
f 513/1332/794 514/1334/839 509/1333/870
f 381/1335/601 371/1337/600 633/1336/871
f 632/1223/800 633/1336/871 637/1229/802
f 632/1223/800 381/1335/601 633/1336/871
f 638/1231/803 637/1229/802 635/1338/872
f 633/1336/871 635/1338/872 637/1229/802
f 633/1336/871 371/1337/600 635/1338/872
f 638/1231/803 635/1338/872 581/1339/806
f 581/1339/806 639/1341/873 585/1340/856
f 635/1338/872 639/1341/873 581/1339/806
f 392/1331/596 509/1333/870 492/1342/595
f 513/1332/794 509/1333/870 392/1331/596
f 371/1337/600 634/1343/874 635/1338/872
f 371/1337/600 498/1344/728 634/1343/874
f 634/1343/874 639/1341/873 635/1338/872
f 639/1341/873 634/1343/874 676/1345/875
f 514/1334/839 515/1346/876 509/1333/870
f 518/1283/841 515/1346/876 514/1334/839
f 515/1346/876 518/1283/841 517/1284/842
f 515/1346/876 517/1284/842 519/1347/877
f 522/1348/878 519/1347/877 521/1288/843
f 517/1284/842 520/1286/840 521/1288/843
f 521/1288/843 519/1347/877 517/1284/842
f 521/1288/843 523/1289/844 522/1348/878
f 515/1346/876 516/1349/879 509/1333/870
f 515/1346/876 519/1347/877 516/1349/879
f 516/1349/879 519/1347/877 524/1350/880
f 522/1348/878 523/1289/844 527/1299/851
f 532/1303/854 527/1299/851 530/1302/853
f 522/1348/878 527/1299/851 529/1351/881
f 522/1348/878 529/1351/881 526/1352/882
f 522/1348/878 525/1353/883 519/1347/877
f 525/1353/883 522/1348/878 526/1352/882
f 525/1353/883 524/1350/880 519/1347/877
f 529/1351/881 533/1354/884 526/1352/882
f 526/1352/882 533/1354/884 525/1353/883
f 641/1355/858 643/1356/885 644/1313/857
f 642/1357/855 585/1340/856 641/1355/858
f 641/1355/858 585/1340/856 643/1356/885
f 585/1340/856 640/1358/886 643/1356/885
f 648/1315/860 644/1313/857 649/1322/865
f 644/1313/857 646/1359/887 649/1322/865
f 644/1313/857 643/1356/885 645/1360/888
f 644/1313/857 647/1361/889 646/1359/887
f 645/1360/888 647/1361/889 644/1313/857
f 585/1340/856 639/1341/873 640/1358/886
f 643/1356/885 640/1358/886 645/1360/888
f 645/1360/888 640/1358/886 650/1362/890
f 646/1359/887 652/1363/891 649/1322/865
f 610/1364/862 649/1322/865 653/1327/867
f 653/1327/867 656/1365/892 654/1326/868
f 649/1322/865 652/1363/891 653/1327/867
f 646/1359/887 655/1366/893 652/1363/891
f 646/1359/887 657/1367/894 655/1366/893
f 646/1359/887 647/1361/889 657/1367/894
f 651/1368/895 657/1367/894 647/1361/889
f 509/1333/870 516/1349/879 672/1369/896
f 672/1369/896 516/1349/879 689/1370/897
f 689/1371/897 528/1373/898 672/1372/896
f 516/1349/879 524/1350/880 689/1370/897
f 525/1353/883 689/1370/897 524/1350/880
f 525/1353/883 533/1354/884 528/1374/898
f 528/1374/898 533/1354/884 695/1375/899
f 689/1371/897 525/1376/883 528/1373/898
f 639/1341/873 676/1377/875 640/1358/886
f 640/1358/886 676/1377/875 650/1362/890
f 676/1378/875 699/1380/900 650/1379/890
f 645/1360/888 699/1381/900 647/1361/889
f 650/1362/890 699/1381/900 645/1360/888
f 647/1361/889 699/1381/900 651/1368/895
f 699/1380/900 704/1383/901 651/1382/895
f 629/1384/817 608/1385/815 743/642/356
f 743/642/356 608/1385/815 617/1386/831
f 629/1384/817 750/641/355 757/639/353
f 629/1384/817 743/642/356 750/641/355
f 752/640/354 743/642/356 617/1387/831
f 747/1388/902 627/1254/819 629/1252/817
f 629/1252/817 627/1254/819 606/1251/816
f 629/1384/817 757/639/353 756/646/360
f 756/646/360 747/1389/902 629/1384/817
f 617/1387/831 631/649/363 752/640/354
f 747/1389/902 756/646/360 748/1390/903
f 631/649/363 758/1392/905 784/1391/904
f 747/1389/902 748/1390/903 627/1393/819
f 621/1394/820 628/1396/818 749/1395/906
f 749/1395/906 744/1397/907 621/1394/820
f 628/1396/818 627/1393/819 749/1395/906
f 627/1393/819 748/1390/903 749/1395/906
f 749/1395/906 748/1390/903 754/1398/908
f 621/1394/820 744/1397/907 626/1399/848
f 626/1400/848 744/1402/907 712/1401/909
f 712/1401/909 744/1402/907 714/1403/910
f 714/1403/910 715/1404/911 712/1401/909
f 718/1405/912 716/1406/913 714/1403/910
f 715/1404/911 714/1403/910 716/1406/913
f 756/646/360 760/1407/914 748/1390/903
f 749/1395/906 754/1398/908 744/1397/907
f 748/1390/903 755/1408/915 754/1398/908
f 748/1390/903 760/1407/914 755/1408/915
f 754/1398/908 755/1408/915 759/1409/916
f 755/1408/915 760/1407/914 759/1409/916
f 744/1402/907 721/1410/917 714/1403/910
f 744/1402/907 754/1411/908 721/1410/917
f 714/1403/910 721/1410/917 718/1405/912
f 718/1405/912 719/1412/918 716/1406/913
f 715/1404/911 716/1406/913 719/1412/918
f 718/1405/912 715/1404/911 719/1412/918
f 715/1404/911 718/1405/912 721/1410/917
f 754/1411/908 759/1413/916 721/1410/917
f 728/1414/919 721/1410/917 759/1413/916
f 759/1413/916 731/1415/920 728/1414/919
f 624/1416/835 625/1418/836 746/1417/921
f 624/1416/835 746/1417/921 745/1419/922
f 624/1416/835 758/1392/905 631/649/363
f 624/1416/835 745/1419/922 758/1392/905
f 623/1420/838 746/1417/921 625/1418/836
f 622/1320/864 630/1329/869 623/1277/838
f 623/1421/838 630/1423/869 788/1422/923
f 788/1422/923 789/1424/924 623/1421/838
f 623/1421/838 751/1426/925 746/1425/921
f 623/1421/838 789/1424/924 751/1426/925
f 789/1424/924 788/1422/923 792/1427/926
f 792/1427/926 788/1422/923 793/1428/927
f 758/1392/905 745/1419/922 753/1429/928
f 745/1419/922 746/1417/921 753/1429/928
f 753/1429/928 761/1430/929 758/1392/905
f 753/1429/928 746/1417/921 751/1431/925
f 789/1424/924 797/1432/930 751/1426/925
f 792/1427/926 797/1432/930 789/1424/924
f 788/1422/923 795/1433/931 793/1428/927
f 792/1427/926 793/1428/927 797/1432/930
f 793/1428/927 795/1433/931 797/1432/930
f 794/1434/932 751/1426/925 795/1433/931
f 753/1435/928 751/1426/925 762/1436/933
f 751/1426/925 805/1437/934 762/1436/933
f 753/1429/928 762/1438/933 761/1430/929
f 771/651/365 631/649/363 784/1391/904
f 778/645/359 773/1439/935 756/646/360
f 773/1439/935 867/1441/937 772/1440/936
f 765/1442/938 759/1409/916 760/1407/914
f 765/1442/938 760/1407/914 764/1443/939
f 756/646/360 773/1439/935 760/1407/914
f 773/1439/935 772/1440/936 760/1407/914
f 760/1407/914 772/1440/936 764/1443/939
f 764/1443/939 772/1440/936 765/1442/938
f 765/1442/938 774/1444/940 759/1409/916
f 759/1409/916 774/1444/940 731/1445/920
f 728/1414/919 731/1415/920 734/1446/941
f 736/1447/942 730/1448/943 734/1446/941
f 731/1415/920 775/1449/944 734/1446/941
f 775/1449/944 736/1447/942 734/1446/941
f 730/1448/943 736/1447/942 735/1450/945
f 765/1442/938 772/1440/936 774/1444/940
f 731/1445/920 774/1444/940 775/1451/944
f 775/1451/944 741/1453/946 736/1452/942
f 772/1440/936 775/1451/944 774/1444/940
f 775/1451/944 772/1440/936 741/1453/946
f 736/1452/942 741/1453/946 740/1454/947
f 772/1440/936 867/1441/937 786/1455/948
f 786/1455/948 741/1453/946 772/1440/936
f 740/1456/947 735/1450/945 736/1447/942
f 735/1450/945 740/1456/947 732/1457/949
f 732/1457/949 739/1459/951 737/1458/950
f 732/1457/949 740/1456/947 739/1459/951
f 739/1459/951 741/1460/946 737/1458/950
f 740/1456/947 741/1460/946 739/1459/951
f 741/1460/946 738/1461/952 737/1458/950
f 784/1391/904 758/1392/905 766/1462/953
f 761/1430/929 766/1462/953 758/1392/905
f 766/1462/953 761/1430/929 768/1463/954
f 762/1464/933 768/1463/954 761/1430/929
f 784/1391/904 766/1462/953 779/1465/955
f 768/1463/954 762/1464/933 770/1466/956
f 762/1464/933 805/1467/934 770/1466/956
f 808/1468/957 806/1470/959 811/1469/958
f 770/1471/956 805/1437/934 777/1472/960
f 808/1468/957 811/1469/958 776/1473/961
f 776/1473/961 777/1472/960 808/1468/957
f 808/1468/957 777/1472/960 805/1437/934
f 766/1462/953 768/1463/954 779/1465/955
f 779/1465/955 768/1463/954 770/1466/956
f 779/1465/955 777/1475/960 776/1474/961
f 811/1476/958 782/1477/962 776/1474/961
f 770/1466/956 777/1475/960 779/1465/955
f 776/1474/961 782/1477/962 779/1465/955
f 782/1477/962 783/1479/964 815/1478/963
f 782/1480/962 811/1469/958 810/1481/965
f 810/1481/965 812/1483/966 783/1482/964
f 782/1477/962 810/1484/965 783/1479/964
f 814/1485/967 813/1487/968 815/1486/963
f 783/1482/964 812/1483/966 814/1485/967
f 814/1485/967 815/1486/963 783/1482/964
f 626/1488/848 532/1303/854 531/1301/852
f 626/1400/848 712/1401/909 532/1489/854
f 712/1401/909 724/1491/969 533/1490/884
f 532/1489/854 533/1490/884 529/1492/881
f 532/1303/854 529/1351/881 527/1299/851
f 712/1401/909 533/1490/884 532/1489/854
f 533/1490/884 724/1491/969 711/1493/970
f 715/1404/911 721/1410/917 712/1401/909
f 712/1401/909 721/1410/917 724/1491/969
f 728/1414/919 724/1491/969 721/1410/917
f 728/1414/919 730/1448/943 724/1491/969
f 724/1491/969 730/1448/943 729/1494/971
f 724/1491/969 729/1494/971 727/1495/972
f 711/1493/970 723/1497/974 717/1496/973
f 727/1495/972 723/1497/974 724/1491/969
f 711/1493/970 724/1491/969 723/1497/974
f 727/1495/972 726/1498/975 723/1497/974
f 725/1499/976 727/1495/972 729/1494/971
f 727/1495/972 725/1499/976 726/1498/975
f 729/1494/971 732/1457/949 826/1500/977
f 729/1494/971 826/1500/977 725/1499/976
f 654/1326/868 656/1365/892 630/1501/869
f 788/1422/923 630/1423/869 795/1433/931
f 652/1363/891 655/1366/893 653/1327/867
f 656/1365/892 653/1327/867 655/1366/893
f 656/1365/892 655/1366/893 630/1502/869
f 655/1503/893 657/1504/894 630/1423/869
f 657/1504/894 790/1505/978 794/1434/932
f 797/1432/930 795/1433/931 751/1426/925
f 630/1423/869 794/1434/932 795/1433/931
f 630/1423/869 657/1504/894 794/1434/932
f 751/1426/925 794/1434/932 805/1437/934
f 794/1434/932 806/1470/959 805/1437/934
f 794/1434/932 804/1506/979 806/1470/959
f 790/1505/978 798/1507/980 794/1434/932
f 794/1434/932 798/1507/980 804/1506/979
f 804/1506/979 802/1509/982 807/1508/981
f 796/1510/983 804/1506/979 798/1507/980
f 804/1506/979 796/1510/983 800/1511/984
f 804/1506/979 800/1511/984 802/1509/982
f 802/1509/982 803/1512/985 807/1508/981
f 711/1493/970 717/1496/973 713/1513/986
f 711/1493/970 713/1513/986 533/1490/884
f 717/1496/973 722/1514/987 713/1513/986
f 717/1496/973 723/1497/974 720/1515/988
f 717/1496/973 720/1515/988 722/1514/987
f 723/1497/974 726/1498/975 720/1515/988
f 725/1499/976 713/1513/986 722/1514/987
f 726/1498/975 722/1514/987 720/1515/988
f 725/1499/976 722/1514/987 726/1498/975
f 713/1513/986 725/1499/976 826/1500/977
f 657/1504/894 651/1516/895 790/1505/978
f 651/1516/895 791/1517/989 790/1505/978
f 651/1518/895 821/1520/990 791/1519/989
f 796/1510/983 798/1507/980 790/1505/978
f 796/1510/983 790/1505/978 799/1521/991
f 796/1510/983 799/1521/991 800/1511/984
f 802/1509/982 800/1511/984 799/1521/991
f 790/1505/978 791/1517/989 799/1521/991
f 799/1521/991 791/1517/989 802/1509/982
f 802/1509/982 791/1517/989 803/1512/985
f 791/1517/989 801/1522/992 803/1512/985
f 791/1523/989 821/1520/990 801/1524/992
f 728/1414/919 734/1446/941 730/1448/943
f 730/1448/943 735/1450/945 729/1494/971
f 729/1494/971 735/1450/945 732/1457/949
f 733/1525/993 826/1500/977 732/1457/949
f 733/1525/993 732/1457/949 737/1458/950
f 737/1458/950 738/1461/952 842/1526/994
f 805/1437/934 806/1470/959 808/1468/957
f 811/1469/958 806/1470/959 810/1481/965
f 806/1470/959 812/1483/966 810/1481/965
f 806/1470/959 807/1508/981 812/1483/966
f 804/1506/979 807/1508/981 806/1470/959
f 807/1508/981 809/1527/995 812/1483/966
f 812/1483/966 813/1487/968 814/1485/967
f 807/1508/981 801/1522/992 809/1527/995
f 813/1487/968 812/1483/966 809/1527/995
f 813/1487/968 809/1527/995 831/1528/996
f 813/1487/968 816/1529/997 815/1486/963
f 733/1525/993 836/1530/998 826/1500/977
f 737/1458/950 842/1526/994 733/1525/993
f 836/1530/998 733/1525/993 842/1526/994
f 742/1531/999 843/1532/1000 738/1461/952
f 842/1526/994 738/1461/952 843/1532/1000
f 803/1512/985 801/1522/992 807/1508/981
f 809/1527/995 801/1522/992 839/1533/1001
f 801/1522/992 838/1534/1002 839/1533/1001
f 809/1527/995 839/1533/1001 831/1528/996
f 813/1487/968 831/1528/996 816/1529/997
f 831/1535/996 840/1537/1003 816/1536/997
f 501/1538/726 492/1540/595 662/1539/1004
f 662/1539/1004 509/1541/870 672/1372/896
f 492/1540/595 509/1541/870 662/1539/1004
f 662/1539/1004 658/1542/1005 501/1538/726
f 501/1538/726 658/1542/1005 500/1543/732
f 672/1372/896 674/1544/1006 662/1539/1004
f 662/1539/1004 674/1544/1006 670/1545/1007
f 634/1546/874 498/1548/728 508/1547/1008
f 508/1547/1008 673/1549/1009 634/1546/874
f 498/1550/728 507/1551/1010 508/1547/1008
f 498/1550/728 493/1552/739 507/1551/1010
f 493/1138/739 506/1143/744 507/1553/1010
f 508/1547/1008 667/1554/1011 673/1549/1009
f 695/1555/899 697/1556/1012 528/1373/898
f 672/1372/896 528/1373/898 682/1557/1013
f 528/1373/898 697/1556/1012 682/1557/1013
f 682/1557/1013 697/1556/1012 684/1558/1014
f 697/1556/1012 695/1555/899 694/1559/1015
f 672/1372/896 684/1558/1014 674/1544/1006
f 672/1372/896 682/1557/1013 684/1558/1014
f 697/1556/1012 694/1559/1015 684/1558/1014
f 684/1558/1014 694/1559/1015 674/1544/1006
f 694/1559/1015 695/1555/899 674/1544/1006
f 695/1555/899 698/1561/1017 675/1560/1016
f 695/1555/899 675/1560/1016 674/1544/1006
f 634/1546/874 673/1549/1009 676/1378/875
f 676/1378/875 673/1549/1009 687/1562/1018
f 676/1378/875 687/1562/1018 699/1380/900
f 693/1563/1019 699/1380/900 687/1562/1018
f 699/1380/900 690/1564/1020 704/1383/901
f 693/1563/1019 690/1564/1020 699/1380/900
f 693/1563/1019 688/1565/1021 690/1564/1020
f 673/1549/1009 681/1566/1022 687/1562/1018
f 688/1565/1021 687/1562/1018 681/1566/1022
f 688/1565/1021 681/1566/1022 690/1564/1020
f 667/1554/1011 683/1567/1023 673/1549/1009
f 673/1549/1009 683/1567/1023 681/1566/1022
f 690/1564/1020 681/1566/1022 683/1567/1023
f 693/1563/1019 687/1562/1018 688/1565/1021
f 690/1564/1020 683/1567/1023 704/1383/901
f 683/1567/1023 679/1568/1024 704/1383/901
f 708/1569/1025 679/1568/1024 696/1570/1026
f 500/1543/732 659/1572/1027 496/1571/733
f 658/1542/1005 659/1572/1027 500/1543/732
f 496/1571/733 659/1572/1027 505/1573/735
f 502/1574/736 660/1576/1028 503/1575/745
f 505/1573/735 660/1576/1028 502/1574/736
f 662/1539/1004 670/1545/1007 658/1542/1005
f 658/1542/1005 666/1577/1029 659/1572/1027
f 670/1545/1007 666/1577/1029 658/1542/1005
f 659/1572/1027 666/1577/1029 505/1573/735
f 666/1577/1029 664/1578/1030 505/1573/735
f 664/1578/1030 660/1576/1028 505/1573/735
f 670/1545/1007 675/1560/1016 666/1577/1029
f 666/1577/1029 675/1560/1016 671/1579/1031
f 666/1577/1029 671/1579/1031 664/1578/1030
f 660/1576/1028 668/1581/1033 661/1580/1032
f 664/1578/1030 668/1581/1033 660/1576/1028
f 499/1582/741 504/1584/743 506/1583/744
f 503/1575/745 661/1580/1032 504/1584/743
f 504/1584/743 663/1585/1034 506/1583/744
f 504/1584/743 661/1580/1032 663/1585/1034
f 506/1583/744 663/1585/1034 665/1586/1035
f 507/1551/1010 667/1554/1011 508/1547/1008
f 507/1551/1010 506/1583/744 667/1554/1011
f 506/1583/744 665/1586/1035 667/1554/1011
f 667/1554/1011 665/1586/1035 669/1587/1036
f 660/1576/1028 661/1580/1032 503/1575/745
f 661/1580/1032 668/1581/1033 663/1585/1034
f 663/1585/1034 668/1581/1033 678/1588/1037
f 663/1585/1034 678/1588/1037 669/1587/1036
f 663/1585/1034 669/1587/1036 665/1586/1035
f 674/1544/1006 675/1560/1016 670/1545/1007
f 675/1560/1016 698/1561/1017 686/1589/1038
f 675/1560/1016 686/1589/1038 671/1579/1031
f 698/1561/1017 705/1590/1039 686/1589/1038
f 692/1591/1040 705/1590/1039 822/1592/1041
f 686/1589/1038 705/1590/1039 692/1591/1040
f 692/1591/1040 822/1592/1041 703/1593/1042
f 692/1591/1040 703/1593/1042 706/1594/1043
f 671/1579/1031 677/1595/1044 664/1578/1030
f 677/1595/1044 668/1581/1033 664/1578/1030
f 671/1579/1031 686/1589/1038 677/1595/1044
f 668/1581/1033 685/1596/1045 678/1588/1037
f 668/1581/1033 677/1595/1044 685/1596/1045
f 686/1589/1038 692/1591/1040 677/1595/1044
f 677/1595/1044 692/1591/1040 685/1596/1045
f 692/1591/1040 701/1597/1046 685/1596/1045
f 685/1596/1045 701/1597/1046 702/1598/1047
f 692/1591/1040 706/1594/1043 701/1597/1046
f 667/1554/1011 679/1568/1024 683/1567/1023
f 667/1554/1011 669/1587/1036 679/1568/1024
f 669/1587/1036 680/1599/1048 679/1568/1024
f 696/1570/1026 679/1568/1024 680/1599/1048
f 680/1599/1048 700/1600/1049 696/1570/1026
f 678/1588/1037 680/1599/1048 669/1587/1036
f 678/1588/1037 700/1600/1049 680/1599/1048
f 678/1588/1037 685/1596/1045 691/1601/1050
f 700/1600/1049 678/1588/1037 691/1601/1050
f 691/1601/1050 702/1598/1047 700/1600/1049
f 685/1596/1045 702/1598/1047 691/1601/1050
f 702/1598/1047 707/1602/1051 700/1600/1049
f 533/1603/884 709/1605/1052 695/1604/899
f 533/1603/884 713/1606/986 709/1605/1052
f 713/1606/986 826/1607/977 709/1605/1052
f 695/1555/899 709/1608/1052 698/1561/1017
f 826/1607/977 829/1609/1053 709/1605/1052
f 836/1610/998 829/1609/1053 826/1607/977
f 836/1610/998 828/1611/1054 829/1609/1053
f 836/1610/998 842/1612/994 828/1611/1054
f 829/1609/1053 828/1611/1054 705/1613/1039
f 843/1614/1000 834/1615/1055 828/1611/1054
f 704/1616/901 821/1520/990 651/1518/895
f 821/1520/990 704/1618/901 679/1617/1024
f 821/1520/990 679/1617/1024 708/1619/1025
f 821/1520/990 838/1620/1002 801/1524/992
f 821/1520/990 708/1619/1025 838/1620/1002
f 839/1621/1001 819/1622/1056 831/1535/996
f 819/1622/1056 838/1620/1002 708/1619/1025
f 819/1622/1056 817/1623/1057 831/1535/996
f 839/1621/1001 838/1620/1002 819/1622/1056
f 709/1605/1052 705/1613/1039 698/1624/1017
f 829/1609/1053 705/1613/1039 709/1605/1052
f 820/1625/1058 703/1627/1042 822/1626/1041
f 828/1611/1054 822/1626/1041 705/1613/1039
f 820/1625/1058 822/1626/1041 828/1611/1054
f 820/1625/1058 828/1611/1054 834/1615/1055
f 708/1619/1025 696/1628/1026 819/1622/1056
f 817/1623/1057 819/1622/1056 696/1628/1026
f 700/1629/1049 817/1623/1057 696/1628/1026
f 700/1629/1049 707/1630/1051 817/1623/1057
f 817/1623/1057 707/1630/1051 825/1631/1059
f 831/1535/996 835/1632/1060 840/1537/1003
f 817/1623/1057 825/1631/1059 831/1535/996
f 825/1631/1059 835/1632/1060 831/1535/996
f 842/1612/994 843/1614/1000 828/1611/1054
f 843/1614/1000 851/1634/1062 846/1633/1061
f 742/1635/999 851/1634/1062 843/1614/1000
f 816/1636/997 840/1537/1003 849/1637/1063
f 843/1614/1000 846/1633/1061 834/1615/1055
f 849/1638/1063 840/1537/1003 835/1632/1060
f 846/1633/1061 851/1634/1062 844/1639/1064
f 820/1625/1058 823/1640/1065 703/1627/1042
f 706/1641/1043 703/1627/1042 823/1640/1065
f 823/1640/1065 824/1642/1066 706/1641/1043
f 820/1625/1058 834/1615/1055 823/1640/1065
f 707/1630/1051 832/1643/1067 825/1631/1059
f 706/1641/1043 818/1645/1068 701/1644/1046
f 706/1641/1043 824/1642/1066 818/1645/1068
f 701/1644/1046 818/1645/1068 710/1646/1069
f 818/1645/1068 827/1647/1070 710/1646/1069
f 702/1598/1047 701/1649/1046 710/1648/1069
f 702/1650/1047 710/1646/1069 707/1630/1051
f 832/1643/1067 707/1630/1051 837/1651/1071
f 824/1642/1066 841/1652/1072 818/1645/1068
f 818/1645/1068 833/1653/1073 827/1647/1070
f 710/1646/1069 827/1647/1070 830/1654/1074
f 830/1654/1074 707/1630/1051 710/1646/1069
f 830/1654/1074 837/1651/1071 707/1630/1051
f 846/1633/1061 844/1639/1064 834/1615/1055
f 834/1615/1055 844/1639/1064 847/1655/1075
f 835/1632/1060 825/1631/1059 832/1643/1067
f 835/1632/1060 832/1643/1067 849/1638/1063
f 823/1640/1065 841/1652/1072 824/1642/1066
f 834/1615/1055 841/1652/1072 823/1640/1065
f 841/1652/1072 834/1615/1055 847/1655/1075
f 847/1655/1075 852/1656/1076 841/1652/1072
f 849/1638/1063 832/1643/1067 965/1657/1077
f 818/1645/1068 841/1652/1072 845/1658/1078
f 818/1645/1068 845/1658/1078 833/1653/1073
f 830/1654/1074 827/1647/1070 833/1653/1073
f 833/1653/1073 848/1659/1079 830/1654/1074
f 841/1652/1072 852/1656/1076 850/1660/1080
f 845/1658/1078 853/1661/1081 833/1653/1073
f 853/1661/1081 848/1659/1079 833/1653/1073
f 841/1652/1072 850/1660/1080 845/1658/1078
f 830/1654/1074 848/1659/1079 961/1662/1082
f 830/1654/1074 961/1662/1082 837/1651/1071
f 1801/1663/1083 1788/1665/1085 1784/1664/1084
f 1788/1666/1085 1786/1668/1086 1784/1667/1084
f 1783/1669/1087 1785/1671/1089 1794/1670/1088
f 1783/1672/1087 1794/1674/1088 1784/1673/1084
f 1795/1675/1090 1787/1677/1092 1792/1676/1091
f 1787/1677/1092 1789/1678/1093 1792/1676/1091
f 1786/1668/1086 1788/1666/1085 1766/1679/1094
f 1772/1680/1095 1783/1682/1087 1784/1681/1084
f 1785/1683/1089 1783/1685/1087 1773/1684/1096
f 1787/1686/1092 1767/1688/1097 1789/1687/1093
f 1785/1689/1089 1765/1691/1098 1787/1690/1092
f 1773/1692/1096 1765/1691/1098 1785/1689/1089
f 1789/1687/1093 1767/1694/1097 1781/1693/1099
f 1791/1695/1100 1782/1697/1102 1790/1696/1101
f 1784/1673/1084 1794/1674/1088 1801/1698/1083
f 1787/1677/1092 1795/1675/1090 1785/1699/1089
f 1794/1700/1088 1785/1702/1089 1795/1701/1090
f 1790/1703/1101 1800/1705/1103 1791/1704/1100
f 1800/1706/1103 1796/1708/1104 1791/1707/1100
f 1791/1707/1100 1798/1710/1106 1771/1709/1105
f 1796/1708/1104 1798/1710/1106 1791/1707/1100
f 1771/1709/1105 1798/1710/1106 1799/1711/1107
f 1789/1712/1093 1781/1714/1099 1797/1713/1108
f 1789/1712/1093 1797/1713/1108 1792/1715/1091
f 1793/1716/1109 1799/1717/1107 1781/1714/1099
f 1771/1709/1105 1799/1719/1107 1793/1718/1109
f 1781/1714/1099 1799/1717/1107 1797/1713/1108
f 1790/1720/1101 1801/1722/1083 1800/1721/1103
f 1788/1723/1085 1801/1722/1083 1790/1720/1101
f 1794/1724/1088 1795/1725/1090 1801/1722/1083
f 1796/1726/1104 1821/1728/1110 1798/1727/1106
f 1821/1728/1110 1820/1729/1111 1798/1727/1106
f 1798/1727/1106 1820/1729/1111 1799/1730/1107
f 1797/1731/1108 1799/1730/1107 1822/1732/1112
f 1820/1729/1111 1823/1733/1113 1822/1732/1112
f 1799/1730/1107 1820/1729/1111 1822/1732/1112
f 1766/1734/1094 1788/1735/1085 1790/1696/1101
f 1784/1736/1084 1786/1738/1086 1772/1737/1095
f 1766/1739/1094 1790/1741/1101 1768/1740/1114
f 1765/1742/1098 1767/1688/1097 1787/1686/1092
f 1791/1695/1100 1769/1743/1115 1782/1697/1102
f 1790/1741/1101 1782/1744/1102 1768/1740/1114
f 1771/1745/1105 1793/1747/1109 1769/1746/1115
f 1781/1748/1099 1770/1750/1116 1793/1749/1109
f 1791/1751/1100 1771/1753/1105 1769/1752/1115
f 1803/1754/1117 1827/1756/1119 1808/1755/1118
f 1803/1754/1117 1826/1758/1121 1828/1757/1120
f 1803/1754/1117 1828/1757/1120 1827/1756/1119
f 1803/1759/1117 1808/1761/1118 1805/1760/1122
f 1803/1754/1117 1805/1763/1122 1804/1762/1123
f 1803/1754/1117 1804/1764/1123 1826/1758/1121
f 1829/1765/1124 1826/1758/1121 1806/1766/1125
f 1806/1766/1125 1802/1768/1127 1807/1767/1126
f 1806/1769/1125 1807/1771/1126 1835/1770/1128
f 1826/1772/1121 1829/1774/1124 1828/1773/1120
f 1829/1774/1124 1843/1775/1129 1828/1773/1120
f 1829/1774/1124 1806/1777/1125 1835/1776/1128
f 1835/1776/1128 1807/1779/1126 1810/1778/1130
f 1805/1760/1122 1811/1781/1131 1804/1780/1123
f 1802/1782/1127 1804/1780/1123 1809/1783/1132
f 1804/1780/1123 1811/1781/1131 1809/1783/1132
f 1808/1784/1118 1812/1786/1133 1805/1785/1122
f 1805/1785/1122 1812/1786/1133 1811/1787/1131
f 1804/1780/1123 1802/1782/1127 1826/1788/1121
f 1806/1789/1125 1826/1788/1121 1802/1782/1127
f 1802/1782/1127 1810/1791/1130 1807/1790/1126
f 1802/1792/1127 1809/1794/1132 1810/1793/1130
f 1812/1786/1133 1831/1795/1134 1811/1787/1131
f 1811/1796/1131 1831/1798/1134 1830/1797/1135
f 1812/1799/1133 1834/1800/1136 1831/1798/1134
f 1831/1798/1134 1834/1800/1136 1832/1801/1137
f 1810/1793/1130 1809/1794/1132 1833/1802/1138
f 1810/1793/1130 1833/1802/1138 1836/1803/1139
f 1811/1796/1131 1830/1797/1135 1809/1804/1132
f 1831/1798/1134 1832/1801/1137 1830/1797/1135
f 1830/1805/1135 1833/1802/1138 1809/1794/1132
f 1832/1801/1137 1833/1806/1138 1830/1797/1135
f 1817/1807/1140 1818/1808/1141 1833/1806/1138
f 1858/1809/1142 1879/1811/1143 1801/1810/1083
f 1800/1812/1103 1801/1810/1083 1880/1813/1144
f 1858/1809/1142 1877/1814/1145 1879/1811/1143
f 1800/1815/1103 1824/1816/1146 1796/1726/1104
f 1801/1722/1083 1795/1725/1090 1858/1817/1142
f 1795/1818/1090 1877/1814/1145 1858/1809/1142
f 1795/1818/1090 1792/1820/1091 1878/1819/1147
f 1877/1814/1145 1795/1818/1090 1878/1819/1147
f 1801/1810/1083 1879/1811/1143 1880/1813/1144
f 1881/1821/1148 1882/1822/1149 1879/1811/1143
f 1879/1811/1143 1882/1822/1149 1880/1813/1144
f 1881/1821/1148 1883/1823/1150 1882/1822/1149
f 1882/1824/1149 1883/1826/1150 1860/1825/1151
f 1879/1811/1143 1877/1814/1145 1878/1819/1147
f 1879/1811/1143 1878/1819/1147 1881/1821/1148
f 1797/1827/1108 1859/1828/1152 1792/1820/1091
f 1792/1820/1091 1859/1829/1152 1878/1819/1147
f 1797/1830/1108 1861/1832/1153 1859/1831/1152
f 1881/1821/1148 1878/1819/1147 1883/1823/1150
f 1878/1819/1147 1859/1829/1152 1883/1823/1150
f 1883/1826/1150 1859/1831/1152 1860/1825/1151
f 1796/1726/1104 1824/1816/1146 1821/1728/1110
f 1821/1728/1110 1823/1733/1113 1820/1729/1111
f 1821/1833/1110 1857/1835/1154 1823/1834/1113
f 1824/1836/1146 1857/1835/1154 1821/1837/1110
f 1857/1835/1154 1824/1836/1146 1846/1838/1155
f 1846/1838/1155 1844/1839/1156 1857/1835/1154
f 1823/1834/1113 1857/1835/1154 1825/1840/1157
f 1857/1835/1154 1845/1841/1158 1825/1840/1157
f 1857/1835/1154 1844/1839/1156 1845/1841/1158
f 1846/1842/1155 1824/1844/1146 1800/1843/1103
f 1825/1845/1157 1847/1846/1159 1822/1732/1112
f 1822/1732/1112 1847/1846/1159 1797/1731/1108
f 1822/1732/1112 1823/1733/1113 1825/1847/1157
f 1847/1848/1159 1861/1832/1153 1797/1830/1108
f 1825/1840/1157 1845/1841/1158 1847/1849/1159
f 1800/1850/1103 1880/1852/1144 1848/1851/1160
f 1848/1851/1160 1880/1852/1144 1863/1853/1161
f 1861/1854/1153 1862/1856/1162 1859/1855/1152
f 1859/1855/1152 1862/1856/1162 1864/1857/1163
f 1910/1858/1164 1898/1860/1166 1903/1859/1165
f 1900/1861/1167 1903/1859/1165 1898/1860/1166
f 1910/1858/1164 1903/1859/1165 1907/1862/1168
f 1898/1863/1166 1894/1865/1169 1900/1864/1167
f 1894/1866/1169 1898/1860/1166 1904/1867/1170
f 1910/1858/1164 1913/1869/1172 1917/1868/1171
f 1917/1868/1171 1898/1860/1166 1910/1858/1164
f 1913/1869/1172 1915/1871/1174 1925/1870/1173
f 1898/1860/1166 1911/1872/1175 1904/1867/1170
f 1900/1861/1167 1896/1873/1176 1903/1859/1165
f 1907/1862/1168 1903/1859/1165 1902/1874/1177
f 1907/1862/1168 1902/1874/1177 1908/1875/1178
f 1896/1873/1176 1902/1874/1177 1903/1859/1165
f 1896/1876/1176 1893/1878/1179 1902/1877/1177
f 1902/1874/1177 1899/1880/1181 1909/1879/1180
f 1910/1858/1164 1907/1862/1168 1913/1869/1172
f 1907/1862/1168 1915/1871/1174 1913/1869/1172
f 1907/1862/1168 1908/1875/1178 1915/1871/1174
f 1908/1875/1178 1902/1874/1177 1909/1879/1180
f 1909/1879/1180 1916/1881/1182 1908/1875/1178
f 1880/1852/1144 1882/1824/1149 1860/1825/1151
f 1860/1825/1151 1866/1882/1183 1880/1852/1144
f 1890/1883/1184 1892/1884/1185 1894/1865/1169
f 1900/1864/1167 1894/1865/1169 1892/1884/1185
f 1900/1864/1167 1892/1884/1185 1896/1876/1176
f 1880/1885/1144 1866/1887/1183 1863/1886/1161
f 1866/1887/1183 1865/1888/1186 1863/1886/1161
f 1896/1876/1176 1892/1884/1185 1893/1878/1179
f 1890/1883/1184 1888/1889/1187 1892/1884/1185
f 1859/1831/1152 1864/1890/1163 1860/1825/1151
f 1866/1882/1183 1860/1825/1151 1864/1890/1163
f 1893/1878/1179 1892/1884/1185 1888/1889/1187
f 1893/1878/1179 1899/1891/1181 1902/1877/1177
f 1866/1887/1183 1864/1857/1163 1865/1888/1186
f 1911/1892/1175 1914/1894/1188 1904/1893/1170
f 1904/1893/1170 1914/1894/1188 1905/1895/1189
f 1919/1896/1190 1909/1879/1180 1918/1897/1191
f 1844/1898/1156 1846/1900/1155 1827/1899/1119
f 1828/1773/1120 1844/1898/1156 1827/1899/1119
f 1808/1901/1118 1827/1899/1119 1846/1900/1155
f 1844/1898/1156 1828/1773/1120 1843/1775/1129
f 1808/1901/1118 1848/1903/1160 1838/1902/1192
f 1846/1900/1155 1848/1903/1160 1808/1901/1118
f 1838/1904/1192 1848/1906/1160 1873/1905/1193
f 1844/1898/1156 1843/1775/1129 1845/1907/1158
f 1843/1775/1129 1847/1908/1159 1845/1907/1158
f 1843/1775/1129 1835/1776/1128 1847/1908/1159
f 1829/1774/1124 1835/1776/1128 1843/1775/1129
f 1835/1776/1128 1810/1778/1130 1861/1909/1153
f 1847/1908/1159 1835/1776/1128 1861/1909/1153
f 1810/1910/1130 1862/1912/1162 1861/1911/1153
f 1862/1913/1162 1810/1778/1130 1836/1914/1139
f 1800/1843/1103 1848/1915/1160 1846/1842/1155
f 1873/1905/1193 1863/1917/1161 1884/1916/1194
f 1848/1918/1160 1863/1917/1161 1873/1905/1193
f 1884/1916/1194 1872/1919/1195 1873/1905/1193
f 1872/1919/1195 1884/1916/1194 1885/1920/1196
f 1874/1921/1197 1873/1905/1193 1872/1919/1195
f 1862/1912/1162 1887/1923/1198 1864/1922/1163
f 1864/1922/1163 1887/1923/1198 1886/1924/1199
f 1868/1925/1200 1887/1923/1198 1862/1912/1162
f 1871/1926/1201 1887/1923/1198 1868/1925/1200
f 1884/1927/1194 1886/1924/1199 1885/1928/1196
f 1886/1924/1199 1887/1923/1198 1885/1928/1196
f 1872/1929/1195 1885/1928/1196 1871/1926/1201
f 1871/1926/1201 1885/1928/1196 1887/1923/1198
f 1837/1930/1202 1808/1784/1118 1838/1931/1192
f 1808/1784/1118 1837/1930/1202 1812/1786/1133
f 1812/1786/1133 1837/1930/1202 1834/1932/1136
f 1867/1933/1203 1836/1935/1139 1870/1934/1204
f 1838/1936/1192 1873/1938/1193 1869/1937/1205
f 1873/1938/1193 1874/1939/1197 1869/1937/1205
f 1869/1937/1205 1874/1939/1197 1868/1940/1200
f 1838/1936/1192 1875/1942/1207 1839/1941/1206
f 1838/1936/1192 1869/1937/1205 1875/1942/1207
f 1872/1943/1195 1871/1944/1201 1874/1939/1197
f 1839/1945/1206 1837/1947/1202 1838/1946/1192
f 1839/1945/1206 1840/1948/1208 1837/1947/1202
f 1875/1942/1207 1876/1949/1209 1839/1941/1206
f 1876/1950/1209 1840/1948/1208 1839/1945/1206
f 1869/1951/1205 1868/1952/1200 1867/1933/1203
f 1836/1935/1139 1868/1952/1200 1862/1953/1162
f 1836/1935/1139 1867/1933/1203 1868/1952/1200
f 1867/1933/1203 1875/1955/1207 1869/1954/1205
f 1870/1934/1204 1875/1955/1207 1867/1933/1203
f 1874/1956/1197 1871/1957/1201 1868/1952/1200
f 1870/1958/1204 1836/1960/1139 1852/1959/1210
f 1875/1955/1207 1841/1962/1211 1876/1961/1209
f 1875/1955/1207 1870/1934/1204 1841/1962/1211
f 1841/1963/1211 1870/1964/1204 1852/1959/1210
f 1865/1888/1186 1886/1965/1199 1863/1886/1161
f 1863/1917/1161 1886/1966/1199 1884/1916/1194
f 1904/1893/1170 1905/1895/1189 1901/1967/1212
f 1894/1865/1169 1895/1968/1213 1890/1883/1184
f 1890/1883/1184 1889/1969/1214 1888/1889/1187
f 1894/1865/1169 1904/1893/1170 1901/1967/1212
f 1865/1888/1186 1864/1857/1163 1886/1965/1199
f 1888/1889/1187 1891/1970/1215 1893/1878/1179
f 1893/1878/1179 1897/1971/1216 1899/1891/1181
f 1899/1891/1181 1897/1971/1216 1909/1972/1180
f 1909/1972/1180 1897/1971/1216 1912/1973/1217
f 1909/1972/1180 1912/1973/1217 1918/1974/1191
f 1894/1865/1169 1901/1967/1212 1895/1968/1213
f 1890/1883/1184 1895/1968/1213 1889/1969/1214
f 1895/1968/1213 1920/1975/1218 1889/1969/1214
f 1891/1970/1215 1897/1971/1216 1893/1878/1179
f 1888/1889/1187 1889/1969/1214 1891/1970/1215
f 1889/1969/1214 1906/1976/1219 1891/1970/1215
f 1891/1970/1215 1912/1973/1217 1897/1971/1216
f 1895/1968/1213 1901/1967/1212 1920/1975/1218
f 1905/1895/1189 1920/1975/1218 1901/1967/1212
f 1920/1975/1218 1906/1976/1219 1889/1969/1214
f 1906/1976/1219 1912/1973/1217 1891/1970/1215
f 1766/1977/1094 1768/1979/1114 1774/1978/1220
f 1768/1979/1114 1782/1980/1102 1774/1978/1220
f 1767/1981/1097 1775/1983/1221 1781/1982/1099
f 1770/1984/1116 1769/1986/1115 1793/1985/1109
f 1781/1987/1099 1775/1989/1221 1770/1988/1116
f 1786/1990/1086 1774/1978/1220 1772/1991/1095
f 1786/1990/1086 1766/1977/1094 1774/1978/1220
f 1772/1991/1095 1774/1978/1220 1773/1992/1096
f 1783/1993/1087 1772/1991/1095 1773/1992/1096
f 1767/1981/1097 1765/1994/1098 1775/1983/1221
f 1773/1992/1096 1778/1995/1222 1765/1994/1098
f 1765/1994/1098 1776/1996/1223 1775/1983/1221
f 1782/1980/1102 1819/1997/1224 1774/1978/1220
f 1769/1998/1115 1780/1999/1225 1782/1980/1102
f 1819/1997/1224 1777/2000/1226 1774/1978/1220
f 1777/2000/1226 1778/1995/1222 1773/1992/1096
f 1774/1978/1220 1777/2000/1226 1773/1992/1096
f 1775/1983/1221 1779/2002/1227 1770/2001/1116
f 1776/1996/1223 1765/1994/1098 1778/1995/1222
f 785/2003/366 856/2005/367 871/2004/1228
f 785/2003/366 871/2004/1228 901/2006/1229
f 785/2003/366 901/2006/1229 778/2007/359
f 871/2004/1228 856/2005/367 877/2008/1230
f 856/2005/367 771/2010/365 905/2009/1231
f 871/2004/1228 884/2011/1232 901/2006/1229
f 884/2011/1232 871/2004/1228 877/2008/1230
f 884/2011/1232 877/2008/1230 885/2012/1233
f 884/2011/1232 885/2012/1233 901/2006/1229
f 877/2008/1230 856/2005/367 885/2012/1233
f 771/2010/365 865/2013/1234 905/2009/1231
f 885/2012/1233 905/2009/1231 901/2006/1229
f 856/2005/367 905/2009/1231 885/2012/1233
f 901/2006/1229 920/2015/1236 914/2014/1235
f 901/2006/1229 905/2009/1231 920/2015/1236
f 920/2015/1236 905/2009/1231 921/2016/1237
f 920/2015/1236 921/2016/1237 914/2014/1235
f 1780/2017/1225 1769/2019/1115 1779/2018/1227
f 1814/2020/1238 1780/2017/1225 1779/2018/1227
f 1769/2021/1115 1770/2001/1116 1779/2002/1227
f 1834/1800/1136 1816/2022/1239 1832/1801/1137
f 1780/2017/1225 1814/2020/1238 1815/2023/1240
f 1780/2017/1225 1817/2025/1140 1816/2024/1239
f 1817/2025/1140 1780/2017/1225 1815/2023/1240
f 1816/2022/1239 1817/1807/1140 1832/1801/1137
f 1832/1801/1137 1817/1807/1140 1833/1806/1138
f 1814/2020/1238 1779/2018/1227 1815/2023/1240
f 1815/2023/1240 1779/2018/1227 1818/2026/1141
f 1815/2023/1240 1818/2026/1141 1817/2025/1140
f 1780/2017/1225 1819/2028/1224 1782/2027/1102
f 1775/2029/1221 1776/2031/1223 1779/2030/1227
f 1778/2032/1222 1813/2033/1241 1776/2031/1223
f 1779/2030/1227 1776/2031/1223 1818/2034/1141
f 1777/2035/1226 1813/2033/1241 1778/2032/1222
f 1837/2036/1202 1819/2038/1224 1834/2037/1136
f 1816/2024/1239 1834/2039/1136 1780/2017/1225
f 1834/2039/1136 1819/2028/1224 1780/2017/1225
f 1818/2040/1141 1836/2042/1139 1833/2041/1138
f 1836/2043/1139 1818/2045/1141 1776/2044/1223
f 1876/1950/1209 1842/2046/1242 1840/1948/1208
f 1876/1950/1209 1841/1963/1211 1842/2046/1242
f 1837/2036/1202 1853/2047/1243 1819/2038/1224
f 1837/2036/1202 1840/2048/1208 1853/2047/1243
f 1842/2046/1242 1853/2049/1243 1840/1948/1208
f 1842/2050/1242 1856/2051/1244 1853/2047/1243
f 1856/2051/1244 1855/2052/1245 1853/2047/1243
f 1841/1963/1211 1852/1959/1210 1842/2046/1242
f 1842/2050/1242 1852/2053/1210 1856/2051/1244
f 1852/2053/1210 1851/2054/1246 1856/2051/1244
f 1777/2055/1226 1819/2038/1224 1850/2056/1247
f 1813/2057/1241 1777/2059/1226 1849/2058/1248
f 1850/2056/1247 1849/2058/1248 1777/2059/1226
f 1836/2043/1139 1776/2044/1223 1852/2053/1210
f 1776/2044/1223 1813/2057/1241 1851/2054/1246
f 1819/2038/1224 1853/2047/1243 1850/2056/1247
f 1853/2047/1243 1854/2060/1249 1850/2056/1247
f 1853/2047/1243 1855/2052/1245 1854/2060/1249
f 1854/2060/1249 1849/2058/1248 1850/2056/1247
f 1852/2053/1210 1776/2044/1223 1851/2054/1246
f 1856/2051/1244 1851/2054/1246 1855/2052/1245
f 1855/2052/1245 1851/2054/1246 1854/2060/1249
f 1854/2060/1249 1851/2054/1246 1849/2058/1248
f 1849/2058/1248 1851/2054/1246 1813/2057/1241
f 1917/1868/1171 1922/2061/1250 1898/1860/1166
f 1913/1869/1172 1925/1870/1173 1917/1868/1171
f 1898/1860/1166 1922/2061/1250 1911/1872/1175
f 1925/1870/1173 1930/2062/1251 1917/1868/1171
f 1922/2061/1250 1927/2063/1252 1911/1872/1175
f 1915/1871/1174 1908/1875/1178 1925/1870/1173
f 1925/1870/1173 1908/1875/1178 1916/1881/1182
f 1909/1879/1180 1926/2064/1253 1916/1881/1182
f 1914/2065/1188 1911/1872/1175 1924/2066/1254
f 1924/2066/1254 1923/2067/1255 1914/2065/1188
f 1924/2066/1254 1918/1897/1191 1923/2067/1255
f 1924/2066/1254 1919/1896/1190 1918/1897/1191
f 1929/2068/1256 1928/2069/1257 1924/2066/1254
f 1924/2066/1254 1928/2069/1257 1919/1896/1190
f 1917/1868/1171 1930/2062/1251 1922/2061/1250
f 1911/1872/1175 1927/2063/1252 1931/2070/1258
f 1930/2062/1251 1938/2071/1259 1922/2061/1250
f 1930/2062/1251 1925/1870/1173 1916/1881/1182
f 1916/1881/1182 1934/2072/1260 1930/2062/1251
f 1930/2062/1251 1934/2072/1260 1938/2071/1259
f 1911/1872/1175 1931/2070/1258 1924/2066/1254
f 1924/2066/1254 1931/2070/1258 1929/2068/1256
f 1929/2068/1256 1931/2070/1258 1933/2073/1261
f 1929/2068/1256 1933/2073/1261 1932/2074/1262
f 1929/2068/1256 1932/2074/1262 1928/2069/1257
f 1933/2073/1261 1935/2075/1263 1932/2074/1262
f 1909/1879/1180 1919/1896/1190 1926/2064/1253
f 1919/1896/1190 1928/2069/1257 1926/2064/1253
f 1926/2064/1253 1928/2069/1257 1937/2076/1264
f 1932/2074/1262 1937/2076/1264 1928/2069/1257
f 1932/2074/1262 1935/2075/1263 1937/2076/1264
f 1923/2067/1255 1918/1897/1191 1921/2077/1265
f 1923/2078/1255 1920/1975/1218 1914/1894/1188
f 1914/1894/1188 1920/1975/1218 1905/1895/1189
f 1912/1973/1217 1921/2079/1265 1918/1974/1191
f 1923/2078/1255 1921/2079/1265 1906/1976/1219
f 1920/1975/1218 1923/2078/1255 1906/1976/1219
f 1933/2073/1261 1931/2070/1258 1941/2080/1266
f 1935/2075/1263 1933/2073/1261 1936/2081/1267
f 1935/2075/1263 1936/2081/1267 1937/2076/1264
f 1933/2073/1261 1941/2080/1266 1940/2082/1268
f 1936/2081/1267 1939/2083/1269 1937/2076/1264
f 1938/2071/1259 1942/2084/1270 1922/2061/1250
f 1922/2061/1250 1942/2084/1270 1948/2085/1271
f 1942/2084/1270 1946/2086/1272 1948/2085/1271
f 1922/2061/1250 1948/2085/1271 1927/2063/1252
f 1948/2085/1271 1946/2086/1272 1950/2087/1273
f 1948/2085/1271 1949/2088/1274 1927/2063/1252
f 1948/2085/1271 1950/2087/1273 1949/2088/1274
f 1950/2087/1273 1952/2089/1275 1949/2088/1274
f 1942/2084/1270 1938/2071/1259 1946/2086/1272
f 1938/2071/1259 1934/2072/1260 1946/2086/1272
f 1916/1881/1182 1926/2064/1253 1934/2072/1260
f 1946/2086/1272 1947/2090/1276 1950/2087/1273
f 1946/2086/1272 1934/2072/1260 1947/2090/1276
f 1926/2064/1253 1947/2090/1276 1934/2072/1260
f 1950/2087/1273 1947/2090/1276 1952/2089/1275
f 1926/2064/1253 1951/2091/1277 1947/2090/1276
f 1949/2088/1274 1952/2089/1275 1953/2092/1278
f 1949/2088/1274 1954/2093/1279 1927/2063/1252
f 1953/2092/1278 1954/2093/1279 1949/2088/1274
f 1947/2090/1276 1951/2091/1277 1952/2089/1275
f 1951/2091/1277 1953/2092/1278 1952/2089/1275
f 1927/2063/1252 1941/2080/1266 1931/2070/1258
f 1937/2076/1264 1939/2083/1269 1926/2064/1253
f 1944/2094/1280 1941/2080/1266 1927/2063/1252
f 1939/2083/1269 1945/2095/1281 1926/2064/1253
f 1926/2064/1253 1945/2095/1281 1951/2091/1277
f 1927/2063/1252 1954/2093/1279 1944/2094/1280
f 1960/2096/1282 1959/2098/1284 1956/2097/1283
f 1953/2092/1278 1951/2091/1277 1945/2095/1281
f 1906/1976/1219 1921/2079/1265 1912/1973/1217
f 1933/2073/1261 1940/2082/1268 1936/2081/1267
f 1941/2080/1266 1944/2094/1280 1940/2082/1268
f 1940/2082/1268 1943/2100/1286 1955/2099/1285
f 1940/2082/1268 1955/2099/1285 1936/2081/1267
f 1944/2094/1280 1943/2100/1286 1940/2082/1268
f 1936/2081/1267 1955/2099/1285 1939/2083/1269
f 1955/2099/1285 1945/2095/1281 1939/2083/1269
f 1954/2093/1279 1943/2100/1286 1944/2094/1280
f 1954/2093/1279 1955/2099/1285 1943/2100/1286
f 1954/2093/1279 1953/2092/1278 1955/2099/1285
f 1953/2092/1278 1945/2095/1281 1955/2099/1285
f 1956/2101/1283 1957/2103/1288 1958/2102/1287
f 1956/2101/1283 1959/2104/1284 1957/2103/1288
f 1956/2097/1283 1972/2105/1289 1960/2096/1282
f 1956/2097/1283 1958/2107/1287 1965/2106/1290
f 1956/2097/1283 1976/2108/1291 1972/2105/1289
f 1956/2097/1283 1965/2106/1290 1976/2108/1291
f 1972/2105/1289 1971/2109/1292 1960/2096/1282
f 1958/2107/1287 1973/2110/1293 1965/2106/1290
f 1958/2107/1287 1969/2111/1294 1973/2110/1293
f 1960/2096/1282 1971/2109/1292 1966/2112/1295
f 1958/2107/1287 1964/2113/1296 1969/2111/1294
f 1965/2106/1290 1968/2114/1297 1976/2108/1291
f 1960/2096/1282 1966/2112/1295 1962/2115/1298
f 1960/2096/1282 1962/2115/1298 1959/2116/1284
f 1971/2109/1292 1972/2105/1289 1966/2112/1295
f 1969/2111/1294 1974/2117/1299 1973/2110/1293
f 1957/2118/1288 1961/2119/1300 1958/2107/1287
f 1965/2120/1290 1975/2122/1301 1968/2121/1297
f 1965/2106/1290 1973/2110/1293 1975/2123/1301
f 1973/2124/1293 1974/2126/1299 1970/2125/1302
f 1982/2127/1303 1980/2129/1305 1990/2128/1304
f 1982/2127/1303 1990/2128/1304 1987/2130/1306
f 1977/2131/1307 1983/2133/1309 1991/2132/1308
f 1980/2129/1305 1992/2134/1310 1990/2128/1304
f 1980/2129/1305 1989/2135/1311 1992/2134/1310
f 1980/2129/1305 1977/2131/1307 1989/2135/1311
f 1977/2131/1307 1991/2132/1308 1989/2135/1311
f 1982/2127/1303 1987/2130/1306 1985/2136/1312
f 1981/2137/1313 1983/2133/1309 1977/2131/1307
f 1990/2128/1304 1988/2138/1314 1987/2130/1306
f 1992/2134/1310 1988/2138/1314 1990/2128/1304
f 1983/2133/1309 1986/2139/1315 1991/2132/1308
f 1991/2132/1308 1993/2140/1316 1989/2135/1311
f 1977/2131/1307 1979/2142/1318 1978/2141/1317
f 1992/2134/1310 1989/2135/1311 1994/2143/1319
f 1985/2136/1312 1984/2144/1320 1982/2127/1303
f 1977/2131/1307 1980/2129/1305 1979/2145/1318
f 1983/2133/1309 1981/2146/1313 1986/2139/1315
f 1977/2147/1307 1978/2149/1317 1981/2148/1313
f 1958/2150/1287 1961/2152/1300 1964/2151/1296
f 1976/2153/1291 1967/2155/1321 1972/2154/1289
f 1964/2151/1296 1970/2125/1302 1969/2156/1294
f 1962/2157/1298 1966/2159/1295 1963/2158/1322
f 1966/2159/1295 1972/2154/1289 1963/2158/1322
f 1972/2154/1289 1967/2155/1321 1963/2158/1322
f 1969/2156/1294 1970/2125/1302 1974/2126/1299
f 1962/2157/1298 1963/2158/1322 1959/2104/1284
f 1964/2151/1296 1961/2152/1300 1970/2125/1302
f 1967/2155/1321 1976/2153/1291 1968/2121/1297
f 1973/2160/1293 1970/2125/1302 1975/2122/1301
f 1959/2104/1284 1975/2122/1301 1957/2103/1288
f 1961/2152/1300 1957/2103/1288 1970/2125/1302
f 1963/2158/1322 1967/2155/1321 1959/2104/1284
f 1959/2104/1284 1967/2155/1321 1968/2121/1297
f 1959/2104/1284 1968/2121/1297 1975/2122/1301
f 1957/2103/1288 1975/2122/1301 1970/2125/1302
f 1986/2161/1315 1993/2163/1316 1991/2162/1308
f 1994/2164/1319 1989/2165/1311 1993/2163/1316
f 1985/2166/1312 1987/2168/1306 1984/2167/1320
f 1982/2169/1303 1979/2171/1318 1980/2170/1305
f 1982/2169/1303 1984/2167/1320 1979/2171/1318
f 1987/2168/1306 1988/2172/1314 1984/2167/1320
f 1984/2167/1320 1988/2172/1314 1979/2171/1318
f 1994/2164/1319 1988/2172/1314 1992/2173/1310
f 1978/2149/1317 1988/2172/1314 1994/2164/1319
f 1979/2171/1318 1988/2172/1314 1978/2149/1317
f 1986/2161/1315 1981/2148/1313 1993/2163/1316
f 1978/2149/1317 1994/2164/1319 1993/2163/1316
f 1978/2149/1317 1993/2163/1316 1981/2148/1313
f 784/2174/904 779/2176/955 787/2175/1323
f 778/2007/359 876/2178/1324 773/2177/935
f 771/2010/365 784/2174/904 865/2013/1234
f 741/2179/946 858/2181/1326 855/2180/1325
f 786/2182/948 858/2181/1326 741/2179/946
f 786/2182/948 883/2183/1327 858/2181/1326
f 858/2181/1326 883/2183/1327 886/2184/1328
f 857/2185/1329 855/2180/1325 858/2181/1326
f 857/2185/1329 860/2186/1330 855/2180/1325
f 858/2181/1326 863/2187/1331 857/2185/1329
f 858/2181/1326 886/2184/1328 863/2187/1331
f 857/2185/1329 861/2188/1332 860/2186/1330
f 855/2180/1325 873/2189/1333 741/2179/946
f 741/2179/946 873/2189/1333 738/2190/952
f 855/2180/1325 860/2186/1330 873/2189/1333
f 867/2191/937 868/2193/1335 864/2192/1334
f 867/2191/937 864/2192/1334 786/2182/948
f 867/2191/937 892/2194/1336 868/2193/1335
f 864/2192/1334 868/2193/1335 869/2195/1337
f 864/2192/1334 869/2195/1337 786/2182/948
f 869/2195/1337 883/2183/1327 786/2182/948
f 867/2191/937 773/2177/935 892/2194/1336
f 863/2187/1331 861/2188/1332 857/2185/1329
f 863/2187/1331 882/2196/1338 861/2188/1332
f 863/2187/1331 886/2184/1328 882/2196/1338
f 868/2193/1335 897/2197/1339 869/2195/1337
f 883/2183/1327 893/2198/1340 886/2184/1328
f 897/2197/1339 893/2198/1340 869/2195/1337
f 869/2195/1337 893/2198/1340 883/2183/1327
f 782/1477/962 787/2199/1323 779/1465/955
f 787/2175/1323 782/2201/962 854/2200/1341
f 782/1477/962 815/1478/963 854/2202/1341
f 859/2203/1342 879/2204/1343 854/2200/1341
f 854/2200/1341 862/2205/1344 859/2203/1342
f 787/2175/1323 870/2207/1346 878/2206/1345
f 854/2200/1341 879/2204/1343 889/2208/1347
f 854/2200/1341 889/2208/1347 787/2175/1323
f 787/2175/1323 889/2208/1347 870/2207/1346
f 889/2208/1347 875/2209/1348 870/2207/1346
f 879/2204/1343 859/2203/1342 866/2210/1349
f 859/2203/1342 862/2205/1344 866/2210/1349
f 879/2204/1343 866/2210/1349 899/2211/1350
f 854/2200/1341 872/2212/1351 862/2205/1344
f 875/2209/1348 894/2213/1352 870/2207/1346
f 870/2207/1346 894/2213/1352 895/2214/1353
f 879/2204/1343 890/2215/1354 889/2208/1347
f 879/2204/1343 899/2211/1350 890/2215/1354
f 889/2208/1347 894/2213/1352 875/2209/1348
f 778/2007/359 914/2014/1235 876/2178/1324
f 901/2006/1229 914/2014/1235 778/2007/359
f 905/2009/1231 865/2013/1234 921/2016/1237
f 876/2178/1324 913/2216/1355 773/2177/935
f 865/2013/1234 784/2174/904 891/2217/1356
f 876/2178/1324 914/2014/1235 931/2218/1357
f 914/2014/1235 943/2219/1358 931/2218/1357
f 914/2014/1235 944/2220/1359 943/2219/1358
f 921/2016/1237 944/2220/1359 914/2014/1235
f 921/2016/1237 865/2013/1234 949/2221/1360
f 944/2220/1359 921/2016/1237 949/2221/1360
f 773/2177/935 913/2216/1355 892/2194/1336
f 892/2194/1336 913/2216/1355 904/2222/1361
f 892/2194/1336 898/2223/1362 868/2193/1335
f 892/2194/1336 904/2222/1361 898/2223/1362
f 868/2193/1335 898/2223/1362 897/2197/1339
f 917/2224/1363 898/2223/1362 904/2222/1361
f 917/2224/1363 904/2222/1361 913/2216/1355
f 917/2224/1363 936/2225/1364 898/2223/1362
f 898/2223/1362 910/2226/1365 897/2197/1339
f 898/2223/1362 936/2225/1364 910/2226/1365
f 936/2225/1364 925/2227/1366 910/2226/1365
f 876/2178/1324 947/2228/1367 913/2216/1355
f 913/2216/1355 947/2228/1367 926/2229/1368
f 933/2230/1369 917/2224/1363 926/2229/1368
f 913/2216/1355 926/2229/1368 917/2224/1363
f 876/2178/1324 931/2218/1357 947/2228/1367
f 951/2231/1370 933/2230/1369 926/2229/1368
f 933/2230/1369 951/2231/1370 953/2232/1371
f 926/2229/1368 947/2228/1367 951/2231/1370
f 936/2225/1364 917/2224/1363 933/2230/1369
f 938/2233/1372 935/2234/1373 925/2227/1366
f 925/2227/1366 936/2225/1364 938/2233/1372
f 925/2227/1366 935/2234/1373 929/2235/1374
f 929/2235/1374 935/2234/1373 938/2233/1372
f 929/2235/1374 938/2233/1372 936/2225/1364
f 953/2232/1371 936/2225/1364 933/2230/1369
f 784/2174/904 900/2236/1375 891/2217/1356
f 784/2174/904 787/2175/1323 900/2236/1375
f 787/2175/1323 878/2206/1345 900/2236/1375
f 870/2207/1346 895/2214/1353 878/2206/1345
f 878/2206/1345 895/2214/1353 900/2236/1375
f 900/2236/1375 895/2214/1353 919/2237/1376
f 900/2236/1375 919/2237/1376 891/2217/1356
f 957/2238/1377 865/2013/1234 891/2217/1356
f 891/2217/1356 919/2237/1376 939/2239/1378
f 891/2217/1356 939/2239/1378 957/2238/1377
f 939/2239/1378 948/2240/1379 957/2238/1377
f 939/2239/1378 941/2241/1380 948/2240/1379
f 941/2241/1380 945/2242/1381 948/2240/1379
f 895/2214/1353 941/2241/1380 919/2237/1376
f 919/2237/1376 941/2241/1380 939/2239/1378
f 940/2243/1382 930/2245/1384 937/2244/1383
f 895/2214/1353 930/2245/1384 941/2241/1380
f 930/2245/1384 940/2243/1382 941/2241/1380
f 738/2190/952 873/2189/1333 742/2246/999
f 860/2186/1330 861/2188/1332 873/2189/1333
f 861/2188/1332 882/2196/1338 881/2247/1385
f 882/2196/1338 886/2184/1328 896/2248/1386
f 861/2188/1332 881/2247/1385 873/2189/1333
f 881/2247/1385 887/2249/1387 873/2189/1333
f 815/2250/963 816/2251/997 854/2200/1341
f 854/2200/1341 816/2251/997 874/2252/1388
f 854/2200/1341 874/2252/1388 872/2212/1351
f 866/2210/1349 888/2253/1389 899/2211/1350
f 862/2205/1344 888/2253/1389 866/2210/1349
f 872/2212/1351 888/2253/1389 862/2205/1344
f 887/2249/1387 880/2254/1390 873/2189/1333
f 742/2246/999 873/2189/1333 880/2254/1390
f 872/2212/1351 874/2252/1388 888/2253/1389
f 886/2184/1328 893/2198/1340 896/2248/1386
f 893/2198/1340 897/2197/1339 896/2248/1386
f 897/2197/1339 910/2226/1365 896/2248/1386
f 929/2235/1374 910/2226/1365 925/2227/1366
f 896/2248/1386 881/2247/1385 882/2196/1338
f 896/2248/1386 910/2226/1365 907/2255/1391
f 910/2226/1365 912/2256/1392 907/2255/1391
f 896/2248/1386 907/2255/1391 881/2247/1385
f 928/2257/1393 912/2256/1392 910/2226/1365
f 907/2255/1391 912/2256/1392 918/2258/1394
f 929/2235/1374 953/2232/1371 910/2226/1365
f 929/2235/1374 936/2225/1364 953/2232/1371
f 953/2232/1371 928/2257/1393 910/2226/1365
f 953/2232/1371 959/2259/1395 928/2257/1393
f 912/2256/1392 928/2257/1393 924/2260/1396
f 928/2257/1393 958/2262/1398 950/2261/1397
f 950/2261/1397 946/2263/1399 928/2257/1393
f 890/2215/1354 894/2213/1352 889/2208/1347
f 890/2215/1354 899/2211/1350 894/2213/1352
f 894/2213/1352 909/2264/1400 895/2214/1353
f 899/2211/1350 909/2264/1400 894/2213/1352
f 899/2211/1350 906/2265/1401 909/2264/1400
f 888/2253/1389 903/2266/1402 899/2211/1350
f 899/2211/1350 903/2266/1402 906/2265/1401
f 906/2265/1401 903/2266/1402 915/2267/1403
f 909/2264/1400 906/2265/1401 922/2268/1404
f 909/2264/1400 922/2268/1404 942/2269/1405
f 906/2265/1401 915/2267/1403 916/2270/1406
f 916/2270/1406 922/2268/1404 906/2265/1401
f 937/2244/1383 930/2245/1384 909/2264/1400
f 930/2245/1384 895/2214/1353 909/2264/1400
f 937/2244/1383 909/2264/1400 941/2241/1380
f 940/2243/1382 937/2244/1383 941/2241/1380
f 909/2264/1400 945/2271/1381 941/2241/1380
f 922/2268/1404 932/2272/1407 942/2269/1405
f 945/2271/1381 909/2264/1400 942/2269/1405
f 881/2247/1385 908/2273/1408 887/2249/1387
f 881/2247/1385 907/2255/1391 911/2274/1409
f 912/2256/1392 924/2260/1396 918/2258/1394
f 907/2255/1391 934/2275/1410 911/2274/1409
f 907/2255/1391 918/2258/1394 934/2275/1410
f 911/2274/1409 908/2273/1408 881/2247/1385
f 887/2276/1387 972/2278/1411 880/2277/1390
f 887/2276/1387 908/2279/1408 972/2278/1411
f 924/2260/1396 928/2257/1393 934/2275/1410
f 934/2275/1410 918/2258/1394 924/2260/1396
f 934/2275/1410 928/2257/1393 911/2274/1409
f 928/2257/1393 946/2263/1399 911/2274/1409
f 888/2253/1389 902/2280/1412 903/2266/1402
f 888/2253/1389 874/2252/1388 902/2280/1412
f 915/2267/1403 923/2281/1413 916/2270/1406
f 915/2267/1403 903/2266/1402 923/2281/1413
f 903/2282/1402 902/2284/1412 973/2283/1414
f 932/2272/1407 922/2268/1404 916/2270/1406
f 916/2270/1406 927/2285/1415 932/2272/1407
f 927/2285/1415 923/2281/1413 932/2272/1407
f 932/2272/1407 978/2286/1416 942/2269/1405
f 916/2270/1406 923/2281/1413 927/2285/1415
f 903/2266/1402 978/2286/1416 923/2281/1413
f 923/2281/1413 978/2286/1416 932/2272/1407
f 943/2287/1358 1001/2289/1417 931/2288/1357
f 943/2287/1358 949/2290/1360 1001/2289/1417
f 931/2288/1357 994/2292/1418 947/2291/1367
f 951/2293/1370 947/2291/1367 995/2294/1419
f 947/2291/1367 994/2292/1418 995/2294/1419
f 1001/2289/1417 997/2296/1421 1009/2295/1420
f 1001/2289/1417 994/2292/1418 931/2288/1357
f 1039/2297/1422 1020/2299/1424 1022/2298/1423
f 1029/2300/1425 1020/2299/1424 1039/2297/1422
f 1040/2301/1426 1029/2300/1425 1039/2297/1422
f 1022/2298/1423 1019/2303/1428 1032/2302/1427
f 1019/2303/1428 1009/2295/1420 1017/2304/1429
f 1019/2303/1428 1017/2304/1429 1037/2305/1430
f 1022/2298/1423 1032/2302/1427 1039/2297/1422
f 1040/2301/1426 1039/2297/1422 1032/2302/1427
f 1037/2305/1430 1017/2304/1429 1036/2306/1431
f 1037/2305/1430 1032/2302/1427 1019/2303/1428
f 944/2220/1359 949/2221/1360 943/2219/1358
f 865/2307/1234 957/2308/1377 949/2290/1360
f 949/2290/1360 997/2296/1421 1001/2289/1417
f 949/2290/1360 996/2309/1432 997/2296/1421
f 957/2308/1377 996/2309/1432 949/2290/1360
f 957/2308/1377 948/2311/1379 990/2310/1433
f 948/2311/1379 945/2312/1381 990/2310/1433
f 1009/2295/1420 997/2296/1421 1010/2313/1434
f 1010/2313/1434 997/2296/1421 1013/2314/1435
f 1017/2304/1429 1009/2295/1420 1010/2313/1434
f 1010/2313/1434 1013/2314/1435 1021/2315/1436
f 1010/2313/1434 1021/2315/1436 1017/2304/1429
f 1017/2304/1429 1021/2315/1436 1036/2306/1431
f 1018/2316/1437 1021/2315/1436 1013/2314/1435
f 1018/2316/1437 1033/2317/1438 1021/2315/1436
f 1021/2315/1436 1033/2317/1438 1041/2318/1439
f 1018/2316/1437 1024/2319/1440 1033/2317/1438
f 1030/2320/1441 1041/2318/1439 1033/2317/1438
f 1041/2318/1439 1030/2320/1441 1042/2321/1442
f 951/2293/1370 995/2294/1419 953/2322/1371
f 953/2322/1371 995/2294/1419 991/2323/1443
f 953/2322/1371 991/2323/1443 959/2324/1395
f 991/2323/1443 993/2325/1444 959/2324/1395
f 995/2294/1419 994/2292/1418 991/2323/1443
f 991/2323/1443 994/2292/1418 999/2326/1445
f 993/2325/1444 999/2326/1445 1000/2327/1446
f 991/2323/1443 999/2326/1445 993/2325/1444
f 1001/2289/1417 1009/2295/1420 1011/2328/1447
f 994/2292/1418 1001/2289/1417 1011/2328/1447
f 994/2292/1418 1006/2329/1448 999/2326/1445
f 1000/2327/1446 999/2326/1445 1006/2329/1448
f 1011/2328/1447 1006/2329/1448 994/2292/1418
f 993/2325/1444 1000/2327/1446 959/2324/1395
f 1000/2327/1446 1005/2330/1449 959/2324/1395
f 1005/2330/1449 998/2331/1450 959/2324/1395
f 1000/2327/1446 1006/2329/1448 1005/2330/1449
f 1006/2329/1448 1011/2328/1447 1012/2332/1451
f 1048/2333/1452 1005/2330/1449 1006/2329/1448
f 998/2331/1450 1005/2330/1449 1048/2333/1452
f 1006/2329/1448 1012/2332/1451 1048/2333/1452
f 1048/2333/1452 1012/2332/1451 1046/2334/1453
f 1029/2300/1425 1034/2336/1455 1025/2335/1454
f 1025/2335/1454 1034/2336/1455 1027/2337/1456
f 1009/2295/1420 1019/2303/1428 1011/2328/1447
f 1015/2338/1457 1019/2303/1428 1022/2298/1423
f 1015/2338/1457 1011/2328/1447 1019/2303/1428
f 1015/2338/1457 1022/2298/1423 1020/2299/1424
f 1029/2300/1425 1025/2335/1454 1020/2299/1424
f 1020/2299/1424 1025/2335/1454 1023/2339/1458
f 1020/2299/1424 1023/2339/1458 1015/2338/1457
f 1035/2340/1459 1025/2335/1454 1027/2337/1456
f 1025/2335/1454 1035/2340/1459 1023/2339/1458
f 1015/2338/1457 1012/2332/1451 1011/2328/1447
f 1015/2338/1457 1056/2341/1460 1012/2332/1451
f 1027/2342/1456 1034/2344/1455 1035/2343/1459
f 1035/2343/1459 1058/2346/1461 1023/2345/1458
f 990/2310/1433 945/2312/1381 1004/2347/1462
f 945/2312/1381 992/2348/1463 1004/2347/1462
f 990/2310/1433 996/2309/1432 957/2308/1377
f 996/2309/1432 1013/2314/1435 997/2296/1421
f 996/2309/1432 1003/2350/1465 1008/2349/1464
f 996/2309/1432 1008/2349/1464 1013/2314/1435
f 1008/2349/1464 1014/2351/1466 1013/2314/1435
f 1013/2314/1435 1014/2351/1466 1016/2352/1467
f 990/2310/1433 1004/2347/1462 996/2309/1432
f 996/2309/1432 1004/2347/1462 1003/2350/1465
f 1003/2350/1465 1004/2347/1462 992/2348/1463
f 1003/2350/1465 992/2348/1463 1002/2353/1468
f 945/2312/1381 960/2355/1470 1007/2354/1469
f 1003/2350/1465 1002/2353/1468 1008/2349/1464
f 1008/2349/1464 1002/2353/1468 1007/2354/1469
f 1186/2356/1471 1007/2358/1469 960/2357/1470
f 1008/2359/1464 1186/2356/1471 1187/2360/1472
f 1008/2349/1464 1007/2354/1469 1186/2361/1471
f 992/2348/1463 945/2312/1381 1007/2354/1469
f 992/2348/1463 1007/2354/1469 1002/2353/1468
f 1013/2314/1435 1016/2352/1467 1018/2316/1437
f 1018/2316/1437 1016/2352/1467 1024/2319/1440
f 1033/2317/1438 1024/2319/1440 1030/2320/1441
f 1024/2319/1440 1026/2362/1473 1030/2320/1441
f 1026/2362/1473 1031/2363/1474 1030/2320/1441
f 1030/2320/1441 1031/2363/1474 1042/2321/1442
f 1042/2321/1442 1031/2363/1474 1043/2364/1475
f 1024/2319/1440 1028/2365/1476 1026/2362/1473
f 1008/2349/1464 1187/2366/1472 1014/2351/1466
f 1014/2351/1466 1187/2366/1472 1016/2352/1467
f 1016/2352/1467 1028/2365/1476 1024/2319/1440
f 1028/2367/1476 1038/2369/1477 1026/2368/1473
f 1026/2362/1473 1038/2370/1477 1031/2363/1474
f 1029/2371/1425 1074/2373/1479 1080/2372/1478
f 1040/2374/1426 1074/2373/1479 1029/2371/1425
f 1040/2374/1426 1032/2375/1427 1074/2373/1479
f 1032/2375/1427 1102/2376/1480 1074/2373/1479
f 1037/2377/1430 1102/2376/1480 1032/2375/1427
f 1037/2378/1430 1069/2380/1482 1071/2379/1481
f 1037/2377/1430 1071/2379/1481 1102/2376/1480
f 1029/2300/1425 1045/2381/1483 1034/2336/1455
f 1034/2382/1455 1045/2384/1483 1044/2383/1484
f 1029/2371/1425 1080/2372/1478 1045/2384/1483
f 1080/2372/1478 1082/2385/1485 1045/2384/1483
f 1082/2385/1485 1084/2386/1486 1045/2384/1483
f 1074/2373/1479 1103/2387/1487 1080/2372/1478
f 1074/2373/1479 1102/2376/1480 1108/2388/1488
f 1074/2373/1479 1108/2388/1488 1103/2387/1487
f 1102/2376/1480 1071/2379/1481 1089/2389/1489
f 1071/2379/1481 1092/2390/1490 1089/2389/1489
f 1102/2376/1480 1089/2389/1489 1108/2388/1488
f 1092/2390/1490 1116/2391/1491 1089/2389/1489
f 1116/2391/1491 1113/2392/1492 1089/2389/1489
f 1089/2389/1489 1113/2392/1492 1108/2388/1488
f 1116/2391/1491 1127/2393/1493 1113/2392/1492
f 1080/2372/1478 1103/2387/1487 1109/2394/1494
f 1080/2372/1478 1109/2394/1494 1105/2395/1495
f 1080/2372/1478 1105/2395/1495 1082/2385/1485
f 1109/2394/1494 1119/2396/1496 1105/2395/1495
f 1109/2394/1494 1121/2397/1497 1119/2396/1496
f 1103/2387/1487 1108/2388/1488 1109/2394/1494
f 1109/2394/1494 1108/2388/1488 1115/2398/1498
f 1121/2397/1497 1115/2398/1498 1123/2399/1499
f 1121/2397/1497 1109/2394/1494 1115/2398/1498
f 1113/2392/1492 1123/2399/1499 1115/2398/1498
f 1108/2388/1488 1113/2392/1492 1115/2398/1498
f 1036/2306/1431 1069/2400/1482 1037/2305/1430
f 1036/2401/1431 1021/2402/1436 1069/2380/1482
f 1069/2380/1482 1021/2402/1436 1091/2403/1500
f 1041/2404/1439 1079/2405/1501 1021/2402/1436
f 1021/2402/1436 1079/2405/1501 1091/2403/1500
f 1079/2405/1501 1041/2404/1439 1042/2406/1442
f 1042/2406/1442 1043/2408/1475 1086/2407/1502
f 1071/2379/1481 1069/2380/1482 1092/2390/1490
f 1069/2380/1482 1091/2403/1500 1092/2390/1490
f 1092/2390/1490 1126/2409/1503 1127/2393/1493
f 1092/2390/1490 1127/2393/1493 1116/2391/1491
f 1091/2403/1500 1114/2410/1504 1092/2390/1490
f 1091/2403/1500 1107/2411/1505 1114/2410/1504
f 1042/2406/1442 1098/2412/1506 1079/2405/1501
f 1079/2405/1501 1107/2411/1505 1091/2403/1500
f 1079/2405/1501 1098/2412/1506 1107/2411/1505
f 1092/2390/1490 1114/2410/1504 1126/2409/1503
f 1117/2413/1507 1126/2409/1503 1114/2410/1504
f 1098/2412/1506 1117/2413/1507 1107/2411/1505
f 1086/2407/1502 1098/2412/1506 1042/2406/1442
f 1114/2410/1504 1107/2411/1505 1117/2413/1507
f 1117/2413/1507 1124/2414/1508 1126/2409/1503
f 1098/2412/1506 1124/2414/1508 1117/2413/1507
f 1098/2412/1506 1122/2415/1509 1124/2414/1508
f 1045/2384/1483 1084/2386/1486 1072/2416/1510
f 1045/2384/1483 1072/2416/1510 1044/2383/1484
f 1072/2416/1510 1081/2418/1512 1075/2417/1511
f 1072/2416/1510 1075/2417/1511 1076/2419/1513
f 1084/2386/1486 1081/2418/1512 1072/2416/1510
f 1081/2418/1512 1076/2419/1513 1075/2417/1511
f 1084/2386/1486 1087/2420/1514 1081/2418/1512
f 1072/2416/1510 1076/2419/1513 1083/2421/1515
f 1081/2418/1512 1088/2422/1516 1076/2419/1513
f 1081/2418/1512 1097/2423/1517 1088/2422/1516
f 1044/2424/1484 1059/2425/1518 1034/2336/1455
f 1044/2383/1484 1072/2416/1510 1083/2421/1515
f 1083/2421/1515 1061/2426/1519 1044/2383/1484
f 1044/2427/1484 1061/2429/1519 1059/2428/1518
f 1083/2421/1515 1076/2419/1513 1063/2430/1520
f 1076/2419/1513 1093/2431/1521 1063/2430/1520
f 1076/2419/1513 1088/2422/1516 1093/2431/1521
f 1082/2385/1485 1105/2395/1495 1101/2432/1522
f 1082/2385/1485 1099/2433/1523 1084/2386/1486
f 1101/2432/1522 1099/2433/1523 1082/2385/1485
f 1084/2386/1486 1099/2433/1523 1087/2420/1514
f 1099/2433/1523 1097/2423/1517 1087/2420/1514
f 1081/2418/1512 1087/2420/1514 1097/2423/1517
f 1105/2395/1495 1125/2434/1524 1101/2432/1522
f 1105/2395/1495 1119/2396/1496 1125/2434/1524
f 1083/2421/1515 1063/2430/1520 1061/2426/1519
f 1099/2433/1523 1101/2432/1522 1097/2423/1517
f 1065/2435/1525 1063/2437/1520 1093/2436/1521
f 1125/2434/1524 1206/2438/1526 1101/2432/1522
f 1066/2439/1527 1068/2441/1529 1067/2440/1528
f 1066/2439/1527 1065/2435/1525 1068/2441/1529
f 1101/2432/1522 1206/2438/1526 1097/2423/1517
f 1093/2442/1521 1111/2444/1530 1065/2443/1525
f 1097/2423/1517 1118/2445/1531 1088/2422/1516
f 1088/2422/1516 1111/2444/1530 1093/2442/1521
f 1065/2443/1525 1111/2444/1530 1068/2446/1529
f 1097/2423/1517 1206/2438/1526 1118/2445/1531
f 1088/2422/1516 1118/2445/1531 1111/2444/1530
f 1078/2447/1532 1043/2408/1475 1077/2448/1533
f 1043/2408/1475 1070/2449/1534 1077/2448/1533
f 1070/2449/1534 1043/2408/1475 1073/2450/1535
f 1078/2447/1532 1090/2451/1536 1043/2408/1475
f 1078/2447/1532 1085/2452/1537 1090/2451/1536
f 1090/2451/1536 1086/2407/1502 1043/2408/1475
f 1090/2451/1536 1095/2453/1538 1086/2407/1502
f 1077/2448/1533 1085/2452/1537 1078/2447/1532
f 1070/2449/1534 1073/2450/1535 1077/2448/1533
f 1031/2363/1474 1196/2454/1539 1043/2364/1475
f 1043/2408/1475 1196/2455/1539 1073/2450/1535
f 1073/2450/1535 1094/2456/1540 1077/2448/1533
f 1196/2455/1539 1094/2456/1540 1073/2450/1535
f 1096/2457/1541 1095/2453/1538 1090/2451/1536
f 1090/2451/1536 1085/2452/1537 1096/2457/1541
f 1096/2457/1541 1100/2458/1542 1095/2453/1538
f 1086/2407/1502 1095/2453/1538 1098/2412/1506
f 1095/2453/1538 1100/2458/1542 1098/2412/1506
f 1100/2458/1542 1106/2459/1543 1098/2412/1506
f 1098/2412/1506 1106/2459/1543 1122/2415/1509
f 1096/2457/1541 1106/2459/1543 1100/2458/1542
f 1085/2460/1537 1077/2462/1533 1104/2461/1544
f 1077/2448/1533 1094/2456/1540 1104/2463/1544
f 1104/2461/1544 1199/2465/1546 1200/2464/1545
f 1104/2461/1544 1094/2466/1540 1199/2465/1546
f 1213/2467/1547 1096/2457/1541 1085/2452/1537
f 1104/2468/1544 1110/2469/1548 1085/2452/1537
f 1106/2459/1543 1096/2457/1541 1213/2467/1547
f 1104/2468/1544 1200/2470/1545 1110/2469/1548
f 1110/2469/1548 1200/2470/1545 1112/2471/1549
f 1213/2467/1547 1085/2452/1537 1130/2472/1550
f 1085/2452/1537 1110/2469/1548 1130/2472/1550
f 928/2257/1393 959/2259/1395 958/2262/1398
f 959/2473/1395 998/2475/1450 958/2474/1398
f 950/2261/1397 958/2262/1398 956/2476/1551
f 1046/2477/1453 956/2478/1551 958/2474/1398
f 1048/2479/1452 1046/2477/1453 958/2474/1398
f 998/2475/1450 1048/2479/1452 958/2474/1398
f 950/2480/1397 1050/2482/1552 946/2481/1399
f 956/2478/1551 1050/2482/1552 950/2480/1397
f 1051/2483/1553 1050/2482/1552 956/2478/1551
f 1051/2483/1553 956/2485/1551 1049/2484/1554
f 1046/2477/1453 1049/2484/1554 956/2485/1551
f 1050/2482/1552 1047/2486/1555 946/2481/1399
f 1050/2482/1552 1056/2488/1460 1053/2487/1556
f 1012/2489/1451 1049/2484/1554 1046/2477/1453
f 1056/2488/1460 1049/2484/1554 1012/2489/1451
f 1050/2482/1552 1049/2484/1554 1056/2488/1460
f 1051/2483/1553 1049/2484/1554 1050/2482/1552
f 1035/2343/1459 1057/2490/1557 1058/2346/1461
f 1023/2491/1458 1058/2346/1461 1015/2492/1457
f 1015/2492/1457 1058/2346/1461 1056/2488/1460
f 1055/2493/1558 1053/2487/1556 1056/2488/1460
f 1055/2493/1558 1058/2346/1461 1057/2490/1557
f 1055/2493/1558 1056/2488/1460 1058/2346/1461
f 1050/2482/1552 1053/2487/1556 1047/2486/1555
f 1047/2486/1555 1053/2487/1556 1052/2494/1559
f 1055/2493/1558 1052/2494/1559 1053/2487/1556
f 1055/2493/1558 1054/2495/1560 1052/2494/1559
f 1055/2493/1558 1057/2490/1557 1054/2495/1560
f 942/2269/1405 960/2496/1470 945/2271/1381
f 942/2497/1405 954/2498/1561 960/2357/1470
f 1185/2499/1562 954/2498/1561 1183/2500/1563
f 1185/2499/1562 1183/2500/1563 1184/2501/1564
f 1183/2500/1563 954/2498/1561 952/2502/1565
f 1183/2500/1563 952/2503/1565 1184/2501/1564
f 952/2504/1565 954/2505/1561 942/2269/1405
f 1186/2356/1471 954/2498/1561 1185/2499/1562
f 1186/2356/1471 960/2357/1470 954/2498/1561
f 1185/2499/1562 1187/2360/1472 1186/2356/1471
f 1187/2360/1472 1185/2499/1562 1184/2501/1564
f 952/2503/1565 1189/2506/1566 1184/2501/1564
f 952/2503/1565 955/2507/1567 1189/2506/1566
f 942/2269/1405 955/2508/1567 952/2504/1565
f 1187/2360/1472 1192/2510/1568 1016/2509/1467
f 1016/2509/1467 1192/2510/1568 1028/2367/1476
f 1187/2360/1472 1184/2501/1564 1189/2506/1566
f 1187/2360/1472 1189/2506/1566 1192/2510/1568
f 1189/2506/1566 1191/2511/1569 1192/2510/1568
f 1191/2511/1569 1193/2512/1570 1192/2510/1568
f 1193/2512/1570 1028/2367/1476 1192/2510/1568
f 1193/2512/1570 1195/2513/1571 1028/2367/1476
f 1028/2367/1476 1195/2513/1571 1038/2369/1477
f 1190/2514/1572 1195/2513/1571 1193/2512/1570
f 1189/2506/1566 1188/2515/1573 1191/2511/1569
f 1191/2511/1569 1188/2515/1573 1190/2514/1572
f 1193/2512/1570 1191/2511/1569 1190/2514/1572
f 1189/2506/1566 955/2507/1567 1188/2515/1573
f 1190/2514/1572 1194/2516/1574 1195/2513/1571
f 946/2517/1399 1131/2519/1575 911/2518/1409
f 1047/2486/1555 1131/2521/1575 946/2520/1399
f 1052/2494/1559 1054/2495/1560 1154/2522/1576
f 1131/2523/1575 1047/2486/1555 1052/2494/1559
f 1052/2524/1559 1154/2525/1576 1131/2519/1575
f 1131/2519/1575 1154/2525/1576 1142/2526/1577
f 942/2527/1405 1134/2528/1578 955/2507/1567
f 942/2527/1405 978/2529/1416 1134/2528/1578
f 1134/2530/1578 1141/2532/1579 955/2531/1567
f 955/2531/1567 1141/2532/1579 1140/2533/1580
f 1188/2515/1573 1146/2534/1581 1190/2514/1572
f 1188/2515/1573 955/2507/1567 1146/2534/1581
f 955/2507/1567 1140/2535/1580 1146/2534/1581
f 1146/2534/1581 1145/2536/1582 1190/2514/1572
f 1146/2537/1581 1140/2533/1580 1145/2538/1582
f 1190/2514/1572 1145/2536/1582 1194/2516/1574
f 1034/2344/1455 1057/2490/1557 1035/2343/1459
f 1034/2344/1455 1059/2428/1518 1057/2490/1557
f 1059/2428/1518 1154/2522/1576 1057/2490/1557
f 1054/2495/1560 1057/2490/1557 1154/2522/1576
f 1059/2428/1518 1060/2539/1583 1154/2522/1576
f 1062/2540/1584 1060/2539/1583 1059/2428/1518
f 1061/2429/1519 1063/2437/1520 1062/2540/1584
f 1062/2540/1584 1063/2437/1520 1064/2541/1585
f 1066/2439/1527 1064/2541/1585 1063/2437/1520
f 1061/2429/1519 1062/2540/1584 1059/2428/1518
f 1066/2439/1527 1063/2437/1520 1065/2435/1525
f 1064/2541/1585 1066/2439/1527 1067/2440/1528
f 1067/2440/1528 1060/2539/1583 1064/2541/1585
f 1062/2540/1584 1064/2541/1585 1060/2539/1583
f 1031/2542/1474 1038/2369/1477 1195/2513/1571
f 1195/2513/1571 1194/2516/1574 1031/2542/1474
f 1196/2543/1539 1031/2542/1474 1194/2516/1574
f 1196/2543/1539 1198/2544/1586 1094/2466/1540
f 1196/2543/1539 1194/2516/1574 1198/2544/1586
f 1094/2466/1540 1198/2544/1586 1199/2465/1546
f 1200/2464/1545 1199/2465/1546 1201/2545/1587
f 1198/2544/1586 1201/2545/1587 1199/2465/1546
f 1200/2464/1545 1201/2545/1587 1202/2546/1588
f 1200/2464/1545 1202/2546/1588 1112/2547/1549
f 1194/2516/1574 1197/2548/1589 1198/2544/1586
f 1198/2544/1586 1197/2548/1589 1201/2545/1587
f 1201/2545/1587 1197/2548/1589 1202/2546/1588
f 1154/2522/1576 1060/2539/1583 1157/2549/1590
f 1194/2516/1574 1155/2550/1591 1197/2548/1589
f 849/2551/1063 966/2553/1592 816/2552/997
f 742/2554/999 880/2277/1390 851/2555/1062
f 880/2277/1390 964/2556/1593 851/2555/1062
f 874/2557/1388 966/2553/1592 971/2558/1594
f 816/2552/997 966/2553/1592 874/2557/1388
f 851/2555/1062 964/2556/1593 844/2559/1064
f 908/2279/1408 979/2560/1595 972/2278/1411
f 972/2278/1411 979/2560/1595 880/2277/1390
f 979/2560/1595 976/2561/1596 880/2277/1390
f 911/2562/1409 982/2563/1597 908/2279/1408
f 982/2563/1597 981/2564/1598 908/2279/1408
f 908/2279/1408 981/2564/1598 979/2560/1595
f 902/2284/1412 874/2557/1388 973/2283/1414
f 971/2558/1594 974/2565/1599 874/2557/1388
f 874/2557/1388 974/2565/1599 973/2283/1414
f 973/2283/1414 978/2566/1416 903/2282/1402
f 973/2283/1414 974/2565/1599 983/2567/1600
f 973/2283/1414 985/2568/1601 978/2566/1416
f 973/2283/1414 983/2567/1600 985/2568/1601
f 880/2277/1390 963/2569/1602 964/2556/1593
f 880/2277/1390 976/2561/1596 963/2569/1602
f 966/2553/1592 965/2570/1077 971/2558/1594
f 971/2558/1594 986/2571/1603 974/2565/1599
f 964/2556/1593 847/2572/1075 844/2559/1064
f 963/2569/1602 847/2572/1075 964/2556/1593
f 847/2572/1075 963/2569/1602 852/2573/1076
f 966/2553/1592 849/2551/1063 965/2570/1077
f 832/2574/1067 962/2575/1604 965/2570/1077
f 832/2574/1067 837/2576/1071 962/2575/1604
f 850/2577/1080 967/2579/1605 845/2578/1078
f 845/2578/1078 967/2579/1605 853/2580/1081
f 961/2581/1082 962/2575/1604 837/2576/1071
f 853/2580/1081 961/2581/1082 848/2582/1079
f 852/2573/1076 970/2583/1606 850/2577/1080
f 967/2579/1605 961/2581/1082 853/2580/1081
f 962/2575/1604 961/2581/1082 968/2584/1607
f 961/2581/1082 967/2579/1605 968/2584/1607
f 963/2569/1602 976/2561/1596 970/2583/1606
f 963/2569/1602 970/2583/1606 852/2573/1076
f 962/2575/1604 971/2558/1594 965/2570/1077
f 971/2558/1594 962/2575/1604 969/2585/1608
f 976/2561/1596 1133/2586/1609 970/2583/1606
f 971/2558/1594 969/2585/1608 986/2587/1603
f 967/2579/1605 975/2588/1610 968/2584/1607
f 970/2583/1606 967/2579/1605 850/2577/1080
f 970/2583/1606 975/2588/1610 967/2579/1605
f 975/2588/1610 977/2589/1611 968/2584/1607
f 962/2575/1604 968/2584/1607 969/2585/1608
f 968/2584/1607 980/2590/1612 969/2585/1608
f 980/2590/1612 968/2584/1607 977/2589/1611
f 1131/2519/1575 982/2591/1597 911/2518/1409
f 982/2591/1597 1131/2519/1575 1135/2592/1613
f 1142/2526/1577 1136/2593/1614 1131/2519/1575
f 1136/2593/1614 1135/2592/1613 1131/2519/1575
f 1142/2526/1577 1154/2525/1576 1157/2594/1590
f 979/2595/1595 981/2597/1598 989/2596/1615
f 982/2591/1597 1137/2598/1616 981/2597/1598
f 1135/2592/1613 1136/2593/1614 1147/2599/1617
f 1152/2600/1618 1136/2593/1614 1142/2526/1577
f 1152/2600/1618 1147/2599/1617 1136/2593/1614
f 1135/2592/1613 1147/2599/1617 1152/2600/1618
f 1142/2526/1577 1157/2594/1590 1161/2601/1619
f 1161/2601/1619 1152/2600/1618 1142/2526/1577
f 1135/2592/1613 1152/2600/1618 982/2591/1597
f 1152/2600/1618 1161/2601/1619 982/2591/1597
f 1141/2532/1579 1138/2603/1621 1139/2602/1620
f 1134/2530/1578 1138/2603/1621 1141/2532/1579
f 1140/2533/1580 1141/2532/1579 1145/2538/1582
f 1141/2532/1579 1143/2604/1622 1145/2538/1582
f 1143/2604/1622 1155/2605/1591 1145/2538/1582
f 1141/2532/1579 1139/2602/1620 1143/2604/1622
f 1155/2605/1591 1143/2604/1622 1158/2606/1623
f 978/2607/1416 985/2608/1601 1134/2530/1578
f 983/2567/1600 984/2610/1624 985/2609/1601
f 1139/2602/1620 1138/2603/1621 1153/2611/1625
f 1139/2602/1620 1153/2611/1625 1143/2604/1622
f 1138/2603/1621 1156/2612/1626 1153/2611/1625
f 1143/2604/1622 1153/2611/1625 1158/2606/1623
f 1138/2603/1621 1134/2530/1578 1156/2612/1626
f 1153/2611/1625 1156/2612/1626 1158/2606/1623
f 1134/2530/1578 1163/2613/1627 1156/2612/1626
f 1156/2612/1626 1163/2613/1627 1158/2606/1623
f 1145/2538/1582 1155/2605/1591 1194/2614/1574
f 1157/2594/1590 1173/2615/1628 1161/2601/1619
f 1157/2594/1590 1175/2616/1629 1173/2615/1628
f 1161/2601/1619 1173/2615/1628 1169/2617/1630
f 1158/2606/1623 1165/2618/1631 1155/2605/1591
f 1155/2605/1591 1165/2618/1631 1181/2619/1632
f 1181/2619/1632 1165/2618/1631 1174/2620/1633
f 979/2621/1595 989/2596/1615 1133/2622/1609
f 979/2621/1595 1133/2622/1609 976/2623/1596
f 1133/2622/1609 988/2625/1634 970/2624/1606
f 981/2597/1598 1144/2626/1635 989/2596/1615
f 982/2591/1597 1160/2627/1636 1137/2598/1616
f 989/2596/1615 1144/2626/1635 1133/2622/1609
f 1137/2598/1616 1144/2626/1635 981/2597/1598
f 1133/2622/1609 1144/2626/1635 988/2625/1634
f 974/2628/1599 986/2630/1603 983/2629/1600
f 983/2629/1600 986/2630/1603 984/2631/1624
f 984/2631/1624 1149/2632/1637 985/2608/1601
f 985/2608/1601 1163/2613/1627 1134/2530/1578
f 1149/2632/1637 1163/2613/1627 985/2608/1601
f 986/2630/1603 1132/2634/1639 1148/2633/1638
f 1151/2635/1640 1148/2633/1638 1132/2634/1639
f 1148/2633/1638 1159/2636/1641 1149/2632/1637
f 986/2630/1603 1148/2633/1638 1149/2632/1637
f 986/2630/1603 1149/2632/1637 984/2631/1624
f 1149/2632/1637 1159/2636/1641 1163/2613/1627
f 988/2625/1634 1132/2634/1639 987/2637/1642
f 988/2638/1634 975/2588/1610 970/2583/1606
f 987/2639/1642 977/2589/1611 975/2588/1610
f 988/2640/1634 987/2641/1642 975/2588/1610
f 986/2630/1603 980/2642/1612 1132/2634/1639
f 969/2643/1608 980/2642/1612 986/2630/1603
f 977/2644/1611 987/2637/1642 1132/2634/1639
f 977/2644/1611 1132/2634/1639 980/2642/1612
f 988/2625/1634 1150/2645/1643 1132/2634/1639
f 988/2625/1634 1144/2626/1635 1162/2646/1644
f 988/2625/1634 1162/2646/1644 1150/2645/1643
f 1132/2634/1639 1150/2645/1643 1151/2635/1640
f 1148/2633/1638 1151/2635/1640 1159/2636/1641
f 982/2591/1597 1161/2601/1619 1160/2627/1636
f 1161/2601/1619 1169/2617/1630 1160/2627/1636
f 1160/2627/1636 1170/2648/1646 1166/2647/1645
f 1169/2617/1630 1170/2648/1646 1160/2627/1636
f 1171/2649/1647 1166/2647/1645 1170/2648/1646
f 1137/2598/1616 1160/2627/1636 1144/2626/1635
f 1160/2627/1636 1166/2647/1645 1144/2626/1635
f 1166/2647/1645 1162/2646/1644 1144/2626/1635
f 1150/2645/1643 1162/2646/1644 1164/2650/1648
f 1164/2650/1648 1151/2635/1640 1150/2645/1643
f 1171/2649/1647 1162/2646/1644 1166/2647/1645
f 1172/2651/1649 1164/2650/1648 1162/2646/1644
f 1173/2615/1628 1179/2652/1650 1169/2617/1630
f 1169/2617/1630 1179/2652/1650 1170/2648/1646
f 1171/2649/1647 1177/2653/1651 1172/2651/1649
f 1171/2649/1647 1172/2651/1649 1162/2646/1644
f 1170/2648/1646 1179/2652/1650 1171/2649/1647
f 1182/2654/1652 1177/2653/1651 1171/2649/1647
f 1179/2652/1650 1182/2654/1652 1171/2649/1647
f 1177/2653/1651 1178/2655/1653 1172/2651/1649
f 1163/2613/1627 1165/2618/1631 1158/2606/1623
f 1165/2618/1631 1163/2613/1627 1167/2656/1654
f 1168/2657/1655 1151/2635/1640 1164/2650/1648
f 1168/2657/1655 1167/2656/1654 1159/2636/1641
f 1151/2635/1640 1168/2657/1655 1159/2636/1641
f 1163/2613/1627 1159/2636/1641 1167/2656/1654
f 1168/2657/1655 1164/2650/1648 1172/2651/1649
f 1167/2656/1654 1174/2620/1633 1165/2618/1631
f 1167/2656/1654 1176/2658/1656 1174/2620/1633
f 1168/2657/1655 1176/2658/1656 1167/2656/1654
f 1180/2659/1657 1176/2658/1656 1168/2657/1655
f 1172/2651/1649 1178/2655/1653 1168/2657/1655
f 1168/2657/1655 1178/2655/1653 1180/2659/1657
f 1121/2660/1497 1123/2662/1499 1204/2661/1658
f 1121/2660/1497 1204/2661/1658 1119/2663/1496
f 1127/2664/1493 1128/2666/1659 1113/2665/1492
f 1123/2399/1499 1113/2392/1492 1129/2667/1660
f 1113/2665/1492 1128/2666/1659 1129/2668/1660
f 1123/2662/1499 1206/2669/1526 1204/2661/1658
f 1129/2668/1660 1211/2670/1661 1206/2669/1526
f 1129/2668/1660 1206/2669/1526 1123/2662/1499
f 1129/2668/1660 1215/2671/1662 1211/2670/1661
f 1129/2668/1660 1128/2666/1659 1215/2671/1662
f 1119/2663/1496 1204/2661/1658 1125/2672/1524
f 1068/2673/1529 1209/2675/1663 1067/2674/1528
f 1204/2661/1658 1206/2669/1526 1125/2672/1524
f 1206/2669/1526 1211/2670/1661 1118/2676/1531
f 1211/2670/1661 1207/2677/1664 1118/2676/1531
f 1111/2678/1530 1205/2679/1665 1068/2673/1529
f 1068/2673/1529 1205/2679/1665 1209/2675/1663
f 1118/2676/1531 1130/2681/1550 1203/2680/1666
f 1203/2680/1666 1111/2678/1530 1118/2676/1531
f 1111/2678/1530 1203/2680/1666 1205/2679/1665
f 1118/2676/1531 1207/2677/1664 1130/2681/1550
f 1211/2670/1661 1215/2671/1662 1207/2677/1664
f 1203/2680/1666 1210/2682/1667 1205/2679/1665
f 1229/2683/1668 1219/2685/1670 1218/2684/1669
f 1210/2682/1667 1223/2686/1671 1218/2684/1669
f 1226/2687/1672 1218/2684/1669 1223/2686/1671
f 1127/2664/1493 1126/2688/1503 1128/2666/1659
f 1128/2666/1659 1213/2689/1547 1215/2671/1662
f 1126/2690/1503 1213/2689/1547 1128/2666/1659
f 1124/2691/1508 1120/2692/1673 1126/2690/1503
f 1126/2690/1503 1120/2692/1673 1213/2689/1547
f 1122/2693/1509 1120/2692/1673 1124/2691/1508
f 1213/2689/1547 1120/2692/1673 1106/2694/1543
f 1130/2472/1550 1110/2469/1548 1203/2695/1666
f 1110/2696/1548 1208/2697/1674 1203/2680/1666
f 1207/2677/1664 1213/2689/1547 1130/2681/1550
f 1203/2680/1666 1208/2697/1674 1210/2682/1667
f 1110/2696/1548 1112/2698/1549 1208/2697/1674
f 1112/2698/1549 1212/2699/1675 1208/2697/1674
f 1207/2677/1664 1215/2671/1662 1213/2689/1547
f 1106/2459/1543 1120/2700/1673 1122/2415/1509
f 1226/2687/1672 1223/2686/1671 1227/2701/1676
f 1223/2686/1671 1210/2682/1667 1221/2702/1677
f 1223/2686/1671 1221/2702/1677 1227/2701/1676
f 1221/2702/1677 1231/2703/1678 1227/2701/1676
f 1231/2703/1678 1221/2702/1677 1228/2704/1679
f 1214/2705/1680 1060/2706/1583 1067/2674/1528
f 1067/2674/1528 1220/2707/1681 1214/2705/1680
f 1209/2675/1663 1220/2707/1681 1067/2674/1528
f 1209/2675/1663 1219/2685/1670 1220/2707/1681
f 1218/2684/1669 1205/2679/1665 1210/2682/1667
f 1209/2675/1663 1205/2679/1665 1219/2685/1670
f 1205/2679/1665 1218/2684/1669 1219/2685/1670
f 1219/2685/1670 1234/2708/1682 1220/2707/1681
f 1214/2705/1680 1220/2707/1681 1232/2709/1683
f 1214/2705/1680 1232/2709/1683 1222/2710/1684
f 1232/2709/1683 1224/2712/1685 1222/2711/1684
f 1112/2698/1549 1217/2713/1686 1212/2699/1675
f 1112/2698/1549 1202/2714/1588 1217/2713/1686
f 1202/2714/1588 1197/2715/1589 1217/2713/1686
f 1212/2699/1675 1228/2704/1679 1208/2697/1674
f 1212/2699/1675 1217/2713/1686 1216/2716/1687
f 1212/2699/1675 1216/2716/1687 1228/2704/1679
f 1208/2697/1674 1221/2702/1677 1210/2682/1667
f 1208/2697/1674 1228/2704/1679 1221/2702/1677
f 1228/2704/1679 1216/2716/1687 1230/2717/1688
f 1217/2713/1686 1230/2717/1688 1216/2716/1687
f 1217/2713/1686 1197/2715/1589 1230/2717/1688
f 1225/2718/1689 1230/2717/1688 1271/2719/1690
f 1197/2715/1589 1271/2719/1690 1230/2717/1688
f 1225/2718/1689 1271/2719/1690 1280/2720/1691
f 1252/2721/1692 1233/2722/1693 1229/2683/1668
f 1252/2721/1692 1250/2723/1694 1233/2722/1693
f 1233/2722/1693 1250/2723/1694 1240/2724/1695
f 1240/2724/1695 1250/2723/1694 1249/2725/1696
f 1229/2683/1668 1246/2726/1697 1252/2721/1692
f 1226/2687/1672 1227/2701/1676 1248/2727/1698
f 1226/2687/1672 1246/2726/1697 1229/2683/1668
f 1226/2687/1672 1248/2727/1698 1246/2726/1697
f 1234/2708/1682 1240/2724/1695 1239/2728/1699
f 1226/2687/1672 1229/2683/1668 1218/2684/1669
f 1229/2683/1668 1233/2722/1693 1219/2685/1670
f 1240/2724/1695 1219/2685/1670 1233/2722/1693
f 1234/2708/1682 1219/2685/1670 1240/2724/1695
f 1239/2728/1699 1249/2725/1696 1237/2729/1700
f 1249/2725/1696 1239/2728/1699 1240/2724/1695
f 1252/2721/1692 1298/2730/1701 1250/2723/1694
f 1298/2730/1701 1263/2731/1702 1250/2723/1694
f 1258/2732/1703 1298/2730/1701 1252/2721/1692
f 1249/2725/1696 1250/2723/1694 1296/2733/1704
f 1249/2725/1696 1296/2733/1704 1264/2734/1705
f 1248/2727/1698 1258/2732/1703 1246/2726/1697
f 1246/2726/1697 1258/2732/1703 1252/2721/1692
f 1248/2727/1698 1260/2735/1706 1258/2732/1703
f 1250/2723/1694 1266/2736/1707 1296/2733/1704
f 1263/2737/1702 1266/2738/1707 1250/2723/1694
f 1256/2739/1708 1237/2729/1700 1249/2725/1696
f 1256/2739/1708 1249/2725/1696 1264/2740/1705
f 1227/2701/1676 1231/2703/1678 1251/2741/1709
f 1248/2727/1698 1227/2701/1676 1243/2742/1710
f 1243/2742/1710 1227/2701/1676 1251/2741/1709
f 1231/2703/1678 1235/2743/1711 1251/2741/1709
f 1235/2743/1711 1253/2744/1712 1251/2741/1709
f 1235/2743/1711 1238/2745/1713 1253/2744/1712
f 1247/2746/1714 1238/2745/1713 1241/2747/1715
f 1228/2704/1679 1235/2743/1711 1231/2703/1678
f 1228/2704/1679 1241/2747/1715 1238/2745/1713
f 1235/2743/1711 1228/2704/1679 1238/2745/1713
f 1236/2748/1716 1241/2747/1715 1228/2704/1679
f 1241/2747/1715 1236/2748/1716 1242/2749/1717
f 1236/2748/1716 1230/2717/1688 1242/2749/1717
f 1241/2747/1715 1242/2749/1717 1245/2750/1718
f 1241/2747/1715 1245/2750/1718 1247/2746/1714
f 1247/2746/1714 1245/2750/1718 1254/2751/1719
f 1243/2742/1710 1251/2741/1709 1257/2752/1720
f 1248/2727/1698 1243/2742/1710 1259/2753/1721
f 1248/2727/1698 1259/2753/1721 1260/2735/1706
f 1251/2741/1709 1253/2744/1712 1257/2752/1720
f 1243/2742/1710 1257/2752/1720 1259/2753/1721
f 1299/2754/1722 1257/2752/1720 1253/2744/1712
f 1253/2744/1712 1238/2745/1713 1297/2755/1723
f 1238/2745/1713 1262/2756/1724 1297/2755/1723
f 1247/2746/1714 1262/2756/1724 1238/2745/1713
f 1253/2744/1712 1297/2755/1723 1299/2754/1722
f 1245/2750/1718 1242/2749/1717 1254/2751/1719
f 1254/2751/1719 1242/2749/1717 1244/2757/1725
f 1237/2729/1700 1234/2708/1682 1239/2728/1699
f 1220/2707/1681 1234/2708/1682 1232/2709/1683
f 1237/2729/1700 1224/2712/1685 1234/2708/1682
f 1224/2712/1685 1232/2709/1683 1234/2708/1682
f 1237/2729/1700 1256/2739/1708 1224/2712/1685
f 1224/2712/1685 1256/2739/1708 1222/2758/1684
f 1256/2739/1708 1255/2759/1726 1222/2758/1684
f 1228/2704/1679 1230/2717/1688 1236/2748/1716
f 1230/2717/1688 1280/2720/1691 1242/2749/1717
f 1230/2717/1688 1225/2718/1689 1280/2720/1691
f 1280/2720/1691 1244/2760/1725 1242/2749/1717
f 1280/2720/1691 1288/2761/1727 1244/2760/1725
f 1244/2760/1725 1288/2761/1727 1261/2762/1728
f 1309/2763/1729 1298/2765/1701 1312/2764/1730
f 1260/2766/1706 1303/2768/1732 1306/2767/1731
f 1306/2767/1731 1258/2769/1703 1260/2766/1706
f 1306/2767/1731 1312/2764/1730 1258/2769/1703
f 1298/2765/1701 1258/2769/1703 1312/2764/1730
f 1298/2765/1701 1309/2763/1729 1307/2770/1733
f 1298/2765/1701 1307/2770/1733 1263/2771/1702
f 1307/2770/1733 1266/2772/1707 1263/2771/1702
f 1264/2773/1705 1394/2775/1734 1256/2774/1708
f 1264/2773/1705 1296/2777/1704 1302/2776/1735
f 1302/2776/1735 1296/2777/1704 1311/2778/1736
f 1266/2772/1707 1311/2778/1736 1296/2777/1704
f 1264/2773/1705 1302/2776/1735 1394/2775/1734
f 1302/2776/1735 1311/2778/1736 1315/2779/1737
f 1307/2770/1733 1311/2778/1736 1313/2780/1738
f 1329/2781/1739 1317/2783/1741 1330/2782/1740
f 1329/2781/1739 1315/2779/1737 1317/2783/1741
f 1315/2779/1737 1311/2778/1736 1317/2783/1741
f 1307/2770/1733 1317/2783/1741 1311/2778/1736
f 1309/2763/1729 1312/2764/1730 1307/2770/1733
f 1307/2770/1733 1312/2764/1730 1317/2783/1741
f 1306/2767/1731 1317/2783/1741 1312/2764/1730
f 1317/2783/1741 1306/2767/1731 1319/2784/1742
f 1306/2767/1731 1303/2768/1732 1319/2784/1742
f 1303/2768/1732 1320/2785/1743 1319/2784/1742
f 1307/2770/1733 1313/2780/1738 1266/2772/1707
f 1311/2778/1736 1266/2772/1707 1313/2780/1738
f 1330/2782/1740 1317/2783/1741 1319/2784/1742
f 1302/2776/1735 1315/2779/1737 1394/2775/1734
f 1315/2779/1737 1321/2786/1744 1394/2775/1734
f 1394/2775/1734 1321/2786/1744 1428/2787/1745
f 1324/2788/1746 1327/2789/1747 1321/2786/1744
f 1321/2786/1744 1432/2790/1748 1428/2787/1745
f 1321/2786/1744 1327/2789/1747 1432/2790/1748
f 1334/2791/1749 1434/2792/1750 1327/2789/1747
f 1327/2789/1747 1434/2792/1750 1432/2790/1748
f 1334/2791/1749 1339/2793/1751 1434/2792/1750
f 1260/2766/1706 1259/2794/1721 1303/2768/1732
f 1259/2794/1721 1257/2795/1720 1303/2768/1732
f 1257/2795/1720 1301/2796/1752 1303/2768/1732
f 1257/2795/1720 1308/2797/1753 1301/2796/1752
f 1257/2795/1720 1299/2798/1722 1308/2797/1753
f 1247/2746/1714 1254/2751/1719 1265/2799/1754
f 1247/2800/1714 1265/2802/1754 1262/2801/1724
f 1254/2803/1719 1244/2804/1725 1265/2802/1754
f 1244/2804/1725 1396/2805/1755 1265/2802/1754
f 1297/2806/1723 1262/2801/1724 1304/2807/1756
f 1265/2802/1754 1300/2808/1757 1262/2801/1724
f 1265/2802/1754 1305/2809/1758 1300/2808/1757
f 1303/2768/1732 1301/2796/1752 1310/2810/1759
f 1310/2810/1759 1320/2785/1743 1303/2768/1732
f 1301/2796/1752 1308/2797/1753 1310/2810/1759
f 1262/2801/1724 1314/2811/1760 1304/2807/1756
f 1319/2784/1742 1320/2785/1743 1332/2812/1761
f 1310/2810/1759 1323/2813/1762 1320/2785/1743
f 1320/2785/1743 1323/2813/1762 1326/2814/1763
f 1320/2785/1743 1326/2814/1763 1333/2815/1764
f 1310/2810/1759 1308/2797/1753 1323/2813/1762
f 1308/2797/1753 1314/2811/1760 1323/2813/1762
f 1326/2814/1763 1323/2813/1762 1314/2811/1760
f 1299/2798/1722 1297/2806/1723 1308/2797/1753
f 1308/2797/1753 1297/2806/1723 1304/2807/1756
f 1314/2811/1760 1262/2801/1724 1300/2808/1757
f 1314/2811/1760 1300/2808/1757 1316/2816/1765
f 1308/2797/1753 1304/2807/1756 1314/2811/1760
f 1314/2811/1760 1316/2816/1765 1326/2814/1763
f 1331/2817/1766 1326/2814/1763 1316/2816/1765
f 1316/2816/1765 1335/2818/1767 1331/2817/1766
f 1316/2816/1765 1300/2808/1757 1318/2819/1768
f 1318/2819/1768 1300/2808/1757 1305/2809/1758
f 1336/2820/1769 1425/2822/1771 1337/2821/1770
f 1325/2823/1772 1433/2824/1773 1336/2820/1769
f 1336/2820/1769 1433/2824/1773 1425/2822/1771
f 1305/2809/1758 1322/2825/1774 1318/2819/1768
f 1322/2825/1774 1305/2809/1758 1419/2826/1775
f 1322/2825/1774 1325/2823/1772 1328/2827/1776
f 1419/2826/1775 1433/2824/1773 1322/2825/1774
f 1322/2825/1774 1433/2824/1773 1325/2823/1772
f 1329/2828/1739 1342/2830/1778 1346/2829/1777
f 1329/2828/1739 1346/2829/1777 1341/2831/1779
f 1329/2828/1739 1330/2832/1740 1342/2830/1778
f 1329/2828/1739 1341/2831/1779 1315/2833/1737
f 1315/2779/1737 1341/2834/1779 1321/2786/1744
f 1342/2830/1778 1366/2835/1780 1346/2829/1777
f 1346/2829/1777 1366/2835/1780 1345/2836/1781
f 1347/2837/1782 1366/2835/1780 1363/2838/1783
f 1342/2830/1778 1360/2839/1784 1366/2835/1780
f 1346/2829/1777 1345/2836/1781 1341/2831/1779
f 1366/2835/1780 1347/2837/1782 1345/2836/1781
f 1371/2840/1785 1370/2841/1786 1363/2838/1783
f 1330/2782/1740 1319/2784/1742 1332/2812/1761
f 1330/2832/1740 1332/2843/1761 1352/2842/1787
f 1330/2832/1740 1360/2839/1784 1342/2830/1778
f 1330/2832/1740 1352/2842/1787 1360/2839/1784
f 1375/2844/1788 1383/2846/1790 1379/2845/1789
f 1366/2835/1780 1375/2844/1788 1379/2845/1789
f 1375/2844/1788 1360/2839/1784 1383/2846/1790
f 1375/2844/1788 1366/2835/1780 1360/2839/1784
f 1352/2842/1787 1386/2847/1791 1360/2839/1784
f 1352/2842/1787 1377/2848/1792 1386/2847/1791
f 1377/2848/1792 1352/2842/1787 1348/2849/1793
f 1386/2847/1791 1383/2846/1790 1360/2839/1784
f 1386/2847/1791 1393/2850/1794 1383/2846/1790
f 1386/2847/1791 1377/2848/1792 1393/2850/1794
f 1371/2840/1785 1363/2838/1783 1366/2835/1780
f 1366/2835/1780 1379/2845/1789 1371/2840/1785
f 1383/2846/1790 1385/2851/1795 1379/2845/1789
f 1371/2840/1785 1379/2845/1789 1385/2851/1795
f 1383/2846/1790 1390/2852/1796 1385/2851/1795
f 1383/2846/1790 1393/2850/1794 1391/2853/1797
f 1383/2846/1790 1391/2853/1797 1390/2852/1796
f 1393/2850/1794 1389/2854/1798 1391/2853/1797
f 1321/2855/1744 1341/2831/1779 1324/2856/1746
f 1341/2831/1779 1345/2836/1781 1324/2856/1746
f 1345/2836/1781 1347/2837/1782 1324/2856/1746
f 1347/2837/1782 1340/2857/1799 1324/2856/1746
f 1324/2856/1746 1340/2857/1799 1327/2858/1747
f 1347/2837/1782 1353/2859/1800 1340/2857/1799
f 1340/2857/1799 1338/2860/1801 1327/2858/1747
f 1347/2837/1782 1363/2838/1783 1370/2841/1786
f 1347/2837/1782 1374/2862/1803 1361/2861/1802
f 1347/2837/1782 1361/2861/1802 1353/2859/1800
f 1340/2857/1799 1353/2859/1800 1338/2860/1801
f 1353/2859/1800 1361/2861/1802 1358/2863/1804
f 1327/2864/1747 1338/2865/1801 1334/2791/1749
f 1338/2860/1801 1339/2867/1751 1334/2866/1749
f 1338/2860/1801 1358/2863/1804 1339/2867/1751
f 1339/2867/1751 1438/2869/1805 1434/2868/1750
f 1339/2867/1751 1337/2870/1770 1438/2869/1805
f 1358/2863/1804 1357/2871/1806 1339/2867/1751
f 1338/2860/1801 1353/2859/1800 1358/2863/1804
f 1358/2863/1804 1367/2872/1807 1357/2871/1806
f 1347/2837/1782 1370/2841/1786 1374/2862/1803
f 1371/2840/1785 1385/2851/1795 1370/2841/1786
f 1370/2841/1786 1385/2851/1795 1378/2873/1808
f 1370/2841/1786 1378/2873/1808 1374/2862/1803
f 1378/2873/1808 1385/2851/1795 1390/2852/1796
f 1390/2852/1796 1391/2853/1797 1378/2873/1808
f 1391/2853/1797 1384/2874/1809 1378/2873/1808
f 1374/2862/1803 1367/2872/1807 1361/2861/1802
f 1367/2872/1807 1358/2863/1804 1361/2861/1802
f 1367/2872/1807 1374/2862/1803 1378/2873/1808
f 1367/2872/1807 1378/2873/1808 1381/2875/1810
f 1378/2873/1808 1384/2874/1809 1381/2875/1810
f 1367/2872/1807 1381/2875/1810 1369/2876/1811
f 1332/2812/1761 1320/2785/1743 1333/2877/1764
f 1332/2843/1761 1333/2878/1764 1352/2842/1787
f 1333/2878/1764 1326/2879/1763 1348/2849/1793
f 1326/2879/1763 1356/2880/1812 1348/2849/1793
f 1326/2879/1763 1359/2881/1813 1356/2880/1812
f 1326/2879/1763 1331/2882/1766 1359/2881/1813
f 1352/2842/1787 1333/2878/1764 1348/2849/1793
f 1331/2882/1766 1351/2883/1814 1359/2881/1813
f 1331/2882/1766 1335/2884/1767 1351/2883/1814
f 1316/2816/1765 1318/2819/1768 1335/2818/1767
f 1351/2883/1814 1335/2884/1767 1349/2885/1815
f 1335/2884/1767 1318/2886/1768 1349/2885/1815
f 1359/2881/1813 1351/2883/1814 1362/2887/1816
f 1362/2887/1816 1351/2883/1814 1349/2885/1815
f 1364/2888/1817 1359/2881/1813 1362/2887/1816
f 1376/2889/1818 1356/2880/1812 1359/2881/1813
f 1348/2849/1793 1356/2880/1812 1377/2848/1792
f 1356/2880/1812 1376/2889/1818 1387/2890/1819
f 1377/2848/1792 1356/2880/1812 1387/2890/1819
f 1377/2848/1792 1387/2890/1819 1393/2850/1794
f 1387/2890/1819 1376/2889/1818 1392/2891/1820
f 1387/2890/1819 1389/2854/1798 1393/2850/1794
f 1387/2890/1819 1392/2891/1820 1388/2892/1821
f 1387/2890/1819 1388/2892/1821 1382/2893/1822
f 1387/2890/1819 1382/2893/1822 1389/2854/1798
f 1359/2881/1813 1364/2888/1817 1376/2889/1818
f 1364/2888/1817 1373/2894/1823 1376/2889/1818
f 1376/2889/1818 1373/2894/1823 1392/2891/1820
f 1373/2894/1823 1388/2892/1821 1392/2891/1820
f 1328/2895/1776 1362/2887/1816 1349/2885/1815
f 1328/2895/1776 1349/2885/1815 1318/2886/1768
f 1328/2895/1776 1344/2896/1824 1362/2887/1816
f 1328/2895/1776 1318/2886/1768 1322/2897/1774
f 1350/2898/1825 1365/2899/1826 1362/2887/1816
f 1350/2898/1825 1362/2887/1816 1344/2896/1824
f 1343/2900/1827 1336/2901/1769 1337/2870/1770
f 1343/2900/1827 1325/2902/1772 1336/2901/1769
f 1343/2900/1827 1344/2896/1824 1325/2902/1772
f 1343/2900/1827 1337/2870/1770 1355/2903/1828
f 1350/2898/1825 1355/2903/1828 1354/2904/1829
f 1337/2870/1770 1357/2871/1806 1355/2903/1828
f 1339/2867/1751 1357/2871/1806 1337/2870/1770
f 1357/2871/1806 1372/2905/1830 1355/2903/1828
f 1357/2871/1806 1369/2876/1811 1372/2905/1830
f 1355/2903/1828 1372/2905/1830 1354/2904/1829
f 1344/2896/1824 1328/2895/1776 1325/2902/1772
f 1355/2903/1828 1350/2898/1825 1343/2900/1827
f 1344/2896/1824 1343/2900/1827 1350/2898/1825
f 1354/2904/1829 1372/2905/1830 1368/2906/1831
f 1350/2898/1825 1354/2904/1829 1368/2906/1831
f 1350/2898/1825 1368/2906/1831 1365/2899/1826
f 1384/2874/1809 1389/2854/1798 1382/2893/1822
f 1372/2905/1830 1384/2874/1809 1382/2893/1822
f 1382/2893/1822 1380/2907/1832 1372/2905/1830
f 1380/2907/1832 1365/2899/1826 1372/2905/1830
f 1391/2853/1797 1389/2854/1798 1384/2874/1809
f 1364/2888/1817 1362/2887/1816 1380/2907/1832
f 1364/2888/1817 1388/2892/1821 1373/2894/1823
f 1362/2887/1816 1365/2899/1826 1380/2907/1832
f 1364/2888/1817 1380/2907/1832 1388/2892/1821
f 1382/2893/1822 1388/2892/1821 1380/2907/1832
f 1372/2905/1830 1369/2876/1811 1384/2874/1809
f 1381/2875/1810 1384/2874/1809 1369/2876/1811
f 1367/2872/1807 1369/2876/1811 1357/2871/1806
f 1372/2905/1830 1365/2899/1826 1368/2906/1831
f 1394/2908/1734 1395/2910/1833 1256/2909/1708
f 1394/2908/1734 1400/2911/1834 1395/2910/1833
f 1256/2909/1708 1395/2910/1833 1255/2912/1726
f 1395/2910/1833 1398/2913/1835 1255/2912/1726
f 1395/2910/1833 1400/2911/1834 1403/2914/1836
f 1394/2908/1734 1420/2915/1837 1400/2911/1834
f 1394/2908/1734 1428/2916/1745 1420/2915/1837
f 1400/2911/1834 1418/2918/1839 1405/2917/1838
f 1400/2911/1834 1420/2915/1837 1418/2918/1839
f 1400/2911/1834 1405/2917/1838 1403/2914/1836
f 1405/2917/1838 1423/2920/1841 1409/2919/1840
f 1405/2917/1838 1409/2919/1840 1413/2921/1842
f 1418/2918/1839 1423/2920/1841 1405/2917/1838
f 1423/2920/1841 1422/2923/1844 1410/2922/1843
f 1409/2919/1840 1423/2920/1841 1410/2922/1843
f 1244/2924/1725 1261/2926/1728 1396/2925/1755
f 1401/2927/1845 1396/2925/1755 1402/2928/1846
f 1396/2925/1755 1399/2929/1847 1402/2928/1846
f 1407/2930/1848 1425/2932/1771 1424/2931/1849
f 1424/2931/1849 1401/2927/1845 1407/2930/1848
f 1265/2933/1754 1396/2925/1755 1305/2934/1758
f 1396/2925/1755 1401/2927/1845 1419/2935/1775
f 1396/2925/1755 1419/2935/1775 1305/2934/1758
f 1401/2927/1845 1424/2931/1849 1419/2935/1775
f 1402/2928/1846 1407/2930/1848 1401/2927/1845
f 1410/2922/1843 1422/2923/1844 1407/2930/1848
f 1409/2919/1840 1410/2922/1843 1413/2921/1842
f 1411/2936/1850 1413/2921/1842 1410/2922/1843
f 1402/2928/1846 1411/2936/1850 1407/2930/1848
f 1407/2930/1848 1411/2936/1850 1410/2922/1843
f 1422/2923/1844 1425/2932/1771 1407/2930/1848
f 1411/2936/1850 1402/2928/1846 1404/2937/1851
f 1399/2929/1847 1404/2937/1851 1402/2928/1846
f 1255/2912/1726 1398/2913/1835 1397/2938/1852
f 1395/2910/1833 1403/2914/1836 1398/2913/1835
f 1398/2913/1835 1403/2914/1836 1408/2939/1853
f 1403/2914/1836 1405/2917/1838 1408/2939/1853
f 1408/2939/1853 1405/2917/1838 1417/2940/1854
f 1413/2921/1842 1421/2941/1855 1405/2917/1838
f 1421/2941/1855 1417/2940/1854 1405/2917/1838
f 1408/2939/1853 1397/2942/1852 1398/2913/1835
f 1408/2939/1853 1406/2943/1856 1397/2942/1852
f 1406/2943/1856 1415/2945/1858 1427/2944/1857
f 1397/2946/1852 1406/2943/1856 1427/2944/1857
f 1408/2939/1853 1417/2940/1854 1406/2943/1856
f 1406/2943/1856 1417/2940/1854 1415/2945/1858
f 1261/2926/1728 1399/2929/1847 1396/2925/1755
f 1421/2941/1855 1413/2921/1842 1426/2947/1859
f 1411/2936/1850 1426/2947/1859 1413/2921/1842
f 1414/2948/1860 1426/2947/1859 1411/2936/1850
f 1411/2936/1850 1404/2937/1851 1414/2948/1860
f 1404/2937/1851 1399/2929/1847 1414/2948/1860
f 1399/2929/1847 1412/2949/1861 1414/2948/1860
f 1412/2949/1861 1416/2950/1862 1414/2948/1860
f 1261/2926/1728 1412/2949/1861 1399/2929/1847
f 1428/2916/1745 1418/2918/1839 1420/2915/1837
f 1428/2916/1745 1432/2952/1748 1434/2951/1750
f 1428/2916/1745 1434/2951/1750 1418/2918/1839
f 1434/2951/1750 1438/2953/1805 1423/2920/1841
f 1434/2951/1750 1423/2920/1841 1418/2918/1839
f 1422/2923/1844 1423/2920/1841 1425/2932/1771
f 1425/2932/1771 1433/2954/1773 1424/2931/1849
f 1337/2955/1770 1425/2932/1771 1438/2953/1805
f 1438/2953/1805 1425/2932/1771 1423/2920/1841
f 1433/2954/1773 1419/2935/1775 1424/2931/1849
f 1415/2945/1858 1436/2956/1863 1427/2944/1857
f 1427/2944/1857 1436/2956/1863 1509/2957/1864
f 1417/2940/1854 1431/2958/1865 1415/2945/1858
f 1426/2947/1859 1430/2959/1866 1421/2941/1855
f 1421/2941/1855 1430/2959/1866 1417/2940/1854
f 1430/2959/1866 1431/2958/1865 1417/2940/1854
f 1415/2945/1858 1431/2958/1865 1436/2956/1863
f 1430/2959/1866 1439/2960/1867 1431/2958/1865
f 1435/2961/1868 1439/2960/1867 1430/2959/1866
f 1435/2961/1868 1533/2962/1869 1439/2960/1867
f 1426/2947/1859 1414/2948/1860 1435/2961/1868
f 1414/2948/1860 1429/2963/1870 1435/2961/1868
f 1414/2948/1860 1416/2950/1862 1429/2963/1870
f 1426/2947/1859 1435/2961/1868 1430/2959/1866
f 1429/2963/1870 1416/2950/1862 1437/2964/1871
f 1416/2950/1862 1506/2965/1872 1437/2964/1871
f 1060/2966/1583 1214/2968/1680 1157/2967/1590
f 1157/2594/1590 1214/2969/1680 1175/2616/1629
f 1214/2968/1680 1222/2971/1684 1175/2970/1629
f 1155/2972/1591 1181/2974/1632 1197/2973/1589
f 1197/2973/1589 1181/2974/1632 1271/2975/1690
f 1271/2975/1690 1181/2974/1632 1273/2976/1873
f 1273/2976/1873 1280/2977/1691 1271/2975/1690
f 1175/2970/1629 1268/2979/1874 1179/2978/1650
f 1175/2970/1629 1274/2980/1875 1268/2979/1874
f 1175/2970/1629 1179/2978/1650 1173/2981/1628
f 1179/2978/1650 1268/2979/1874 1182/2982/1652
f 1268/2979/1874 1270/2983/1876 1182/2982/1652
f 1182/2982/1652 1270/2983/1876 1177/2984/1651
f 1270/2983/1876 1269/2985/1877 1177/2984/1651
f 1222/2971/1684 1274/2980/1875 1175/2970/1629
f 1274/2980/1875 1283/2987/1879 1285/2986/1878
f 1285/2986/1878 1275/2988/1880 1274/2980/1875
f 1268/2979/1874 1274/2980/1875 1275/2988/1880
f 1268/2979/1874 1276/2989/1881 1270/2983/1876
f 1275/2988/1880 1276/2989/1881 1268/2979/1874
f 1276/2989/1881 1278/2990/1882 1270/2983/1876
f 1270/2983/1876 1278/2990/1882 1269/2985/1877
f 1181/2974/1632 1267/2991/1883 1273/2976/1873
f 1272/2992/1884 1180/2993/1657 1269/2985/1877
f 1180/2993/1657 1178/2994/1653 1269/2985/1877
f 1180/2993/1657 1272/2992/1884 1176/2995/1656
f 1269/2985/1877 1178/2994/1653 1177/2984/1651
f 1272/2992/1884 1267/2991/1883 1176/2995/1656
f 1181/2974/1632 1174/2996/1633 1267/2991/1883
f 1174/2996/1633 1176/2995/1656 1267/2991/1883
f 1282/2997/1885 1273/2976/1873 1279/2998/1886
f 1269/2985/1877 1277/2999/1887 1272/2992/1884
f 1272/2992/1884 1277/2999/1887 1267/2991/1883
f 1277/2999/1887 1279/2998/1886 1267/2991/1883
f 1267/2991/1883 1279/2998/1886 1273/2976/1873
f 1277/2999/1887 1269/2985/1877 1281/3000/1888
f 1278/2990/1882 1281/3000/1888 1269/2985/1877
f 1222/2971/1684 1255/3002/1726 1294/3001/1889
f 1294/3001/1889 1283/2987/1879 1222/2971/1684
f 1286/3003/1890 1288/3004/1727 1280/2977/1691
f 1280/2977/1691 1273/2976/1873 1286/3003/1890
f 1222/2971/1684 1283/2987/1879 1274/2980/1875
f 1285/2986/1878 1284/3005/1891 1275/2988/1880
f 1275/2988/1880 1284/3005/1891 1276/2989/1881
f 1276/2989/1881 1284/3005/1891 1278/2990/1882
f 1278/2990/1882 1284/3005/1891 1281/3000/1888
f 1283/2987/1879 1294/3001/1889 1285/2986/1878
f 1285/2986/1878 1294/3001/1889 1295/3006/1892
f 1285/2986/1878 1295/3006/1892 1292/3007/1893
f 1285/2986/1878 1292/3007/1893 1284/3005/1891
f 1284/3005/1891 1292/3007/1893 1291/3008/1894
f 1284/3005/1891 1291/3008/1894 1287/3009/1895
f 1273/2976/1873 1282/2997/1885 1286/3003/1890
f 1281/3000/1888 1287/3009/1895 1277/2999/1887
f 1281/3000/1888 1284/3005/1891 1287/3009/1895
f 1279/2998/1886 1277/2999/1887 1287/3009/1895
f 1279/2998/1886 1287/3009/1895 1282/2997/1885
f 1287/3009/1895 1291/3008/1894 1290/3010/1896
f 1290/3010/1896 1293/3011/1897 1287/3009/1895
f 1287/3009/1895 1293/3011/1897 1282/2997/1885
f 1282/2997/1885 1293/3011/1897 1289/3012/1898
f 1289/3012/1898 1288/3004/1727 1286/3003/1890
f 1286/3003/1890 1282/2997/1885 1289/3012/1898
f 1294/3013/1889 1255/3015/1726 1397/3014/1852
f 1294/3013/1889 1397/3014/1852 1503/3016/1899
f 1294/3013/1889 1503/3016/1899 1295/3017/1892
f 1292/3018/1893 1501/3020/1901 1498/3019/1900
f 1501/3020/1901 1292/3018/1893 1295/3017/1892
f 1292/3018/1893 1498/3019/1900 1291/3021/1894
f 1291/3021/1894 1498/3019/1900 1290/3022/1896
f 1503/3016/1899 1501/3020/1901 1295/3017/1892
f 1427/3023/1857 1509/3024/1864 1397/3014/1852
f 1397/3014/1852 1511/3025/1902 1503/3016/1899
f 1503/3016/1899 1511/3025/1902 1504/3026/1903
f 1501/3020/1901 1504/3026/1903 1498/3019/1900
f 1504/3026/1903 1501/3020/1901 1503/3016/1899
f 1504/3026/1903 1508/3027/1904 1498/3019/1900
f 1498/3019/1900 1508/3027/1904 1505/3028/1905
f 1288/3029/1727 1499/3031/1906 1261/3030/1728
f 1289/3032/1898 1502/3033/1907 1499/3031/1906
f 1293/3034/1897 1500/3035/1908 1289/3032/1898
f 1293/3034/1897 1290/3022/1896 1500/3035/1908
f 1505/3028/1905 1500/3035/1908 1290/3022/1896
f 1498/3019/1900 1505/3028/1905 1290/3022/1896
f 1500/3035/1908 1502/3033/1907 1289/3032/1898
f 1288/3029/1727 1289/3032/1898 1499/3031/1906
f 1261/3030/1728 1499/3031/1906 1412/3036/1861
f 1507/3037/1909 1502/3033/1907 1500/3035/1908
f 1505/3028/1905 1510/3038/1910 1500/3035/1908
f 1506/3039/1872 1412/3036/1861 1499/3031/1906
f 1416/3040/1862 1412/3036/1861 1506/3039/1872
f 1499/3031/1906 1502/3033/1907 1507/3037/1909
f 1509/3024/1864 1511/3025/1902 1397/3014/1852
f 1504/3026/1903 1513/3041/1911 1508/3027/1904
f 1504/3026/1903 1511/3025/1902 1513/3041/1911
f 1509/3024/1864 1436/3043/1863 1527/3042/1912
f 1511/3025/1902 1509/3024/1864 1518/3044/1913
f 1511/3025/1902 1518/3044/1913 1513/3041/1911
f 1508/3027/1904 1510/3038/1910 1505/3028/1905
f 1525/3045/1914 1518/3044/1913 1509/3024/1864
f 1518/3044/1913 1519/3046/1915 1513/3041/1911
f 1513/3041/1911 1519/3046/1915 1508/3027/1904
f 1508/3027/1904 1519/3046/1915 1510/3038/1910
f 1519/3046/1915 1520/3047/1916 1510/3038/1910
f 1519/3046/1915 1526/3048/1917 1520/3047/1916
f 1436/3043/1863 1530/3049/1918 1527/3042/1912
f 1509/3024/1864 1527/3042/1912 1525/3045/1914
f 1436/3043/1863 1431/3050/1865 1530/3049/1918
f 1530/3049/1918 1431/3050/1865 1532/3051/1919
f 1431/3050/1865 1439/3052/1867 1532/3051/1919
f 1532/3051/1919 1439/3052/1867 1538/3053/1920
f 1439/3052/1867 1533/3054/1869 1538/3053/1920
f 1525/3045/1914 1527/3042/1912 1528/3055/1921
f 1525/3045/1914 1528/3055/1921 1518/3044/1913
f 1518/3044/1913 1528/3055/1921 1519/3046/1915
f 1528/3055/1921 1516/3056/1922 1519/3046/1915
f 1519/3046/1915 1516/3056/1922 1526/3048/1917
f 1532/3051/1919 1527/3042/1912 1530/3049/1918
f 1538/3053/1920 1533/3054/1869 1537/3057/1923
f 1532/3051/1919 1535/3058/1924 1527/3042/1912
f 1538/3053/1920 1535/3058/1924 1532/3051/1919
f 1510/3038/1910 1512/3059/1925 1500/3035/1908
f 1512/3059/1925 1507/3037/1909 1500/3035/1908
f 1512/3059/1925 1514/3060/1926 1507/3037/1909
f 1506/3039/1872 1499/3031/1906 1507/3037/1909
f 1512/3059/1925 1523/3061/1927 1514/3060/1926
f 1523/3061/1927 1506/3039/1872 1507/3037/1909
f 1437/3062/1871 1506/3039/1872 1524/3063/1928
f 1506/3039/1872 1529/3064/1929 1524/3063/1928
f 1507/3037/1909 1514/3060/1926 1523/3061/1927
f 1506/3039/1872 1523/3061/1927 1529/3064/1929
f 1510/3038/1910 1520/3047/1916 1512/3059/1925
f 1512/3059/1925 1520/3047/1916 1523/3061/1927
f 1429/3065/1870 1533/3067/1869 1435/3066/1868
f 1429/3065/1870 1531/3068/1930 1533/3067/1869
f 1437/3062/1871 1524/3063/1928 1429/3065/1870
f 1531/3068/1930 1429/3065/1870 1524/3063/1928
f 1531/3068/1930 1534/3069/1931 1533/3067/1869
f 1531/3068/1930 1536/3070/1932 1534/3069/1931
f 1534/3069/1931 1537/3071/1923 1533/3067/1869
f 1524/3063/1928 1536/3070/1932 1531/3068/1930
f 1524/3063/1928 1529/3064/1929 1536/3070/1932
f 1470/3072/1933 1536/3070/1932 1529/3064/1929
f 1521/3073/1934 1516/3056/1922 1528/3055/1921
f 1452/3074/1935 1521/3073/1934 1522/3075/1936
f 1521/3073/1934 1452/3074/1935 1456/3076/1937
f 1528/3055/1921 1522/3075/1936 1521/3073/1934
f 1460/3077/1938 1522/3075/1936 1466/3078/1939
f 1521/3073/1934 1456/3076/1937 1516/3056/1922
f 1456/3076/1937 1443/3079/1940 1516/3056/1922
f 1528/3055/1921 1527/3042/1912 1522/3075/1936
f 1466/3078/1939 1522/3075/1936 1527/3042/1912
f 1527/3042/1912 1535/3058/1924 1466/3078/1939
f 1538/3053/1920 1537/3057/1923 1535/3058/1924
f 1535/3058/1924 1537/3057/1923 1483/3080/1941
f 1471/3081/1942 1535/3058/1924 1476/3082/1943
f 1471/3081/1942 1466/3078/1939 1535/3058/1924
f 1476/3082/1943 1535/3058/1924 1483/3080/1941
f 1526/3048/1917 1515/3083/1944 1520/3047/1916
f 1516/3056/1922 1515/3083/1944 1526/3048/1917
f 1516/3056/1922 1443/3079/1940 1515/3083/1944
f 1443/3079/1940 1447/3084/1945 1515/3083/1944
f 1449/3085/1946 1517/3086/1947 1447/3084/1945
f 1447/3084/1945 1517/3086/1947 1515/3083/1944
f 1449/3085/1946 1457/3087/1948 1517/3086/1947
f 1520/3047/1916 1517/3086/1947 1523/3061/1927
f 1515/3083/1944 1517/3086/1947 1520/3047/1916
f 1483/3088/1941 1537/3071/1923 1534/3069/1931
f 1529/3064/1929 1523/3061/1927 1517/3086/1947
f 1517/3086/1947 1470/3072/1933 1529/3064/1929
f 1534/3069/1931 1536/3070/1932 1474/3089/1949
f 1470/3072/1933 1474/3089/1949 1536/3070/1932
f 1477/3090/1950 1472/3091/1951 1534/3069/1931
f 1472/3091/1951 1483/3088/1941 1534/3069/1931
f 1477/3090/1950 1534/3069/1931 1474/3089/1949
f 1517/3086/1947 1457/3087/1948 1470/3072/1933
f 1452/3092/1935 1445/3094/1952 1456/3093/1937
f 1443/3095/1940 1456/3093/1937 1445/3094/1952
f 1443/3095/1940 1440/3097/1954 1441/3096/1953
f 1452/3092/1935 1444/3098/1955 1445/3094/1952
f 1445/3094/1952 1440/3097/1954 1443/3095/1940
f 1452/3092/1935 1522/3100/1936 1460/3099/1938
f 1452/3092/1935 1460/3099/1938 1455/3101/1956
f 1455/3101/1956 1460/3099/1938 1459/3102/1957
f 1466/3103/1939 1471/3104/1942 1460/3099/1938
f 1471/3104/1942 1464/3105/1958 1460/3099/1938
f 1471/3104/1942 1476/3106/1943 1464/3105/1958
f 1460/3099/1938 1464/3105/1958 1459/3102/1957
f 1452/3092/1935 1455/3101/1956 1444/3098/1955
f 1444/3098/1955 1455/3101/1956 1453/3107/1959
f 1444/3098/1955 1440/3097/1954 1445/3094/1952
f 1440/3097/1954 1442/3108/1960 1441/3096/1953
f 1459/3102/1957 1468/3109/1961 1455/3101/1956
f 1443/3095/1940 1441/3096/1953 1447/3110/1945
f 1447/3110/1945 1448/3112/1963 1446/3111/1962
f 1449/3113/1946 1446/3111/1962 1457/3114/1948
f 1447/3110/1945 1446/3111/1962 1449/3113/1946
f 1477/3115/1950 1462/3117/1965 1465/3116/1964
f 1465/3116/1964 1472/3118/1951 1477/3115/1950
f 1462/3117/1965 1461/3119/1966 1465/3116/1964
f 1457/3114/1948 1462/3117/1965 1474/3120/1949
f 1457/3114/1948 1474/3120/1949 1470/3121/1933
f 1457/3114/1948 1458/3122/1967 1461/3119/1966
f 1462/3117/1965 1457/3114/1948 1461/3119/1966
f 1441/3096/1953 1448/3112/1963 1447/3110/1945
f 1441/3096/1953 1451/3123/1968 1448/3112/1963
f 1457/3114/1948 1446/3111/1962 1458/3122/1967
f 1446/3111/1962 1454/3124/1969 1458/3122/1967
f 1458/3122/1967 1475/3125/1970 1461/3119/1966
f 1464/3105/1958 1476/3106/1943 1473/3126/1971
f 1476/3106/1943 1483/3127/1941 1473/3126/1971
f 1464/3105/1958 1473/3126/1971 1478/3128/1972
f 1473/3126/1971 1490/3130/1974 1485/3129/1973
f 1459/3102/1957 1478/3128/1972 1479/3131/1975
f 1459/3102/1957 1479/3131/1975 1468/3109/1961
f 1459/3102/1957 1464/3105/1958 1478/3128/1972
f 1473/3126/1971 1485/3129/1973 1478/3128/1972
f 1479/3131/1975 1478/3128/1972 1489/3132/1976
f 1485/3129/1973 1489/3132/1976 1478/3128/1972
f 1485/3129/1973 1496/3133/1977 1489/3132/1976
f 1483/3127/1941 1472/3118/1951 1473/3126/1971
f 1472/3118/1951 1480/3134/1978 1490/3130/1974
f 1472/3118/1951 1465/3116/1964 1480/3134/1978
f 1473/3126/1971 1472/3118/1951 1490/3130/1974
f 1474/3120/1949 1462/3117/1965 1477/3115/1950
f 1465/3116/1964 1461/3119/1966 1480/3134/1978
f 1461/3119/1966 1475/3125/1970 1480/3134/1978
f 1458/3122/1967 1482/3135/1979 1475/3125/1970
f 1490/3130/1974 1496/3133/1977 1485/3129/1973
f 1490/3130/1974 1480/3134/1978 1496/3133/1977
f 1480/3134/1978 1491/3137/1981 1495/3136/1980
f 1480/3134/1978 1495/3136/1980 1496/3133/1977
f 1475/3125/1970 1491/3137/1981 1480/3134/1978
f 1444/3098/1955 1453/3107/1959 1440/3097/1954
f 1453/3107/1959 1450/3138/1982 1440/3097/1954
f 1440/3097/1954 1450/3138/1982 1442/3108/1960
f 1455/3101/1956 1463/3139/1983 1453/3107/1959
f 1453/3107/1959 1463/3139/1983 1450/3138/1982
f 1463/3139/1983 1469/3140/1984 1450/3138/1982
f 1450/3138/1982 1469/3140/1984 1442/3108/1960
f 1442/3108/1960 1469/3140/1984 1467/3141/1985
f 1441/3096/1953 1442/3108/1960 1451/3123/1968
f 1448/3112/1963 1451/3123/1968 1454/3124/1969
f 1448/3112/1963 1454/3124/1969 1446/3111/1962
f 1442/3108/1960 1467/3141/1985 1451/3123/1968
f 1451/3123/1968 1467/3141/1985 1454/3124/1969
f 1454/3124/1969 1467/3141/1985 1481/3142/1986
f 1454/3124/1969 1482/3135/1979 1458/3122/1967
f 1481/3142/1986 1482/3135/1979 1454/3124/1969
f 1455/3101/1956 1468/3109/1961 1463/3139/1983
f 1479/3131/1975 1489/3132/1976 1468/3109/1961
f 1489/3132/1976 1492/3143/1987 1468/3109/1961
f 1492/3143/1987 1489/3132/1976 1493/3144/1988
f 1489/3132/1976 1496/3133/1977 1493/3144/1988
f 1468/3109/1961 1488/3145/1989 1463/3139/1983
f 1463/3139/1983 1488/3145/1989 1469/3140/1984
f 1469/3140/1984 1488/3145/1989 1486/3146/1990
f 1469/3140/1984 1486/3146/1990 1467/3141/1985
f 1468/3109/1961 1492/3143/1987 1488/3145/1989
f 1488/3145/1989 1493/3144/1988 1486/3146/1990
f 1488/3145/1989 1492/3143/1987 1493/3144/1988
f 1486/3146/1990 1493/3144/1988 1497/3147/1991
f 1496/3133/1977 1497/3147/1991 1493/3144/1988
f 1491/3137/1981 1494/3148/1992 1495/3136/1980
f 1475/3125/1970 1482/3135/1979 1491/3137/1981
f 1491/3137/1981 1482/3135/1979 1494/3148/1992
f 1467/3141/1985 1486/3146/1990 1487/3149/1993
f 1467/3141/1985 1484/3150/1994 1481/3142/1986
f 1467/3141/1985 1487/3149/1993 1484/3150/1994
f 1481/3142/1986 1484/3150/1994 1482/3135/1979
f 1495/3136/1980 1497/3147/1991 1496/3133/1977
f 1497/3147/1991 1495/3136/1980 1487/3149/1993
f 1495/3136/1980 1494/3148/1992 1487/3149/1993
f 1487/3149/1993 1486/3146/1990 1497/3147/1991
f 1494/3148/1992 1484/3150/1994 1487/3149/1993
f 1482/3135/1979 1484/3150/1994 1494/3148/1992
