# Blender 5.2.0 LTS
# www.blender.org
mtllib redbull can v6.mtl
o Cylinder_Material.001_0
v 0.485893 0.557352 0.070506
v 0.471239 0.557379 0.070865
v 0.486777 0.557336 0.089010
v 0.456104 0.557398 0.063476
v 0.458580 0.557388 0.075421
v 0.437185 0.556946 0.089102
v 0.472700 0.557043 0.100154
v 0.492888 0.556740 0.095722
v 0.485893 0.557352 -0.066885
v 0.486777 0.557336 -0.085389
v 0.471239 0.557379 -0.067244
v 0.456104 0.557398 -0.059855
v 0.458580 0.557388 -0.071800
v 0.437185 0.556946 -0.085481
v 0.492888 0.556740 -0.092101
v 0.472700 0.557043 -0.096533
v 0.370476 0.555572 0.003430
v 0.383654 0.555572 0.028788
v 0.375071 0.555572 0.019242
v 0.375071 0.555572 -0.012383
v 0.383654 0.555572 -0.021929
v 0.447367 0.562042 0.019380
v 0.449129 0.562042 0.003430
v 0.449129 0.562444 0.003430
v 0.436728 0.561967 0.035519
v 0.435351 0.561993 0.035168
v 0.435098 0.561952 0.035713
v 0.435943 0.563151 0.033265
v 0.436599 0.563163 0.031796
v 0.435823 0.562980 0.032861
v 0.436681 0.563140 0.033761
v 0.437422 0.562995 0.033573
v 0.438007 0.563130 0.032450
v 0.434469 0.562018 0.034018
v 0.434717 0.562224 0.033178
v 0.434286 0.562042 0.032820
v 0.436236 0.562641 0.034624
v 0.435265 0.562524 0.034048
v 0.437981 0.561948 0.035337
v 0.437349 0.562329 0.034900
v 0.447367 0.562042 -0.012521
v 0.436728 0.561967 -0.028660
v 0.435098 0.561952 -0.028854
v 0.435351 0.561993 -0.028309
v 0.435943 0.563151 -0.026406
v 0.435823 0.562980 -0.026001
v 0.436599 0.563163 -0.024937
v 0.436681 0.563140 -0.026902
v 0.438007 0.563130 -0.025591
v 0.437422 0.562995 -0.026714
v 0.434469 0.562018 -0.027159
v 0.434286 0.562042 -0.025961
v 0.434717 0.562224 -0.026319
v 0.436236 0.562641 -0.027765
v 0.435265 0.562524 -0.027188
v 0.437981 0.561948 -0.028478
v 0.437349 0.562329 -0.028041
v 0.451998 -0.676909 -0.253450
v 0.500082 -0.676909 -0.238864
v 0.491261 -0.693751 -0.217570
v 0.447501 -0.693751 -0.230844
v 0.544396 -0.676909 -0.215178
v 0.531590 -0.693751 -0.196013
v 0.583237 -0.676909 -0.183302
v 0.566939 -0.693751 -0.167003
v 0.615114 -0.676909 -0.144460
v 0.595949 -0.693751 -0.131655
v 0.638800 -0.676909 -0.100146
v 0.617505 -0.693751 -0.091325
v 0.653386 -0.676909 -0.052063
v 0.630779 -0.693751 -0.047566
v 0.658311 -0.676909 -0.002057
v 0.635262 -0.693751 -0.002057
v 0.658311 -0.676909 -0.002057
v 0.653386 -0.676909 0.047948
v 0.630779 -0.693751 0.043451
v 0.635262 -0.693751 -0.002057
v 0.638800 -0.676909 0.096031
v 0.617505 -0.693751 0.087211
v 0.615114 -0.676909 0.140345
v 0.595949 -0.693751 0.127540
v 0.583237 -0.676909 0.179187
v 0.566939 -0.693751 0.162889
v 0.544396 -0.676909 0.211064
v 0.531590 -0.693751 0.191899
v 0.500082 -0.676909 0.234750
v 0.491261 -0.693751 0.213455
v 0.451998 -0.676909 0.249336
v 0.447501 -0.693751 0.226729
v 0.401993 -0.676909 0.254261
v 0.401993 -0.693751 0.231211
v 0.351988 -0.676909 0.249336
v 0.356484 -0.693751 0.226729
v 0.303904 -0.676909 0.234750
v 0.312725 -0.693751 0.213455
v 0.259590 -0.676909 0.211064
v 0.272396 -0.693751 0.191899
v 0.220749 -0.676909 0.179187
v 0.237047 -0.693751 0.162889
v 0.188872 -0.676909 0.140345
v 0.208037 -0.693751 0.127540
v 0.165186 -0.676909 0.096031
v 0.186481 -0.693751 0.087211
v 0.150600 -0.676909 0.047948
v 0.173206 -0.693751 0.043451
v 0.145675 -0.676909 -0.002057
v 0.168724 -0.693751 -0.002057
v 0.150600 -0.676909 -0.052063
v 0.173206 -0.693751 -0.047566
v 0.165186 -0.676909 -0.100146
v 0.186481 -0.693751 -0.091325
v 0.188872 -0.676909 -0.144460
v 0.208037 -0.693751 -0.131655
v 0.220749 -0.676909 -0.183302
v 0.237047 -0.693751 -0.167003
v 0.259590 -0.676909 -0.215178
v 0.272396 -0.693751 -0.196013
v 0.303904 -0.676909 -0.238864
v 0.312725 -0.693751 -0.217570
v 0.182300 0.523784 0.088942
v 0.204274 0.523784 0.130054
v 0.209344 0.554210 0.126667
v 0.187932 0.554210 0.086609
v 0.351988 -0.676909 -0.253450
v 0.356484 -0.693751 -0.230844
v 0.401993 -0.676909 -0.258376
v 0.401993 -0.693751 -0.235326
v 0.625868 -0.702752 -0.046589
v 0.630254 -0.702752 -0.002057
v 0.629183 -0.713969 -0.002057
v 0.624818 -0.713969 -0.046380
v 0.178117 -0.702752 -0.046589
v 0.191107 -0.702752 -0.089409
v 0.192097 -0.713969 -0.088999
v 0.179168 -0.713969 -0.046380
v 0.401993 -0.702752 0.226204
v 0.357461 -0.702752 0.221818
v 0.357670 -0.713969 0.220767
v 0.401993 -0.713969 0.225133
v 0.173731 -0.702752 -0.002057
v 0.174803 -0.713969 -0.002057
v 0.528808 -0.702752 -0.191850
v 0.563398 -0.702752 -0.163463
v 0.562641 -0.713969 -0.162705
v 0.528213 -0.713969 -0.190959
v 0.563398 -0.702752 0.159348
v 0.528808 -0.702752 0.187735
v 0.528213 -0.713969 0.186844
v 0.562641 -0.713969 0.158590
v 0.212200 -0.702752 0.124758
v 0.191107 -0.702752 0.085295
v 0.192097 -0.713969 0.084885
v 0.213091 -0.713969 0.124163
v 0.314641 -0.702752 -0.212943
v 0.357461 -0.702752 -0.225933
v 0.357670 -0.713969 -0.224882
v 0.315051 -0.713969 -0.211954
v 0.630254 -0.702752 -0.002057
v 0.625868 -0.702752 0.042474
v 0.624818 -0.713969 0.042265
v 0.629183 -0.713969 -0.002057
v 0.314641 -0.702752 0.208829
v 0.315051 -0.713969 0.207839
v 0.212200 -0.702752 -0.128873
v 0.213091 -0.713969 -0.128277
v 0.591785 -0.702752 -0.128873
v 0.590895 -0.713969 -0.128277
v 0.489345 -0.702752 0.208829
v 0.488935 -0.713969 0.207839
v 0.178117 -0.702752 0.042474
v 0.179168 -0.713969 0.042265
v 0.612879 -0.702752 0.085295
v 0.611889 -0.713969 0.084885
v 0.275178 -0.702752 0.187735
v 0.275773 -0.713969 0.186844
v 0.240588 -0.702752 -0.163463
v 0.241345 -0.713969 -0.162705
v 0.612879 -0.702752 -0.089409
v 0.611889 -0.713969 -0.088999
v 0.446525 -0.702752 0.221818
v 0.446316 -0.713969 0.220767
v 0.401993 -0.702752 -0.230319
v 0.401993 -0.713969 -0.229247
v 0.591785 -0.702752 0.124758
v 0.590895 -0.713969 0.124163
v 0.240588 -0.702752 0.159348
v 0.241345 -0.713969 0.158590
v 0.275178 -0.702752 -0.191850
v 0.275773 -0.713969 -0.190959
v 0.489345 -0.702752 -0.212943
v 0.488935 -0.713969 -0.211954
v 0.611500 -0.713950 0.039616
v 0.599344 -0.713950 0.079688
v 0.589037 -0.705283 0.075419
v 0.600558 -0.705283 0.037440
v 0.446525 -0.702752 -0.225933
v 0.446316 -0.713969 -0.224882
v 0.360319 -0.713950 -0.211564
v 0.401993 -0.713950 -0.215669
v 0.401993 -0.705283 -0.204513
v 0.362496 -0.705283 -0.200623
v 0.483738 -0.713950 -0.199409
v 0.520669 -0.713950 -0.179669
v 0.514471 -0.705283 -0.170393
v 0.479469 -0.705283 -0.189102
v 0.553039 -0.713950 -0.153103
v 0.545151 -0.705283 -0.145215
v 0.579604 -0.713950 -0.120733
v 0.570328 -0.705283 -0.114536
v 0.599344 -0.713950 -0.083803
v 0.589037 -0.705283 -0.079534
v 0.611500 -0.713950 -0.043731
v 0.600558 -0.705283 -0.041554
v 0.615604 -0.713950 -0.002057
v 0.604448 -0.705283 -0.002057
v 0.614875 -0.717628 0.040288
v 0.619046 -0.717628 -0.002057
v 0.625392 -0.717628 -0.002057
v 0.621099 -0.717628 0.041526
v 0.615604 -0.713950 -0.002057
v 0.604448 -0.705283 -0.002057
v 0.579604 -0.713950 0.116619
v 0.570328 -0.705283 0.110421
v 0.553039 -0.713950 0.148989
v 0.545151 -0.705283 0.141100
v 0.520669 -0.713950 0.175554
v 0.514471 -0.705283 0.166278
v 0.483738 -0.713950 0.195294
v 0.479469 -0.705283 0.184987
v 0.443666 -0.713950 0.207450
v 0.441490 -0.705283 0.196508
v 0.401993 -0.713950 0.211554
v 0.401993 -0.705283 0.200398
v 0.360319 -0.713950 0.207450
v 0.362496 -0.705283 0.196508
v 0.320247 -0.713950 0.195294
v 0.324517 -0.705283 0.184987
v 0.283317 -0.713950 0.175554
v 0.289515 -0.705283 0.166278
v 0.250947 -0.713950 0.148989
v 0.258835 -0.705283 0.141100
v 0.224381 -0.713950 0.116619
v 0.233657 -0.705283 0.110421
v 0.204642 -0.713950 0.079688
v 0.214948 -0.705283 0.075419
v 0.192486 -0.713950 0.039616
v 0.203428 -0.705283 0.037440
v 0.188381 -0.713950 -0.002057
v 0.199537 -0.705283 -0.002057
v 0.192486 -0.713950 -0.043731
v 0.203428 -0.705283 -0.041554
v 0.204642 -0.713950 -0.083803
v 0.214948 -0.705283 -0.079534
v 0.224381 -0.713950 -0.120733
v 0.233657 -0.705283 -0.114536
v 0.250947 -0.713950 -0.153103
v 0.258835 -0.705283 -0.145215
v 0.283317 -0.713950 -0.179669
v 0.289515 -0.705283 -0.170393
v 0.320247 -0.713950 -0.199409
v 0.324517 -0.705283 -0.189102
v 0.305034 0.492571 -0.236138
v 0.310993 0.523784 -0.221751
v 0.355602 0.523784 -0.235283
v 0.352564 0.492571 -0.250556
v 0.444338 -0.717628 -0.214940
v 0.401993 -0.717628 -0.219110
v 0.401993 -0.717628 -0.225456
v 0.445576 -0.717628 -0.221164
v 0.514471 -0.705283 0.166278
v 0.479469 -0.705283 0.184987
v 0.508285 -0.704796 0.153937
v 0.545151 -0.705283 0.141100
v 0.189110 -0.717628 0.040288
v 0.201462 -0.717628 0.081005
v 0.195599 -0.717628 0.083434
v 0.182886 -0.717628 0.041526
v 0.602524 -0.717628 0.081005
v 0.608387 -0.717628 0.083434
v 0.184940 -0.717628 -0.002057
v 0.178594 -0.717628 -0.002057
v 0.582466 -0.717628 0.118531
v 0.587743 -0.717628 0.122057
v 0.189110 -0.717628 -0.044402
v 0.182886 -0.717628 -0.045640
v 0.555473 -0.717628 0.151422
v 0.559960 -0.717628 0.155910
v 0.201462 -0.717628 -0.085120
v 0.195599 -0.717628 -0.087548
v 0.522581 -0.717628 0.178416
v 0.526107 -0.717628 0.183692
v 0.221520 -0.717628 -0.122646
v 0.216243 -0.717628 -0.126171
v 0.485055 -0.717628 0.198474
v 0.487484 -0.717628 0.204337
v 0.359648 -0.717628 -0.214940
v 0.358410 -0.717628 -0.221164
v 0.248513 -0.717628 -0.155537
v 0.244026 -0.717628 -0.160024
v 0.444338 -0.717628 0.210825
v 0.445576 -0.717628 0.217049
v 0.485055 -0.717628 -0.202588
v 0.487484 -0.717628 -0.208451
v 0.281405 -0.717628 -0.182530
v 0.277879 -0.717628 -0.187807
v 0.401993 -0.717628 0.214996
v 0.401993 -0.717628 0.221342
v 0.522581 -0.717628 -0.182530
v 0.526107 -0.717628 -0.187807
v 0.318930 -0.717628 -0.202588
v 0.316502 -0.717628 -0.208451
v 0.359648 -0.717628 0.210825
v 0.358410 -0.717628 0.217049
v 0.555473 -0.717628 -0.155537
v 0.559960 -0.717628 -0.160024
v 0.318930 -0.717628 0.198474
v 0.316502 -0.717628 0.204337
v 0.582466 -0.717628 -0.122646
v 0.587743 -0.717628 -0.126171
v 0.443666 -0.713950 -0.211564
v 0.441490 -0.705283 -0.200623
v 0.281405 -0.717628 0.178416
v 0.277879 -0.717628 0.183692
v 0.602524 -0.717628 -0.085120
v 0.608387 -0.717628 -0.087548
v 0.248513 -0.717628 0.151422
v 0.244026 -0.717628 0.155910
v 0.614875 -0.717628 -0.044402
v 0.621099 -0.717628 -0.045640
v 0.221520 -0.717628 0.118531
v 0.216243 -0.717628 0.122057
v 0.619046 -0.717628 -0.002057
v 0.625392 -0.717628 -0.002057
v 0.446525 -0.702752 -0.225933
v 0.401993 -0.702752 -0.230319
v 0.489345 -0.702752 -0.212943
v 0.528808 -0.702752 -0.191850
v 0.563398 -0.702752 -0.163463
v 0.591785 -0.702752 -0.128873
v 0.612879 -0.702752 -0.089409
v 0.625868 -0.702752 -0.046589
v 0.630254 -0.702752 -0.002057
v 0.625868 -0.702752 0.042474
v 0.630254 -0.702752 -0.002057
v 0.612879 -0.702752 0.085295
v 0.591785 -0.702752 0.124758
v 0.563398 -0.702752 0.159348
v 0.528808 -0.702752 0.187735
v 0.489345 -0.702752 0.208829
v 0.446525 -0.702752 0.221818
v 0.401993 -0.702752 0.226204
v 0.357461 -0.702752 0.221818
v 0.314641 -0.702752 0.208829
v 0.275178 -0.702752 0.187735
v 0.240588 -0.702752 0.159348
v 0.212200 -0.702752 0.124758
v 0.191107 -0.702752 0.085295
v 0.178117 -0.702752 0.042474
v 0.173731 -0.702752 -0.002057
v 0.178117 -0.702752 -0.046589
v 0.191107 -0.702752 -0.089409
v 0.212200 -0.702752 -0.128873
v 0.240588 -0.702752 -0.163463
v 0.275178 -0.702752 -0.191850
v 0.314641 -0.702752 -0.212943
v 0.357461 -0.702752 -0.225933
v 0.401993 -0.669748 -0.261912
v 0.452688 -0.669748 -0.256919
v 0.501435 -0.669748 -0.242132
v 0.546361 -0.669748 -0.218119
v 0.585738 -0.669748 -0.185802
v 0.618054 -0.669748 -0.146425
v 0.642067 -0.669748 -0.101499
v 0.656855 -0.669748 -0.052752
v 0.661848 -0.669748 -0.002057
v 0.661848 -0.669748 -0.002057
v 0.656855 -0.669748 0.048638
v 0.642067 -0.669748 0.097385
v 0.618054 -0.669747 0.142310
v 0.585738 -0.669747 0.181688
v 0.546361 -0.669747 0.214004
v 0.501435 -0.669747 0.238017
v 0.452688 -0.669747 0.252804
v 0.401993 -0.669747 0.257798
v 0.351298 -0.669747 0.252804
v 0.302551 -0.669747 0.238017
v 0.257625 -0.669747 0.214004
v 0.218248 -0.669747 0.181688
v 0.185932 -0.669747 0.142310
v 0.161918 -0.669748 0.097385
v 0.147131 -0.669748 0.048638
v 0.142138 -0.669748 -0.002057
v 0.147131 -0.669748 -0.052752
v 0.161918 -0.669748 -0.101499
v 0.185932 -0.669748 -0.146425
v 0.218248 -0.669748 -0.185802
v 0.257625 -0.669748 -0.218119
v 0.302551 -0.669748 -0.242132
v 0.351298 -0.669748 -0.256919
v 0.441490 -0.705283 0.196508
v 0.465442 -0.703722 0.160403
v 0.401993 -0.705283 0.200398
v 0.418858 -0.702557 0.160366
v 0.362496 -0.705283 0.196508
v 0.370960 -0.702047 0.153954
v 0.324517 -0.705283 0.184987
v 0.324255 -0.702557 0.141548
v 0.289515 -0.705283 0.166278
v 0.281203 -0.703722 0.123755
v 0.258835 -0.705283 0.141100
v 0.244095 -0.704796 0.101386
v 0.233657 -0.705283 0.110421
v 0.214948 -0.705283 0.075419
v 0.532497 -0.703912 0.116789
v 0.570328 -0.705283 0.110421
v 0.486352 -0.700374 0.117934
v 0.434692 -0.696214 0.114015
v 0.380617 -0.694307 0.105406
v 0.327364 -0.696214 0.092666
v 0.278137 -0.700374 0.076517
v 0.235942 -0.703912 0.057801
v 0.203428 -0.705283 0.037440
v 0.551175 -0.703072 0.074970
v 0.589037 -0.705283 0.075419
v 0.503414 -0.696933 0.070733
v 0.448887 -0.689241 0.063128
v 0.391096 -0.685473 0.052727
v 0.333723 -0.689241 0.040220
v 0.280436 -0.696933 0.026380
v 0.234690 -0.703072 0.012018
v 0.199537 -0.705283 -0.002057
v 0.563600 -0.702727 0.030088
v 0.600558 -0.705283 0.037440
v 0.515974 -0.695462 0.020615
v 0.460898 -0.686068 0.009660
v 0.401993 -0.681133 -0.002057
v 0.343088 -0.686068 -0.013774
v 0.288011 -0.695462 -0.024730
v 0.240386 -0.702727 -0.034203
v 0.203428 -0.705283 -0.041554
v 0.569296 -0.703072 -0.016132
v 0.604448 -0.705283 -0.002057
v 0.523550 -0.696933 -0.030495
v 0.470263 -0.689241 -0.044335
v 0.412890 -0.685473 -0.056841
v 0.355099 -0.689241 -0.067243
v 0.300572 -0.696933 -0.074848
v 0.252811 -0.703072 -0.079085
v 0.214948 -0.705283 -0.079534
v 0.568044 -0.703912 -0.061915
v 0.600558 -0.705283 -0.041554
v 0.525849 -0.700374 -0.080632
v 0.476622 -0.696214 -0.096781
v 0.423369 -0.694307 -0.109520
v 0.369294 -0.696214 -0.118130
v 0.317634 -0.700374 -0.122048
v 0.271489 -0.703912 -0.120904
v 0.233657 -0.705283 -0.114536
v 0.559891 -0.704796 -0.105501
v 0.589037 -0.705283 -0.079534
v 0.522783 -0.703723 -0.127870
v 0.479730 -0.702557 -0.145663
v 0.433026 -0.702047 -0.158069
v 0.385128 -0.702557 -0.164480
v 0.338543 -0.703723 -0.164517
v 0.295701 -0.704796 -0.158052
v 0.258835 -0.705283 -0.145215
v 0.545151 -0.705283 -0.145215
v 0.570328 -0.705283 -0.114536
v 0.514471 -0.705283 -0.170393
v 0.479469 -0.705283 -0.189102
v 0.441490 -0.705283 -0.200623
v 0.401993 -0.705283 -0.204513
v 0.362496 -0.705283 -0.200623
v 0.324517 -0.705283 -0.189102
v 0.289515 -0.705283 -0.170393
v 0.451422 0.492571 -0.250556
v 0.448384 0.523784 -0.235283
v 0.492993 0.523784 -0.221751
v 0.498952 0.492571 -0.236138
v 0.612659 0.492571 0.138705
v 0.599711 0.523784 0.130054
v 0.570139 0.523784 0.166088
v 0.581150 0.492571 0.177099
v 0.148627 0.492571 -0.002058
v 0.164199 0.523784 -0.002058
v 0.168768 0.523784 -0.048449
v 0.153495 0.492571 -0.051487
v 0.636073 0.492571 0.094901
v 0.621686 0.523784 0.088942
v 0.153495 0.492571 0.047372
v 0.168768 0.523784 0.044334
v 0.650491 0.492571 0.047372
v 0.635218 0.523784 0.044334
v 0.167913 0.492571 0.094901
v 0.655359 0.492571 -0.002058
v 0.639787 0.523784 -0.002058
v 0.191327 0.492571 0.138705
v 0.650491 0.492571 -0.051487
v 0.635218 0.523784 -0.048449
v 0.639787 0.523784 -0.002058
v 0.655359 0.492571 -0.002058
v 0.222836 0.492571 0.177099
v 0.233847 0.523784 0.166088
v 0.534104 0.523784 -0.199776
v 0.542756 0.492571 -0.212724
v 0.636073 0.492571 -0.099017
v 0.621686 0.523784 -0.093057
v 0.261230 0.492571 0.208609
v 0.269882 0.523784 0.195661
v 0.612659 0.492571 -0.142820
v 0.599711 0.523784 -0.134169
v 0.305034 0.492571 0.232022
v 0.310993 0.523784 0.217635
v 0.581150 0.492571 -0.181215
v 0.570139 0.523784 -0.170203
v 0.352564 0.492571 0.246440
v 0.355602 0.523784 0.231167
v 0.401993 0.492571 0.251309
v 0.401993 0.523784 0.235736
v 0.261230 0.492571 -0.212724
v 0.269882 0.523784 -0.199776
v 0.451422 0.492571 0.246440
v 0.448384 0.523784 0.231167
v 0.222836 0.492571 -0.181215
v 0.233847 0.523784 -0.170203
v 0.498952 0.492571 0.232022
v 0.492993 0.523784 0.217635
v 0.191327 0.492571 -0.142820
v 0.204274 0.523784 -0.134169
v 0.542756 0.492571 0.208609
v 0.534104 0.523784 0.195661
v 0.167913 0.492571 -0.099017
v 0.182300 0.523784 -0.093057
v 0.401993 0.523784 -0.239852
v 0.401993 0.492571 -0.255424
v 0.168286 0.577029 -0.002058
v 0.172777 0.577029 -0.047652
v 0.168382 0.577029 -0.048526
v 0.163805 0.577029 -0.002058
v 0.633690 0.554210 -0.002058
v 0.629238 0.554210 0.043144
v 0.174747 0.554210 0.043144
v 0.616053 0.554210 0.086609
v 0.170295 0.554210 -0.002058
v 0.594642 0.554210 0.126667
v 0.174747 0.554210 -0.047260
v 0.565828 0.554210 0.161777
v 0.187932 0.554210 -0.090724
v 0.530717 0.554210 0.190592
v 0.209344 0.554210 -0.130782
v 0.490660 0.554210 0.212003
v 0.401993 0.554210 -0.233755
v 0.447195 0.554210 -0.229303
v 0.238158 0.554210 -0.165892
v 0.447195 0.554210 0.225188
v 0.490660 0.554210 -0.216118
v 0.273269 0.554210 -0.194707
v 0.401993 0.554210 0.229640
v 0.530717 0.554210 -0.194707
v 0.313326 0.554210 -0.216118
v 0.356791 0.554210 0.225188
v 0.565828 0.554210 -0.165892
v 0.356791 0.554210 -0.229303
v 0.313326 0.554210 0.212003
v 0.594642 0.554210 -0.130782
v 0.273269 0.554210 0.190592
v 0.616053 0.554210 -0.090724
v 0.238158 0.554210 0.161777
v 0.629238 0.554210 -0.047260
v 0.633690 0.554210 -0.002058
v 0.188606 0.575028 -0.090445
v 0.175462 0.575028 -0.047117
v 0.177925 0.568135 -0.046628
v 0.190925 0.568135 -0.089485
v 0.638221 0.559777 0.044931
v 0.642849 0.559777 -0.002058
v 0.642190 0.574882 -0.002058
v 0.637575 0.574882 0.044803
v 0.171024 0.575028 -0.002058
v 0.175462 0.575028 0.043002
v 0.177925 0.568135 0.042512
v 0.173535 0.568135 -0.002058
v 0.642849 0.559777 -0.002058
v 0.638221 0.559777 -0.049046
v 0.637575 0.574882 -0.048918
v 0.642190 0.574882 -0.002058
v 0.188606 0.575028 0.086330
v 0.190925 0.568135 0.085369
v 0.624515 0.559777 -0.094229
v 0.623906 0.574882 -0.093977
v 0.209950 0.575028 0.126262
v 0.212037 0.568135 0.124867
v 0.602258 0.559777 -0.135870
v 0.601710 0.574882 -0.135504
v 0.401993 0.559777 -0.242914
v 0.355004 0.559777 -0.238286
v 0.355133 0.574882 -0.237640
v 0.401993 0.574882 -0.242255
v 0.238674 0.575028 0.161262
v 0.240449 0.568135 0.159486
v 0.572304 0.559777 -0.172369
v 0.571838 0.574882 -0.171903
v 0.309821 0.559777 -0.224580
v 0.310073 0.574882 -0.223971
v 0.273674 0.575028 0.189986
v 0.275068 0.568135 0.187898
v 0.535806 0.559777 -0.202322
v 0.535439 0.574882 -0.201775
v 0.268180 0.559777 -0.202322
v 0.268546 0.574882 -0.201775
v 0.313605 0.575028 0.211329
v 0.314566 0.568135 0.209010
v 0.494165 0.559777 -0.224580
v 0.493912 0.574882 -0.223971
v 0.231682 0.559777 -0.172369
v 0.232148 0.574882 -0.171903
v 0.356933 0.575028 0.224473
v 0.357423 0.568135 0.222011
v 0.448982 0.559777 -0.238286
v 0.448853 0.574882 -0.237640
v 0.201728 0.559777 -0.135870
v 0.202276 0.574882 -0.135504
v 0.401993 0.575028 0.228911
v 0.401993 0.568135 0.226400
v 0.179471 0.559777 -0.094229
v 0.180079 0.574882 -0.093977
v 0.447053 0.575028 0.224473
v 0.446563 0.568135 0.222011
v 0.165765 0.559777 -0.049046
v 0.166411 0.574882 -0.048918
v 0.490381 0.575028 0.211329
v 0.489420 0.568135 0.209010
v 0.161137 0.559777 -0.002058
v 0.161795 0.574882 -0.002058
v 0.530312 0.575028 0.189986
v 0.528917 0.568135 0.187898
v 0.165765 0.559777 0.044931
v 0.166411 0.574882 0.044803
v 0.565312 0.575028 0.161262
v 0.563537 0.568135 0.159486
v 0.179471 0.559777 0.090114
v 0.180079 0.574882 0.089862
v 0.356791 0.554210 0.225188
v 0.401993 0.554210 0.229640
v 0.401993 0.554210 0.232930
v 0.356149 0.554210 0.228415
v 0.530717 0.554210 -0.194707
v 0.490660 0.554210 -0.216118
v 0.491919 0.554210 -0.219158
v 0.532545 0.554210 -0.197443
v 0.356791 0.554210 -0.229303
v 0.313326 0.554210 -0.216118
v 0.312067 0.554210 -0.219158
v 0.356149 0.554210 -0.232530
v 0.313326 0.554210 0.212003
v 0.312067 0.554210 0.215043
v 0.594642 0.554210 -0.130782
v 0.565828 0.554210 -0.165892
v 0.568154 0.554210 -0.168219
v 0.597378 0.554210 -0.132610
v 0.273269 0.554210 0.190592
v 0.271441 0.554210 0.193328
v 0.616053 0.554210 -0.090724
v 0.619093 0.554210 -0.091984
v 0.238158 0.554210 0.161777
v 0.235831 0.554210 0.164104
v 0.629238 0.554210 -0.047260
v 0.632466 0.554210 -0.047902
v 0.209344 0.554210 0.126667
v 0.206608 0.554210 0.128495
v 0.633690 0.554210 -0.002058
v 0.636981 0.554210 -0.002058
v 0.187932 0.554210 0.086609
v 0.184892 0.554210 0.087868
v 0.629238 0.554210 0.043144
v 0.633690 0.554210 -0.002058
v 0.636981 0.554210 -0.002058
v 0.632466 0.554210 0.043786
v 0.174747 0.554210 0.043144
v 0.171520 0.554210 0.043786
v 0.616053 0.554210 0.086609
v 0.619093 0.554210 0.087868
v 0.170295 0.554210 -0.002058
v 0.167005 0.554210 -0.002058
v 0.594642 0.554210 0.126667
v 0.597378 0.554210 0.128495
v 0.174747 0.554210 -0.047260
v 0.171520 0.554210 -0.047902
v 0.565828 0.554210 0.161777
v 0.568154 0.554210 0.164104
v 0.187932 0.554210 -0.090724
v 0.184892 0.554210 -0.091984
v 0.530717 0.554210 0.190592
v 0.532545 0.554210 0.193328
v 0.209344 0.554210 -0.130782
v 0.206608 0.554210 -0.132610
v 0.490660 0.554210 0.212003
v 0.491919 0.554210 0.215043
v 0.238158 0.554210 -0.165892
v 0.235831 0.554210 -0.168219
v 0.447195 0.554210 0.225188
v 0.447837 0.554210 0.228415
v 0.273269 0.554210 -0.194707
v 0.271441 0.554210 -0.197443
v 0.401993 0.554210 -0.233755
v 0.401993 0.554210 -0.237046
v 0.624515 0.559777 0.090114
v 0.623906 0.574882 0.089862
v 0.602258 0.559777 0.131755
v 0.601710 0.574882 0.131389
v 0.209950 0.575028 -0.130377
v 0.212037 0.568135 -0.128982
v 0.572304 0.559777 0.168254
v 0.571838 0.574882 0.167788
v 0.238674 0.575028 -0.165377
v 0.240449 0.568135 -0.163602
v 0.490381 0.575028 -0.215445
v 0.447053 0.575028 -0.228588
v 0.446563 0.568135 -0.226126
v 0.489420 0.568135 -0.213125
v 0.535806 0.559777 0.198207
v 0.535439 0.574882 0.197659
v 0.273674 0.575028 -0.194101
v 0.275068 0.568135 -0.192014
v 0.401993 0.577029 -0.235765
v 0.447587 0.577029 -0.231274
v 0.448461 0.577029 -0.235669
v 0.401993 0.577029 -0.240246
v 0.494165 0.559777 0.220465
v 0.493912 0.574882 0.219856
v 0.313605 0.575028 -0.215445
v 0.314566 0.568135 -0.213125
v 0.565312 0.575028 -0.165377
v 0.530312 0.575028 -0.194101
v 0.528917 0.568135 -0.192014
v 0.563537 0.568135 -0.163602
v 0.448982 0.559777 0.234171
v 0.448853 0.574882 0.233524
v 0.356933 0.575028 -0.228588
v 0.357423 0.568135 -0.226126
v 0.594036 0.575028 -0.130377
v 0.591949 0.568135 -0.128982
v 0.401993 0.559777 0.238799
v 0.401993 0.574882 0.238140
v 0.447195 0.554210 -0.229303
v 0.447837 0.554210 -0.232530
v 0.615380 0.575028 -0.090445
v 0.613060 0.568135 -0.089485
v 0.355004 0.559777 0.234171
v 0.355133 0.574882 0.233524
v 0.628523 0.575028 -0.047117
v 0.626061 0.568135 -0.046628
v 0.309821 0.559777 0.220465
v 0.310073 0.574882 0.219856
v 0.632961 0.575028 -0.002058
v 0.630451 0.568135 -0.002058
v 0.268180 0.559777 0.198207
v 0.268546 0.574882 0.197659
v 0.628523 0.575028 0.043002
v 0.632961 0.575028 -0.002058
v 0.630451 0.568135 -0.002058
v 0.626061 0.568135 0.042512
v 0.231682 0.559777 0.168254
v 0.232148 0.574882 0.167788
v 0.615380 0.575028 0.086330
v 0.613060 0.568135 0.085369
v 0.201728 0.559777 0.131755
v 0.202276 0.574882 0.131389
v 0.594036 0.575028 0.126262
v 0.591949 0.568135 0.124867
v 0.609825 0.563327 -0.088145
v 0.622627 0.563327 -0.045944
v 0.596313 0.577029 0.127783
v 0.567249 0.577029 0.163198
v 0.570417 0.577029 0.166367
v 0.600039 0.577029 0.130272
v 0.186076 0.577029 -0.091493
v 0.181936 0.577029 -0.093208
v 0.531834 0.577029 0.192263
v 0.534323 0.577029 0.195988
v 0.207673 0.577029 -0.131898
v 0.203947 0.577029 -0.134388
v 0.491429 0.577029 0.213859
v 0.493143 0.577029 0.217999
v 0.491429 0.577029 -0.217975
v 0.493143 0.577029 -0.222115
v 0.236737 0.577029 -0.167314
v 0.233569 0.577029 -0.170482
v 0.447587 0.577029 0.227159
v 0.448461 0.577029 0.231553
v 0.401993 0.575028 -0.233026
v 0.401993 0.568135 -0.230516
v 0.272152 0.577029 -0.196378
v 0.269663 0.577029 -0.200104
v 0.401993 0.577029 0.231649
v 0.401993 0.577029 0.236130
v 0.531834 0.577029 -0.196378
v 0.534323 0.577029 -0.200104
v 0.312557 0.577029 -0.217975
v 0.310842 0.577029 -0.222115
v 0.356399 0.577029 0.227159
v 0.355525 0.577029 0.231553
v 0.567249 0.577029 -0.167314
v 0.570417 0.577029 -0.170482
v 0.356399 0.577029 -0.231274
v 0.355525 0.577029 -0.235669
v 0.312557 0.577029 0.213859
v 0.310842 0.577029 0.217999
v 0.596313 0.577029 -0.131898
v 0.600039 0.577029 -0.134388
v 0.272152 0.577029 0.192263
v 0.269663 0.577029 0.195988
v 0.617910 0.577029 -0.091493
v 0.622050 0.577029 -0.093208
v 0.236737 0.577029 0.163198
v 0.233569 0.577029 0.166367
v 0.631209 0.577029 -0.047652
v 0.635604 0.577029 -0.048526
v 0.207673 0.577029 0.127783
v 0.203947 0.577029 0.130272
v 0.635700 0.577029 -0.002058
v 0.640181 0.577029 -0.002058
v 0.186076 0.577029 0.087378
v 0.181936 0.577029 0.089093
v 0.635700 0.577029 -0.002058
v 0.631209 0.577029 0.043536
v 0.635604 0.577029 0.044410
v 0.640181 0.577029 -0.002058
v 0.172777 0.577029 0.043536
v 0.168382 0.577029 0.044410
v 0.617910 0.577029 0.087378
v 0.622050 0.577029 0.089093
v 0.609825 0.563327 0.084029
v 0.622627 0.563327 0.041829
v 0.622627 0.553255 0.041829
v 0.609825 0.553255 0.084029
v 0.242925 0.563327 0.157010
v 0.214949 0.563327 0.122921
v 0.626949 0.563327 -0.002058
v 0.194160 0.563327 0.084029
v 0.626949 0.563327 -0.002058
v 0.181359 0.563327 0.041829
v 0.177037 0.563327 -0.002058
v 0.589037 0.563327 0.122921
v 0.181359 0.563327 -0.045944
v 0.561061 0.563327 0.157010
v 0.194160 0.563327 -0.088145
v 0.526972 0.563327 0.184987
v 0.214949 0.563327 -0.127037
v 0.488080 0.563327 0.205775
v 0.401993 0.563327 -0.227014
v 0.445880 0.563327 -0.222692
v 0.242925 0.563327 -0.161126
v 0.445880 0.563327 0.218576
v 0.488080 0.563327 -0.209890
v 0.277014 0.563327 -0.189102
v 0.401993 0.563327 0.222899
v 0.526972 0.563327 -0.189102
v 0.315906 0.563327 -0.209890
v 0.358106 0.563327 0.218576
v 0.561061 0.563327 -0.161126
v 0.358106 0.563327 -0.222692
v 0.315906 0.563327 0.205775
v 0.589037 0.563327 -0.127037
v 0.277014 0.563327 0.184987
v 0.187611 0.550514 -0.044701
v 0.183411 0.550514 -0.002058
v 0.185111 0.552173 -0.002058
v 0.189278 0.552173 -0.044369
v 0.181359 0.553255 0.041829
v 0.177037 0.553255 -0.002058
v 0.589037 0.553255 0.122921
v 0.181359 0.553255 -0.045944
v 0.561061 0.553255 0.157010
v 0.194160 0.553255 -0.088145
v 0.526972 0.553255 0.184987
v 0.214949 0.553255 -0.127037
v 0.488080 0.553255 0.205775
v 0.401993 0.553254 -0.227014
v 0.445880 0.553254 -0.222692
v 0.242925 0.553254 -0.161126
v 0.445880 0.553255 0.218576
v 0.488080 0.553254 -0.209890
v 0.277014 0.553254 -0.189102
v 0.401993 0.553255 0.222899
v 0.526972 0.553254 -0.189102
v 0.315906 0.553254 -0.209890
v 0.358106 0.553255 0.218576
v 0.561061 0.553254 -0.161126
v 0.358106 0.553254 -0.222692
v 0.315906 0.553255 0.205775
v 0.589037 0.553255 -0.127037
v 0.277014 0.553255 0.184987
v 0.609825 0.553255 -0.088145
v 0.242925 0.553255 0.157010
v 0.622627 0.553255 -0.045944
v 0.214949 0.553255 0.122921
v 0.626949 0.553255 -0.002058
v 0.194160 0.553255 0.084029
v 0.626949 0.553255 -0.002058
v 0.401993 0.550514 -0.220640
v 0.444636 0.550514 -0.216440
v 0.485641 0.550514 -0.204001
v 0.523431 0.550514 -0.183802
v 0.556554 0.550514 -0.156618
v 0.583737 0.550514 -0.123495
v 0.603936 0.550514 -0.085705
v 0.616375 0.550514 -0.044701
v 0.620575 0.550514 -0.002058
v 0.620575 0.550514 -0.002058
v 0.616375 0.550514 0.040586
v 0.603936 0.550514 0.081590
v 0.583737 0.550514 0.119380
v 0.556554 0.550514 0.152503
v 0.523431 0.550514 0.179687
v 0.485641 0.550514 0.199886
v 0.444636 0.550514 0.212324
v 0.401993 0.550514 0.216524
v 0.359350 0.550514 0.212324
v 0.318345 0.550514 0.199886
v 0.280555 0.550514 0.179687
v 0.247432 0.550514 0.152503
v 0.220249 0.550514 0.119380
v 0.200049 0.550514 0.081590
v 0.187611 0.550514 0.040586
v 0.183411 0.550514 -0.002058
v 0.187611 0.550514 -0.044701
v 0.200049 0.550514 -0.085705
v 0.220249 0.550514 -0.123495
v 0.247432 0.550514 -0.156618
v 0.280555 0.550514 -0.183802
v 0.318345 0.550514 -0.204001
v 0.359350 0.550514 -0.216440
v 0.485641 0.550514 -0.204001
v 0.444636 0.550514 -0.216440
v 0.444304 0.552173 -0.214772
v 0.484990 0.552173 -0.202430
v 0.556554 0.550514 0.152503
v 0.583737 0.550514 0.119380
v 0.582324 0.552173 0.118435
v 0.555352 0.552173 0.151301
v 0.200049 0.550514 -0.085705
v 0.201620 0.552173 -0.085055
v 0.523431 0.550514 0.179687
v 0.522486 0.552173 0.178273
v 0.220249 0.550514 -0.123495
v 0.221662 0.552173 -0.122551
v 0.485641 0.550514 0.199886
v 0.484990 0.552173 0.198315
v 0.247432 0.550514 -0.156618
v 0.248634 0.552173 -0.155416
v 0.444636 0.550514 0.212324
v 0.444304 0.552173 0.210657
v 0.280555 0.550514 -0.183802
v 0.281500 0.552173 -0.182388
v 0.401993 0.550514 0.216524
v 0.401993 0.552173 0.214824
v 0.401993 0.550514 -0.220640
v 0.359350 0.550514 -0.216440
v 0.359681 0.552173 -0.214772
v 0.401993 0.552173 -0.218940
v 0.318345 0.550514 -0.204001
v 0.318996 0.552173 -0.202430
v 0.359350 0.550514 0.212324
v 0.359681 0.552173 0.210657
v 0.556554 0.550514 -0.156618
v 0.523431 0.550514 -0.183802
v 0.522486 0.552173 -0.182388
v 0.555352 0.552173 -0.155416
v 0.318345 0.550514 0.199886
v 0.318996 0.552173 0.198315
v 0.583737 0.550514 -0.123495
v 0.582324 0.552173 -0.122551
v 0.280555 0.550514 0.179687
v 0.281500 0.552173 0.178273
v 0.603936 0.550514 -0.085705
v 0.602366 0.552173 -0.085055
v 0.247432 0.550514 0.152503
v 0.248634 0.552173 0.151301
v 0.616375 0.550514 -0.044701
v 0.614707 0.552173 -0.044369
v 0.220249 0.550514 0.119380
v 0.221662 0.552173 0.118435
v 0.620575 0.550514 -0.002058
v 0.618875 0.552173 -0.002058
v 0.200049 0.550514 0.081590
v 0.201620 0.552173 0.080939
v 0.616375 0.550514 0.040586
v 0.614707 0.552173 0.040254
v 0.187611 0.550514 0.040586
v 0.189278 0.552173 0.040254
v 0.603936 0.550514 0.081590
v 0.602366 0.552173 0.080939
v 0.401993 0.556182 -0.212483
v 0.443045 0.556182 -0.208440
v 0.482519 0.556182 -0.196465
v 0.518899 0.556182 -0.177020
v 0.550786 0.556182 -0.150851
v 0.576955 0.556182 -0.118964
v 0.596401 0.556182 -0.082584
v 0.608375 0.556182 -0.043110
v 0.612418 0.556182 -0.002058
v 0.608375 0.556182 0.038994
v 0.596401 0.556182 0.078469
v 0.576955 0.556182 0.114848
v 0.550786 0.556182 0.146736
v 0.518899 0.556182 0.172905
v 0.482519 0.556182 0.192350
v 0.443045 0.556182 0.204325
v 0.401993 0.556182 0.208368
v 0.360941 0.556182 0.204325
v 0.321467 0.556182 0.192350
v 0.285087 0.556182 0.172905
v 0.253200 0.556182 0.146736
v 0.227031 0.556182 0.114848
v 0.207585 0.556182 0.078469
v 0.195611 0.556182 0.038994
v 0.191567 0.556182 -0.002058
v 0.195611 0.556182 -0.043110
v 0.207585 0.556182 -0.082584
v 0.227031 0.556182 -0.118964
v 0.253200 0.556182 -0.150851
v 0.285087 0.556182 -0.177020
v 0.321467 0.556182 -0.196465
v 0.360941 0.556182 -0.208440
v 0.401993 0.555840 -0.240729
v 0.448555 0.555840 -0.236143
v 0.493329 0.555840 -0.222561
v 0.534592 0.555840 -0.200506
v 0.570759 0.555840 -0.170824
v 0.600441 0.555840 -0.134657
v 0.622497 0.555840 -0.093393
v 0.636078 0.555840 -0.048620
v 0.640664 0.555840 -0.002058
v 0.640664 0.555840 -0.002058
v 0.636078 0.555840 0.044505
v 0.622497 0.555840 0.089278
v 0.600441 0.555840 0.130541
v 0.570759 0.555840 0.166709
v 0.534592 0.555840 0.196391
v 0.493329 0.555840 0.218446
v 0.448555 0.555840 0.232028
v 0.401993 0.555840 0.236614
v 0.355430 0.555840 0.232028
v 0.310657 0.555840 0.218446
v 0.269394 0.555840 0.196391
v 0.233227 0.555840 0.166709
v 0.203545 0.555840 0.130541
v 0.181489 0.555840 0.089278
v 0.167907 0.555840 0.044505
v 0.163321 0.555840 -0.002058
v 0.167907 0.555840 -0.048620
v 0.181489 0.555840 -0.093393
v 0.203545 0.555840 -0.134657
v 0.233227 0.555840 -0.170824
v 0.269394 0.555840 -0.200506
v 0.310657 0.555840 -0.222561
v 0.355430 0.555840 -0.236143
v 0.501435 0.464826 -0.242132
v 0.452688 0.464826 -0.256919
v 0.585738 0.464826 0.181687
v 0.618054 0.464826 0.142310
v 0.147131 0.464826 -0.052753
v 0.142138 0.464826 -0.002058
v 0.642067 0.464826 0.097385
v 0.147131 0.464826 0.048638
v 0.656855 0.464826 0.048638
v 0.161918 0.464826 0.097385
v 0.661848 0.464826 -0.002058
v 0.185932 0.464826 0.142310
v 0.661848 0.464826 -0.002058
v 0.656855 0.464826 -0.052753
v 0.218248 0.464826 0.181687
v 0.546361 0.464826 -0.218119
v 0.642067 0.464826 -0.101500
v 0.257625 0.464826 0.214004
v 0.618054 0.464826 -0.146425
v 0.302551 0.464826 0.238017
v 0.585738 0.464826 -0.185803
v 0.351298 0.464826 0.252804
v 0.351298 0.464826 -0.256919
v 0.302551 0.464826 -0.242132
v 0.401993 0.464826 0.257797
v 0.257625 0.464826 -0.218119
v 0.452688 0.464826 0.252804
v 0.218248 0.464826 -0.185803
v 0.501435 0.464826 0.238017
v 0.185932 0.464826 -0.146425
v 0.546361 0.464826 0.214004
v 0.161918 0.464826 -0.101500
v 0.401993 0.464826 -0.261912
v 0.258629 0.557914 0.026994
v 0.463439 0.557407 0.028930
v 0.472228 0.557385 0.001811
v 0.255476 0.557914 0.001811
v 0.550438 0.557197 0.031163
v 0.540895 0.557229 0.031644
v 0.534876 0.557231 0.057635
v 0.542271 0.557197 0.058059
v 0.471447 0.557914 0.109550
v 0.471543 0.557723 0.104372
v 0.430978 0.557503 0.089193
v 0.319656 0.557914 0.077455
v 0.248438 0.554643 0.028082
v 0.245148 0.554643 0.001811
v 0.236709 0.557914 0.001811
v 0.239355 0.557914 0.028666
v 0.561558 0.554643 0.001811
v 0.560725 0.554643 0.031731
v 0.570343 0.557914 0.033785
v 0.574536 0.557914 0.001811
v 0.552335 0.554643 0.059359
v 0.563939 0.557914 0.059676
v 0.261236 0.554643 0.052672
v 0.251063 0.557914 0.053979
v 0.541565 0.554643 0.082310
v 0.549603 0.557914 0.089018
v 0.283339 0.554643 0.070507
v 0.271433 0.557914 0.076144
v 0.521716 0.554643 0.101615
v 0.528852 0.557914 0.107324
v 0.314946 0.554643 0.082805
v 0.306165 0.557914 0.090970
v 0.503306 0.554643 0.112055
v 0.470596 0.554643 0.115716
v 0.468619 0.557914 0.127652
v 0.506829 0.557914 0.121133
v 0.551255 0.557197 0.001811
v 0.270605 0.557914 0.050004
v 0.531993 0.557197 0.079962
v 0.290628 0.557914 0.066160
v 0.513549 0.557197 0.097900
v 0.498308 0.557197 0.106543
v 0.516577 0.557309 0.032869
v 0.521305 0.557299 0.001811
v 0.507786 0.554106 0.001126
v 0.505016 0.554114 0.031446
v 0.450989 0.557434 0.051355
v 0.472692 0.554178 0.063354
v 0.461542 0.554196 0.060116
v 0.523039 0.557228 0.080220
v 0.485069 0.554153 0.061594
v 0.536321 0.556715 0.032051
v 0.539367 0.556710 0.001811
v 0.504824 0.557230 0.096980
v 0.458488 0.557390 0.087662
v 0.516497 0.556713 0.080251
v 0.415372 0.557515 0.080133
v 0.530360 0.556713 0.056687
v 0.542892 0.557225 0.001811
v 0.425838 0.556963 0.077320
v 0.507272 0.557330 0.054379
v 0.496637 0.554133 0.048645
v 0.468354 0.554204 0.031395
v 0.457355 0.554227 0.051829
v 0.475053 0.554184 0.001811
v 0.258629 0.557914 -0.023373
v 0.463439 0.557407 -0.025309
v 0.550438 0.557197 -0.027542
v 0.542271 0.557196 -0.054438
v 0.534876 0.557231 -0.054014
v 0.540895 0.557229 -0.028023
v 0.471447 0.557914 -0.105928
v 0.319656 0.557914 -0.073833
v 0.430978 0.557503 -0.085572
v 0.471543 0.557723 -0.100751
v 0.248438 0.554643 -0.024461
v 0.239355 0.557914 -0.025045
v 0.570343 0.557914 -0.030164
v 0.560725 0.554643 -0.028109
v 0.563939 0.557914 -0.056055
v 0.552335 0.554642 -0.055738
v 0.261236 0.554643 -0.049051
v 0.251063 0.557914 -0.050357
v 0.549603 0.557914 -0.085397
v 0.541565 0.554642 -0.078688
v 0.283339 0.554642 -0.066886
v 0.271433 0.557914 -0.072523
v 0.528852 0.557914 -0.103703
v 0.521716 0.554642 -0.097994
v 0.314946 0.554642 -0.079184
v 0.306165 0.557914 -0.087349
v 0.503306 0.554642 -0.108434
v 0.506829 0.557914 -0.117511
v 0.468619 0.557914 -0.124030
v 0.470596 0.554642 -0.112095
v 0.270605 0.557914 -0.046383
v 0.531993 0.557196 -0.076340
v 0.290628 0.557914 -0.062539
v 0.513549 0.557196 -0.094279
v 0.498308 0.557196 -0.102922
v 0.516577 0.557309 -0.029248
v 0.505016 0.554114 -0.027825
v 0.450989 0.557433 -0.047734
v 0.461542 0.554196 -0.056494
v 0.472692 0.554178 -0.059733
v 0.523039 0.557228 -0.076598
v 0.485069 0.554153 -0.057973
v 0.536321 0.556715 -0.028430
v 0.504824 0.557229 -0.093359
v 0.458488 0.557390 -0.084041
v 0.516497 0.556713 -0.076630
v 0.415372 0.557514 -0.076512
v 0.530360 0.556713 -0.053066
v 0.425838 0.556963 -0.073699
v 0.507272 0.557330 -0.050758
v 0.496637 0.554133 -0.045024
v 0.457355 0.554227 -0.048207
v 0.468354 0.554204 -0.027774
v 0.546361 -0.661912 -0.218119
v 0.501435 -0.661912 -0.242132
v 0.546361 -0.661912 0.214004
v 0.585738 -0.661912 0.181688
v 0.161918 -0.661912 -0.101499
v 0.147131 -0.661912 -0.052752
v 0.618054 -0.661912 0.142310
v 0.142138 -0.661912 -0.002057
v 0.642067 -0.661912 0.097385
v 0.147131 -0.661912 0.048638
v 0.656855 -0.661912 0.048638
v 0.161918 -0.661912 0.097385
v 0.661848 -0.661912 -0.002057
v 0.185932 -0.661912 0.142310
v 0.585738 -0.661912 -0.185802
v 0.661848 -0.661912 -0.002057
v 0.656855 -0.661912 -0.052752
v 0.218248 -0.661912 0.181688
v 0.642067 -0.661912 -0.101499
v 0.257625 -0.661912 0.214004
v 0.618054 -0.661912 -0.146425
v 0.302551 -0.661912 0.238017
v 0.351298 -0.661912 0.252804
v 0.401993 -0.661912 0.257798
v 0.302551 -0.661912 -0.242132
v 0.257625 -0.661912 -0.218119
v 0.452688 -0.661912 0.252804
v 0.218248 -0.661912 -0.185802
v 0.501435 -0.661912 0.238017
v 0.185932 -0.661912 -0.146425
v 0.340920 0.555557 0.003430
v 0.351033 0.555557 0.003430
v 0.354260 0.555557 0.020629
v 0.341071 0.555557 0.021575
v 0.337425 0.555557 0.031847
v 0.364530 0.555557 0.034550
v 0.327356 0.555557 0.043740
v 0.376693 0.555557 0.044146
v 0.314868 0.555703 0.068244
v 0.398249 0.555703 0.069686
v 0.416690 0.555703 0.068507
v 0.410481 0.555557 0.047660
v 0.432940 0.555703 0.063527
v 0.418590 0.555557 0.041983
v 0.450220 0.555703 0.049897
v 0.418590 0.555557 0.034145
v 0.462112 0.555703 0.030725
v 0.413117 0.555557 0.030140
v 0.467724 0.555703 0.003430
v 0.396493 0.555557 0.030680
v 0.308029 0.555557 0.047254
v 0.299135 0.555703 0.064575
v 0.291946 0.555557 0.042524
v 0.287399 0.555703 0.058416
v 0.280728 0.555557 0.032050
v 0.273521 0.555703 0.048948
v 0.273835 0.555557 0.015088
v 0.263021 0.555703 0.023338
v 0.272754 0.555557 0.003430
v 0.261858 0.555703 0.003430
v 0.341071 0.555557 -0.014716
v 0.354260 0.555557 -0.013770
v 0.337425 0.555557 -0.024988
v 0.364530 0.555557 -0.027691
v 0.327356 0.555557 -0.036881
v 0.376693 0.555557 -0.037287
v 0.314868 0.555703 -0.061385
v 0.398249 0.555703 -0.062827
v 0.416690 0.555703 -0.061648
v 0.410481 0.555557 -0.040801
v 0.432940 0.555703 -0.056668
v 0.418590 0.555557 -0.035124
v 0.450220 0.555703 -0.043038
v 0.418590 0.555557 -0.027286
v 0.462112 0.555703 -0.023866
v 0.413117 0.555557 -0.023281
v 0.396493 0.555557 -0.023821
v 0.308029 0.555557 -0.040395
v 0.299135 0.555703 -0.057716
v 0.291946 0.555557 -0.035665
v 0.287399 0.555703 -0.051557
v 0.280728 0.555557 -0.025191
v 0.273521 0.555703 -0.042089
v 0.273835 0.555557 -0.008229
v 0.263021 0.555703 -0.016479
v 0.452688 -0.661912 -0.256919
v 0.401993 -0.661912 -0.261912
v 0.351298 -0.661912 -0.256919
v 0.353758 0.562918 0.020665
v 0.341616 0.562918 0.021536
v 0.337950 0.561603 0.031899
v 0.363950 0.561603 0.034492
v 0.327947 0.560894 0.043745
v 0.337425 0.553601 0.031847
v 0.327356 0.553601 0.043740
v 0.376693 0.556692 0.044146
v 0.410481 0.556692 0.047660
v 0.410481 0.553601 0.047660
v 0.376693 0.553601 0.044146
v 0.307869 0.560913 0.047467
v 0.308029 0.553601 0.047254
v 0.291806 0.560920 0.042781
v 0.291946 0.553601 0.042524
v 0.273568 0.560927 0.015181
v 0.280543 0.560920 0.032298
v 0.280728 0.553601 0.032050
v 0.273835 0.553601 0.015088
v 0.272472 0.560933 0.003430
v 0.272754 0.553601 0.003430
v 0.376747 0.560908 0.044593
v 0.316003 0.562303 0.061250
v 0.398283 0.562303 0.062672
v 0.418590 0.556692 0.041983
v 0.418590 0.553601 0.041983
v 0.418590 0.556692 0.034145
v 0.418590 0.553601 0.034145
v 0.413117 0.556692 0.030140
v 0.396493 0.556692 0.030680
v 0.396493 0.553601 0.030680
v 0.413117 0.553601 0.030140
v 0.375071 0.556692 0.019242
v 0.370476 0.556692 0.003430
v 0.370476 0.553623 0.003430
v 0.375071 0.553623 0.019242
v 0.443128 0.562042 0.016050
v 0.444851 0.562042 0.003430
v 0.418455 0.560894 0.003430
v 0.413210 0.560894 0.029674
v 0.459901 0.562303 0.024085
v 0.464458 0.562303 0.003430
v 0.370905 0.560894 0.003430
v 0.396063 0.560894 0.030230
v 0.449568 0.562303 0.043145
v 0.444485 0.563179 0.017116
v 0.446006 0.563179 0.018311
v 0.447644 0.563179 0.003430
v 0.446357 0.563179 0.003430
v 0.435380 0.562661 0.033139
v 0.443559 0.562510 0.016389
v 0.445332 0.562513 0.003430
v 0.300477 0.562303 0.057629
v 0.288896 0.562303 0.051551
v 0.284728 0.564088 0.055770
v 0.296831 0.564088 0.062122
v 0.435891 0.556133 0.065841
v 0.453713 0.556133 0.051785
v 0.453713 0.564088 0.051785
v 0.435891 0.564088 0.065841
v 0.313194 0.565536 0.067004
v 0.296971 0.565536 0.063245
v 0.297070 0.565536 0.064034
v 0.313299 0.565536 0.067843
v 0.313057 0.564088 0.065906
v 0.399047 0.564088 0.067393
v 0.463855 0.565536 0.027772
v 0.452788 0.565536 0.048119
v 0.452884 0.565536 0.048887
v 0.464867 0.565536 0.029513
v 0.283073 0.556133 0.059299
v 0.297898 0.556133 0.066923
v 0.297898 0.564088 0.066923
v 0.283073 0.564088 0.059299
v 0.434962 0.565536 0.062144
v 0.435065 0.565536 0.062972
v 0.256733 0.556133 0.003430
v 0.257932 0.556133 0.023124
v 0.257932 0.564088 0.023124
v 0.256733 0.564088 0.003430
v 0.284874 0.565536 0.056934
v 0.271180 0.565536 0.045687
v 0.270912 0.565536 0.048015
v 0.284962 0.565536 0.057643
v 0.468774 0.565536 0.003430
v 0.470484 0.565536 0.003430
v 0.419133 0.556133 0.070977
v 0.419133 0.564088 0.070977
v 0.418202 0.565536 0.067264
v 0.399183 0.565536 0.068479
v 0.399291 0.565536 0.069340
v 0.418309 0.565536 0.068122
v 0.266159 0.562303 0.017860
v 0.265990 0.562303 0.003430
v 0.262783 0.564088 0.003430
v 0.262517 0.564088 0.019009
v 0.314124 0.556133 0.070707
v 0.400114 0.556133 0.072193
v 0.400114 0.564088 0.072193
v 0.314124 0.564088 0.070707
v 0.452646 0.564088 0.046985
v 0.463445 0.564088 0.027066
v 0.432515 0.562303 0.056594
v 0.434824 0.564088 0.061041
v 0.416481 0.562303 0.061508
v 0.418066 0.564088 0.066177
v 0.276043 0.562303 0.040947
v 0.271295 0.564088 0.044688
v 0.468207 0.564088 0.003430
v 0.262174 0.565536 0.019494
v 0.262426 0.565536 0.003430
v 0.259188 0.565536 0.003430
v 0.260334 0.565536 0.022098
v 0.465977 0.556133 0.032013
v 0.465977 0.564088 0.032013
v 0.268761 0.556133 0.049536
v 0.268761 0.564088 0.049536
v 0.471764 0.556133 0.003430
v 0.471764 0.564088 0.003430
v 0.263021 0.553815 0.023338
v 0.273521 0.553815 0.048948
v 0.287399 0.553815 0.058416
v 0.299135 0.553815 0.064575
v 0.462112 0.553815 0.030725
v 0.467724 0.553815 0.003430
v 0.398249 0.553815 0.069686
v 0.416690 0.553815 0.068507
v 0.450220 0.553815 0.049897
v 0.314868 0.553815 0.068245
v 0.432940 0.553815 0.063527
v 0.261858 0.553815 0.003430
v 0.350527 0.562207 0.003430
v 0.341460 0.562207 0.003430
v 0.383654 0.556692 0.028788
v 0.383654 0.553623 0.028788
v 0.410670 0.560928 0.048122
v 0.354260 0.556692 0.020629
v 0.364530 0.556692 0.034550
v 0.364530 0.553601 0.034550
v 0.354260 0.553601 0.020629
v 0.418910 0.560920 0.042358
v 0.418914 0.560908 0.033848
v 0.375456 0.560894 0.019028
v 0.383915 0.560894 0.028438
v 0.351033 0.556692 0.003430
v 0.351033 0.553601 0.003430
v 0.341071 0.553601 0.021575
v 0.446812 0.562722 0.018945
v 0.448571 0.562759 0.003430
v 0.434369 0.561908 0.035242
v 0.435071 0.562501 0.032746
v 0.437164 0.562781 0.034154
v 0.437841 0.562665 0.034674
v 0.340920 0.553601 0.003430
v 0.353758 0.562918 -0.013806
v 0.363950 0.561603 -0.027633
v 0.337950 0.561603 -0.025040
v 0.341616 0.562918 -0.014677
v 0.327947 0.560894 -0.036886
v 0.327356 0.553601 -0.036881
v 0.337425 0.553601 -0.024988
v 0.376693 0.556692 -0.037287
v 0.376693 0.553601 -0.037287
v 0.410481 0.553601 -0.040801
v 0.410481 0.556692 -0.040801
v 0.307869 0.560913 -0.040608
v 0.308029 0.553601 -0.040395
v 0.291806 0.560920 -0.035922
v 0.291946 0.553601 -0.035665
v 0.273568 0.560927 -0.008322
v 0.273835 0.553601 -0.008229
v 0.280728 0.553601 -0.025191
v 0.280543 0.560920 -0.025439
v 0.272472 0.560933 0.003430
v 0.272754 0.553601 0.003430
v 0.376747 0.560908 -0.037734
v 0.398283 0.562303 -0.055813
v 0.316003 0.562303 -0.054391
v 0.418590 0.553601 -0.035124
v 0.418590 0.556692 -0.035124
v 0.418590 0.553601 -0.027285
v 0.418590 0.556692 -0.027285
v 0.413117 0.556692 -0.023281
v 0.413117 0.553601 -0.023281
v 0.396493 0.553601 -0.023821
v 0.396493 0.556692 -0.023821
v 0.375071 0.556692 -0.012383
v 0.375071 0.553623 -0.012383
v 0.443128 0.562042 -0.009191
v 0.413210 0.560894 -0.022814
v 0.459901 0.562303 -0.017226
v 0.396063 0.560894 -0.023371
v 0.449568 0.562303 -0.036286
v 0.444485 0.563179 -0.010257
v 0.446006 0.563179 -0.011452
v 0.435380 0.562661 -0.026280
v 0.443559 0.562510 -0.009530
v 0.300477 0.562303 -0.050770
v 0.296831 0.564088 -0.055263
v 0.284728 0.564088 -0.048911
v 0.288896 0.562303 -0.044692
v 0.435891 0.556133 -0.058982
v 0.435891 0.564088 -0.058982
v 0.453713 0.564088 -0.044926
v 0.453713 0.556133 -0.044926
v 0.313194 0.565536 -0.060145
v 0.313299 0.565536 -0.060983
v 0.297070 0.565536 -0.057175
v 0.296971 0.565536 -0.056386
v 0.399047 0.564088 -0.060534
v 0.313057 0.564088 -0.059047
v 0.463855 0.565536 -0.020913
v 0.464867 0.565536 -0.022654
v 0.452884 0.565536 -0.042028
v 0.452788 0.565536 -0.041259
v 0.283073 0.556133 -0.052440
v 0.283073 0.564088 -0.052440
v 0.297898 0.564088 -0.060063
v 0.297898 0.556133 -0.060063
v 0.435065 0.565536 -0.056113
v 0.434962 0.565536 -0.055285
v 0.256733 0.556133 0.003430
v 0.256733 0.564088 0.003430
v 0.257932 0.564088 -0.016265
v 0.257932 0.556133 -0.016265
v 0.284874 0.565536 -0.050075
v 0.284962 0.565536 -0.050784
v 0.270912 0.565536 -0.041156
v 0.271180 0.565536 -0.038828
v 0.470484 0.565536 0.003430
v 0.419133 0.556133 -0.064118
v 0.419133 0.564088 -0.064118
v 0.418202 0.565536 -0.060405
v 0.418309 0.565536 -0.061263
v 0.399291 0.565536 -0.062481
v 0.399183 0.565536 -0.061620
v 0.266159 0.562303 -0.011001
v 0.262517 0.564088 -0.012150
v 0.262783 0.564088 0.003430
v 0.265990 0.562303 0.003430
v 0.314124 0.556133 -0.063848
v 0.314124 0.564088 -0.063848
v 0.400114 0.564088 -0.065334
v 0.400114 0.556133 -0.065334
v 0.463445 0.564088 -0.020207
v 0.452646 0.564088 -0.040126
v 0.434824 0.564088 -0.054182
v 0.432515 0.562303 -0.049735
v 0.418066 0.564088 -0.059318
v 0.416481 0.562303 -0.054649
v 0.276043 0.562303 -0.034087
v 0.271295 0.564088 -0.037828
v 0.262174 0.565536 -0.012635
v 0.260334 0.565536 -0.015239
v 0.259188 0.565536 0.003430
v 0.262426 0.565536 0.003430
v 0.465977 0.564088 -0.025154
v 0.465977 0.556133 -0.025154
v 0.268761 0.556133 -0.042677
v 0.268761 0.564088 -0.042677
v 0.471764 0.564088 0.003430
v 0.471764 0.556133 0.003430
v 0.273521 0.553815 -0.042089
v 0.263021 0.553815 -0.016479
v 0.299135 0.553815 -0.057716
v 0.287399 0.553815 -0.051557
v 0.467724 0.553815 0.003430
v 0.462112 0.553815 -0.023866
v 0.416690 0.553815 -0.061647
v 0.398249 0.553815 -0.062827
v 0.450220 0.553815 -0.043038
v 0.314868 0.553815 -0.061385
v 0.432940 0.553815 -0.056668
v 0.261858 0.553815 0.003430
v 0.341460 0.562207 0.003430
v 0.350527 0.562207 0.003430
v 0.383654 0.556692 -0.021929
v 0.383654 0.553623 -0.021929
v 0.410670 0.560928 -0.041262
v 0.354260 0.556692 -0.013770
v 0.354260 0.553601 -0.013770
v 0.364530 0.553601 -0.027691
v 0.364530 0.556692 -0.027691
v 0.418910 0.560920 -0.035499
v 0.418914 0.560908 -0.026989
v 0.383915 0.560894 -0.021579
v 0.375456 0.560894 -0.012169
v 0.351033 0.556692 0.003430
v 0.351033 0.553601 0.003430
v 0.341071 0.553601 -0.014716
v 0.446812 0.562722 -0.012085
v 0.434369 0.561908 -0.028383
v 0.435071 0.562501 -0.025887
v 0.437164 0.562781 -0.027295
v 0.437841 0.562665 -0.027815
v 0.340920 0.553601 0.003430
v 0.389853 0.551953 -0.011008
v 0.389853 0.561063 -0.011008
v 0.398594 0.561063 -0.013351
v 0.398594 0.551953 -0.013351
v 0.413735 0.551953 -0.004609
v 0.413735 0.561063 -0.004609
v 0.416077 0.561063 0.004133
v 0.416077 0.551953 0.004133
v 0.416077 0.551953 0.004133
v 0.416077 0.561063 0.004133
v 0.413735 0.561063 0.012874
v 0.413735 0.551953 0.012874
v 0.407336 0.561063 0.019273
v 0.407336 0.551953 0.019273
v 0.398594 0.561063 0.021616
v 0.398594 0.551953 0.021616
v 0.389853 0.561063 0.019273
v 0.389853 0.551953 0.019273
v 0.383453 0.561063 0.012874
v 0.383453 0.551953 0.012874
v 0.381111 0.561063 0.004133
v 0.381111 0.551953 0.004133
v 0.383453 0.561063 -0.004609
v 0.383453 0.551953 -0.004609
v 0.407336 0.561063 -0.011008
v 0.407336 0.551953 -0.011008
v 0.398594 0.562993 -0.012690
v 0.407006 0.562993 -0.010436
v 0.398594 0.563793 -0.011096
v 0.406209 0.563793 -0.009056
v 0.413163 0.562993 -0.004279
v 0.411783 0.563793 -0.003482
v 0.415417 0.562993 0.004133
v 0.413823 0.563793 0.004133
v 0.415417 0.562993 0.004133
v 0.413163 0.562993 0.012544
v 0.413823 0.563793 0.004133
v 0.411783 0.563793 0.011747
v 0.407006 0.562993 0.018702
v 0.406209 0.563793 0.017321
v 0.398594 0.562993 0.020955
v 0.398594 0.563793 0.019361
v 0.390183 0.562993 0.018702
v 0.390980 0.563793 0.017321
v 0.384025 0.562993 0.012544
v 0.385406 0.563793 0.011747
v 0.381771 0.562993 0.004133
v 0.383365 0.563793 0.004133
v 0.384025 0.562993 -0.004279
v 0.385406 0.563793 -0.003482
v 0.390183 0.562993 -0.010436
v 0.390980 0.563793 -0.009056
v 0.406209 0.563793 -0.009056
v 0.398594 0.563793 -0.011096
v 0.390980 0.563793 -0.009056
v 0.385406 0.563793 -0.003482
v 0.383365 0.563793 0.004133
v 0.385406 0.563793 0.011747
v 0.390980 0.563793 0.017321
v 0.398594 0.563793 0.019361
v 0.406209 0.563793 0.017321
v 0.411783 0.563793 0.011747
v 0.413823 0.563793 0.004133
v 0.411783 0.563793 -0.003482
vn -0.0355 0.9914 -0.1260
vn 0.0318 0.9847 -0.1712
vn 0.0058 0.9993 0.0380
vn 0.1320 0.9843 -0.1172
vn 0.0018 1.0000 0.0013
vn 0.0342 0.9973 -0.0644
vn 0.0109 0.9933 -0.1152
vn -0.0146 0.9983 -0.0568
vn -0.0355 0.9914 0.1260
vn 0.0058 0.9993 -0.0382
vn 0.0318 0.9847 0.1713
vn 0.1320 0.9843 0.1170
vn 0.0018 1.0000 -0.0013
vn 0.0342 0.9973 0.0644
vn -0.0146 0.9983 0.0568
vn 0.0109 0.9933 0.1152
vn 0.0006 -1.0000 -0.0000
vn 0.0009 -1.0000 -0.0014
vn -0.0000 -1.0000 -0.0000
vn 0.0009 -1.0000 0.0014
vn 0.3149 0.9402 0.1300
vn 0.6998 0.7144 -0.0000
vn 0.9157 0.4019 -0.0000
vn -0.0359 0.9452 0.3245
vn -0.1501 0.9599 0.2366
vn -0.0536 0.9962 0.0687
vn -0.3692 0.9257 0.0824
vn -0.2548 0.9583 -0.1291
vn -0.5306 0.8280 -0.1810
vn 0.0131 0.9457 0.3247
vn 0.2917 0.9164 0.2741
vn 0.1939 0.9734 0.1223
vn -0.2697 0.9532 0.1367
vn -0.5230 0.8523 0.0095
vn -0.2563 0.9648 -0.0588
vn -0.1383 0.8471 0.5131
vn -0.4712 0.8405 0.2674
vn 0.1572 0.9646 0.2116
vn 0.1588 0.8199 0.5501
vn 0.3149 0.9402 -0.1300
vn -0.0359 0.9452 -0.3244
vn -0.0536 0.9962 -0.0687
vn -0.1501 0.9599 -0.2366
vn -0.3693 0.9257 -0.0824
vn -0.5307 0.8280 0.1810
vn -0.2548 0.9583 0.1291
vn 0.0132 0.9457 -0.3247
vn 0.1940 0.9733 -0.1223
vn 0.2917 0.9164 -0.2741
vn -0.2697 0.9532 -0.1367
vn -0.2563 0.9648 0.0588
vn -0.5230 0.8523 -0.0095
vn -0.1383 0.8471 -0.5131
vn -0.4712 0.8405 -0.2674
vn 0.1572 0.9646 -0.2116
vn 0.1587 0.8199 -0.5501
vn 0.1510 -0.6331 -0.7592
vn 0.2962 -0.6331 -0.7152
vn 0.2852 -0.6667 -0.6886
vn 0.1454 -0.6667 -0.7310
vn 0.4301 -0.6331 -0.6436
vn 0.4141 -0.6667 -0.6197
vn 0.5474 -0.6330 -0.5474
vn 0.5270 -0.6667 -0.5270
vn 0.6437 -0.6330 -0.4301
vn 0.6197 -0.6667 -0.4141
vn 0.7152 -0.6330 -0.2962
vn 0.6886 -0.6667 -0.2852
vn 0.7592 -0.6331 -0.1510
vn 0.7310 -0.6667 -0.1454
vn 0.7741 -0.6330 -0.0000
vn 0.7453 -0.6667 -0.0000
vn 0.7592 -0.6331 0.1510
vn 0.7310 -0.6667 0.1454
vn 0.7152 -0.6330 0.2962
vn 0.6886 -0.6667 0.2852
vn 0.6437 -0.6330 0.4301
vn 0.6197 -0.6667 0.4141
vn 0.5474 -0.6330 0.5474
vn 0.5270 -0.6667 0.5270
vn 0.4301 -0.6330 0.6437
vn 0.4141 -0.6667 0.6197
vn 0.2963 -0.6330 0.7152
vn 0.2852 -0.6667 0.6886
vn 0.1510 -0.6330 0.7593
vn 0.1454 -0.6667 0.7310
vn -0.0000 -0.6330 0.7741
vn -0.0000 -0.6667 0.7453
vn -0.1510 -0.6330 0.7593
vn -0.1454 -0.6667 0.7310
vn -0.2963 -0.6330 0.7152
vn -0.2852 -0.6667 0.6886
vn -0.4301 -0.6330 0.6437
vn -0.4141 -0.6667 0.6197
vn -0.5474 -0.6330 0.5474
vn -0.5270 -0.6667 0.5270
vn -0.6437 -0.6330 0.4301
vn -0.6197 -0.6667 0.4141
vn -0.7152 -0.6331 0.2962
vn -0.6886 -0.6667 0.2852
vn -0.7592 -0.6331 0.1510
vn -0.7310 -0.6667 0.1454
vn -0.7741 -0.6331 -0.0000
vn -0.7453 -0.6667 -0.0000
vn -0.7592 -0.6330 -0.1510
vn -0.7310 -0.6667 -0.1454
vn -0.7152 -0.6331 -0.2962
vn -0.6886 -0.6667 -0.2852
vn -0.6437 -0.6330 -0.4301
vn -0.6197 -0.6667 -0.4141
vn -0.5474 -0.6330 -0.5474
vn -0.5270 -0.6667 -0.5270
vn -0.4301 -0.6331 -0.6436
vn -0.4141 -0.6667 -0.6197
vn -0.2962 -0.6331 -0.7152
vn -0.2852 -0.6667 -0.6886
vn -0.8733 0.3262 0.3617
vn -0.7860 0.3262 0.5252
vn -0.6482 -0.6263 0.4332
vn -0.7203 -0.6263 0.2982
vn -0.1510 -0.6331 -0.7592
vn -0.1454 -0.6667 -0.7310
vn -0.0000 -0.6330 -0.7741
vn -0.0000 -0.6667 -0.7453
vn 0.9359 -0.2990 -0.1861
vn 0.9542 -0.2990 -0.0000
vn 0.9078 -0.4194 -0.0000
vn 0.8903 -0.4194 -0.1771
vn -0.9360 -0.2989 -0.1862
vn -0.8816 -0.2991 -0.3652
vn -0.8387 -0.4194 -0.3474
vn -0.8903 -0.4194 -0.1771
vn -0.0000 -0.2990 0.9543
vn -0.1862 -0.2989 0.9360
vn -0.1771 -0.4194 0.8903
vn -0.0000 -0.4194 0.9078
vn -0.9542 -0.2991 -0.0000
vn -0.9078 -0.4194 -0.0000
vn 0.5302 -0.2990 -0.7934
vn 0.6748 -0.2989 -0.6748
vn 0.6419 -0.4194 -0.6419
vn 0.5043 -0.4194 -0.7548
vn 0.6748 -0.2989 0.6748
vn 0.5301 -0.2990 0.7935
vn 0.5043 -0.4194 0.7548
vn 0.6419 -0.4194 0.6419
vn -0.7934 -0.2991 0.5302
vn -0.8816 -0.2991 0.3652
vn -0.8387 -0.4194 0.3474
vn -0.7548 -0.4194 0.5043
vn -0.3652 -0.2990 -0.8816
vn -0.1862 -0.2991 -0.9359
vn -0.1771 -0.4194 -0.8903
vn -0.3474 -0.4194 -0.8387
vn 0.9543 -0.2988 -0.0000
vn 0.9359 -0.2991 0.1862
vn 0.8903 -0.4194 0.1771
vn -0.3652 -0.2991 0.8816
vn -0.3474 -0.4194 0.8387
vn -0.7935 -0.2990 -0.5301
vn -0.7548 -0.4194 -0.5043
vn 0.7934 -0.2991 -0.5301
vn 0.7548 -0.4194 -0.5043
vn 0.3652 -0.2991 0.8816
vn 0.3474 -0.4194 0.8387
vn -0.9359 -0.2991 0.1862
vn -0.8904 -0.4194 0.1771
vn 0.8816 -0.2991 0.3652
vn 0.8387 -0.4194 0.3474
vn -0.5302 -0.2990 0.7934
vn -0.5043 -0.4194 0.7548
vn -0.6748 -0.2989 -0.6748
vn -0.6419 -0.4195 -0.6419
vn 0.8816 -0.2991 -0.3652
vn 0.8387 -0.4194 -0.3474
vn 0.1862 -0.2990 0.9359
vn 0.1771 -0.4194 0.8903
vn -0.0000 -0.2991 -0.9542
vn -0.0000 -0.4195 -0.9078
vn 0.7934 -0.2991 0.5301
vn 0.7548 -0.4194 0.5044
vn -0.6748 -0.2989 0.6748
vn -0.6419 -0.4194 0.6419
vn -0.5301 -0.2990 -0.7935
vn -0.5043 -0.4194 -0.7548
vn 0.3652 -0.2990 -0.8816
vn 0.3474 -0.4194 -0.8387
vn -0.6640 -0.7359 -0.1321
vn -0.6255 -0.7360 -0.2591
vn -0.3447 -0.9275 -0.1444
vn -0.3670 -0.9273 -0.0731
vn 0.1862 -0.2990 -0.9359
vn 0.1771 -0.4194 -0.8903
vn 0.1321 -0.7360 0.6640
vn -0.0000 -0.7359 0.6771
vn 0.0021 -0.9264 0.3765
vn 0.0758 -0.9273 0.3665
vn -0.2591 -0.7359 0.6255
vn -0.3762 -0.7359 0.5630
vn -0.2104 -0.9274 0.3094
vn -0.1460 -0.9265 0.3468
vn -0.4787 -0.7360 0.4787
vn -0.2625 -0.9293 0.2598
vn -0.5629 -0.7360 0.3761
vn -0.3012 -0.9321 0.2011
vn -0.6255 -0.7360 0.2591
vn -0.3395 -0.9298 0.1422
vn -0.6640 -0.7359 0.1321
vn -0.3642 -0.9283 0.0745
vn -0.6771 -0.7359 -0.0000
vn -0.3737 -0.9276 0.0015
vn -0.3763 -0.9235 -0.0749
vn -0.3837 -0.9235 -0.0000
vn 0.4006 -0.9163 -0.0000
vn 0.3929 -0.9163 0.0781
vn -0.3737 -0.9276 0.0014
vn -0.5629 -0.7360 -0.3761
vn -0.3079 -0.9283 -0.2083
vn -0.4787 -0.7360 -0.4787
vn -0.2591 -0.9298 -0.2613
vn -0.3761 -0.7360 -0.5629
vn -0.2011 -0.9322 -0.3009
vn -0.2591 -0.7360 -0.6255
vn -0.1430 -0.9293 -0.3404
vn -0.1321 -0.7359 -0.6640
vn -0.0758 -0.9274 -0.3663
vn -0.0000 -0.7360 -0.6770
vn -0.0021 -0.9264 -0.3765
vn 0.1321 -0.7359 -0.6640
vn 0.0735 -0.9262 -0.3699
vn 0.2591 -0.7360 -0.6255
vn 0.1460 -0.9265 -0.3468
vn 0.3761 -0.7360 -0.5629
vn 0.2104 -0.9274 -0.3094
vn 0.4787 -0.7360 -0.4787
vn 0.2624 -0.9293 -0.2598
vn 0.5630 -0.7359 -0.3761
vn 0.3010 -0.9322 -0.2011
vn 0.6255 -0.7360 -0.2591
vn 0.3396 -0.9298 -0.1422
vn 0.6640 -0.7360 -0.1321
vn 0.3642 -0.9283 -0.0745
vn 0.6771 -0.7359 -0.0000
vn 0.3738 -0.9275 -0.0014
vn 0.6640 -0.7360 0.1321
vn 0.3670 -0.9273 0.0731
vn 0.6255 -0.7360 0.2591
vn 0.3447 -0.9275 0.1444
vn 0.5629 -0.7360 0.3761
vn 0.3079 -0.9283 0.2082
vn 0.4787 -0.7360 0.4787
vn 0.2591 -0.9298 0.2613
vn 0.3761 -0.7359 0.5629
vn 0.2011 -0.9322 0.3010
vn 0.2591 -0.7359 0.6255
vn 0.1430 -0.9292 0.3407
vn -0.3604 0.3363 -0.8701
vn -0.3617 0.3263 -0.8733
vn -0.1844 0.3263 -0.9271
vn -0.1837 0.3363 -0.9237
vn -0.0748 -0.9235 0.3763
vn -0.0000 -0.9234 0.3837
vn -0.0000 -0.9162 -0.4006
vn 0.0782 -0.9162 -0.3929
vn -0.2010 -0.9323 -0.3008
vn -0.1430 -0.9294 -0.3404
vn -0.0362 -0.9979 -0.0533
vn -0.2590 -0.9299 -0.2611
vn 0.3763 -0.9235 -0.0748
vn 0.3545 -0.9235 -0.1468
vn -0.3701 -0.9162 0.1533
vn -0.3929 -0.9162 0.0782
vn -0.3545 -0.9235 -0.1468
vn 0.3702 -0.9162 0.1533
vn 0.3837 -0.9235 -0.0000
vn -0.4006 -0.9162 -0.0000
vn -0.3190 -0.9235 -0.2131
vn 0.3331 -0.9162 0.2226
vn 0.3763 -0.9235 0.0748
vn -0.3929 -0.9162 -0.0782
vn -0.2713 -0.9235 -0.2713
vn 0.2833 -0.9162 0.2833
vn 0.3545 -0.9235 0.1468
vn -0.3701 -0.9162 -0.1533
vn -0.2131 -0.9235 -0.3190
vn 0.2226 -0.9162 0.3331
vn 0.3190 -0.9235 0.2132
vn -0.3331 -0.9162 -0.2226
vn -0.1468 -0.9235 -0.3544
vn 0.1533 -0.9162 0.3702
vn 0.0748 -0.9235 0.3763
vn -0.0782 -0.9162 -0.3929
vn 0.2713 -0.9235 0.2713
vn -0.2833 -0.9163 -0.2833
vn -0.0749 -0.9235 -0.3763
vn 0.0782 -0.9162 0.3929
vn -0.1468 -0.9234 0.3545
vn 0.1533 -0.9163 -0.3701
vn 0.2132 -0.9235 0.3190
vn -0.2226 -0.9162 -0.3331
vn -0.0000 -0.9235 -0.3836
vn -0.0000 -0.9162 0.4006
vn -0.2132 -0.9235 0.3190
vn 0.2226 -0.9162 -0.3331
vn 0.1468 -0.9235 0.3545
vn -0.1533 -0.9163 -0.3701
vn 0.0749 -0.9235 -0.3763
vn -0.0782 -0.9162 0.3929
vn -0.2713 -0.9235 0.2713
vn 0.2833 -0.9163 -0.2833
vn 0.1468 -0.9235 -0.3545
vn -0.1533 -0.9162 0.3701
vn -0.3190 -0.9235 0.2131
vn 0.3331 -0.9162 -0.2226
vn -0.1321 -0.7360 0.6640
vn -0.0735 -0.9262 0.3698
vn 0.2131 -0.9235 -0.3190
vn -0.2226 -0.9162 0.3331
vn -0.3545 -0.9235 0.1468
vn 0.3701 -0.9162 -0.1533
vn 0.2713 -0.9235 -0.2713
vn -0.2833 -0.9162 0.2833
vn -0.3763 -0.9235 0.0749
vn 0.3929 -0.9163 -0.0782
vn 0.3190 -0.9235 -0.2132
vn -0.3331 -0.9162 0.2226
vn 0.1861 -0.2993 -0.9358
vn -0.0000 -0.2993 -0.9542
vn 0.3652 -0.2992 -0.8816
vn 0.5301 -0.2993 -0.7934
vn 0.6746 -0.2993 -0.6748
vn 0.7934 -0.2993 -0.5301
vn 0.8815 -0.2992 -0.3652
vn 0.9359 -0.2992 -0.1862
vn 0.9542 -0.2993 -0.0000
vn 0.9359 -0.2992 0.1862
vn 0.8815 -0.2993 0.3652
vn 0.7934 -0.2993 0.5301
vn 0.6748 -0.2992 0.6747
vn 0.5301 -0.2992 0.7934
vn 0.3652 -0.2992 0.8815
vn 0.1862 -0.2993 0.9358
vn -0.0000 -0.2992 0.9542
vn -0.1862 -0.2992 0.9358
vn -0.3652 -0.2993 0.8815
vn -0.5301 -0.2993 0.7934
vn -0.6747 -0.2992 0.6748
vn -0.7934 -0.2993 0.5301
vn -0.8815 -0.2994 0.3652
vn -0.9358 -0.2993 0.1862
vn -0.9542 -0.2992 -0.0000
vn -0.9358 -0.2993 -0.1862
vn -0.8816 -0.2992 -0.3652
vn -0.7934 -0.2992 -0.5301
vn -0.6748 -0.2992 -0.6746
vn -0.5301 -0.2993 -0.7934
vn -0.3652 -0.2992 -0.8815
vn -0.1862 -0.2992 -0.9358
vn -0.0000 -0.2224 -0.9750
vn 0.1902 -0.2224 -0.9562
vn 0.3731 -0.2224 -0.9007
vn 0.5417 -0.2224 -0.8106
vn 0.6894 -0.2224 -0.6894
vn 0.8106 -0.2224 -0.5417
vn 0.9007 -0.2224 -0.3731
vn 0.9562 -0.2224 -0.1902
vn 0.9750 -0.2224 -0.0000
vn 0.9562 -0.2224 0.1902
vn 0.9007 -0.2224 0.3731
vn 0.8107 -0.2224 0.5417
vn 0.6894 -0.2224 0.6894
vn 0.5417 -0.2224 0.8107
vn 0.3731 -0.2224 0.9008
vn 0.1902 -0.2224 0.9562
vn -0.0000 -0.2224 0.9750
vn -0.1902 -0.2223 0.9562
vn -0.3731 -0.2224 0.9008
vn -0.5417 -0.2224 0.8107
vn -0.6894 -0.2224 0.6894
vn -0.8107 -0.2224 0.5417
vn -0.9007 -0.2224 0.3731
vn -0.9562 -0.2224 0.1902
vn -0.9749 -0.2224 -0.0000
vn -0.9562 -0.2224 -0.1902
vn -0.9007 -0.2224 -0.3731
vn -0.8106 -0.2224 -0.5417
vn -0.6894 -0.2224 -0.6894
vn -0.5417 -0.2224 -0.8106
vn -0.3731 -0.2224 -0.9007
vn -0.1902 -0.2224 -0.9562
vn -0.0757 -0.9275 -0.3661
vn -0.0359 -0.9959 -0.0831
vn -0.0021 -0.9266 -0.3761
vn -0.0147 -0.9947 -0.1021
vn 0.0735 -0.9264 -0.3693
vn 0.0208 -0.9944 -0.1039
vn 0.1460 -0.9266 -0.3466
vn 0.0527 -0.9947 -0.0886
vn 0.2101 -0.9275 -0.3091
vn 0.0652 -0.9959 -0.0628
vn 0.2624 -0.9294 -0.2597
vn 0.0538 -0.9979 -0.0354
vn 0.3008 -0.9323 -0.2009
vn 0.3391 -0.9300 -0.1421
vn -0.0616 -0.9962 -0.0609
vn -0.3078 -0.9284 -0.2082
vn -0.0754 -0.9912 -0.1088
vn -0.0417 -0.9891 -0.1416
vn 0.0285 -0.9892 -0.1437
vn 0.0928 -0.9890 -0.1149
vn 0.1112 -0.9912 -0.0716
vn 0.0802 -0.9962 -0.0328
vn 0.3640 -0.9284 -0.0745
vn -0.0849 -0.9952 -0.0478
vn -0.3446 -0.9276 -0.1442
vn -0.1168 -0.9893 -0.0876
vn -0.0800 -0.9904 -0.1127
vn 0.0213 -0.9940 -0.1071
vn 0.1170 -0.9904 -0.0737
vn 0.1415 -0.9893 -0.0363
vn 0.0968 -0.9952 -0.0117
vn 0.3736 -0.9276 -0.0014
vn -0.0983 -0.9950 -0.0195
vn -0.3670 -0.9274 -0.0730
vn -0.1434 -0.9893 -0.0285
vn -0.1119 -0.9935 -0.0223
vn 0.1119 -0.9935 0.0223
vn 0.1434 -0.9893 0.0285
vn 0.0983 -0.9950 0.0195
vn 0.3670 -0.9274 0.0730
vn -0.0968 -0.9952 0.0117
vn -0.3736 -0.9276 0.0014
vn -0.1414 -0.9893 0.0362
vn -0.1170 -0.9904 0.0737
vn -0.0213 -0.9940 0.1071
vn 0.0800 -0.9904 0.1127
vn 0.1168 -0.9893 0.0877
vn 0.0849 -0.9952 0.0478
vn 0.3445 -0.9276 0.1443
vn -0.0802 -0.9962 0.0329
vn -0.3640 -0.9284 0.0744
vn -0.1111 -0.9912 0.0715
vn -0.0928 -0.9890 0.1149
vn -0.0285 -0.9892 0.1437
vn 0.0417 -0.9891 0.1416
vn 0.0753 -0.9912 0.1088
vn 0.0616 -0.9962 0.0609
vn 0.3078 -0.9284 0.2082
vn -0.0538 -0.9979 0.0354
vn -0.3392 -0.9299 0.1421
vn -0.0652 -0.9959 0.0628
vn -0.0527 -0.9947 0.0886
vn -0.0207 -0.9944 0.1039
vn 0.0147 -0.9947 0.1021
vn 0.0361 -0.9959 0.0831
vn 0.0362 -0.9979 0.0533
vn 0.2590 -0.9299 0.2611
vn -0.2624 -0.9294 0.2597
vn -0.3008 -0.9323 0.2009
vn -0.2101 -0.9275 0.3092
vn -0.1459 -0.9266 0.3466
vn -0.0735 -0.9264 0.3693
vn 0.0021 -0.9266 0.3761
vn 0.0757 -0.9275 0.3661
vn 0.1430 -0.9294 0.3403
vn 0.2010 -0.9323 0.3008
vn 0.1837 0.3363 -0.9237
vn 0.1844 0.3263 -0.9271
vn 0.3617 0.3263 -0.8733
vn 0.3604 0.3363 -0.8701
vn 0.7830 0.3363 0.5232
vn 0.7860 0.3262 0.5252
vn 0.6684 0.3262 0.6684
vn 0.6659 0.3363 0.6659
vn -0.9417 0.3363 -0.0000
vn -0.9453 0.3262 -0.0000
vn -0.9271 0.3262 -0.1844
vn -0.9236 0.3363 -0.1837
vn 0.8701 0.3363 0.3604
vn 0.8733 0.3263 0.3617
vn -0.9236 0.3363 0.1837
vn -0.9271 0.3262 0.1844
vn 0.9236 0.3363 0.1837
vn 0.9271 0.3263 0.1844
vn -0.8701 0.3363 0.3604
vn 0.9417 0.3363 -0.0000
vn 0.9453 0.3262 -0.0000
vn -0.7830 0.3363 0.5232
vn 0.9236 0.3363 -0.1837
vn 0.9271 0.3263 -0.1844
vn -0.6659 0.3363 0.6659
vn -0.6684 0.3262 0.6684
vn 0.5252 0.3263 -0.7860
vn 0.5232 0.3363 -0.7830
vn 0.8701 0.3363 -0.3604
vn 0.8733 0.3263 -0.3617
vn -0.5232 0.3363 0.7830
vn -0.5252 0.3262 0.7860
vn 0.7830 0.3363 -0.5232
vn 0.7860 0.3262 -0.5252
vn -0.3604 0.3363 0.8701
vn -0.3617 0.3262 0.8733
vn 0.6659 0.3363 -0.6659
vn 0.6684 0.3263 -0.6684
vn -0.1837 0.3363 0.9236
vn -0.1844 0.3262 0.9271
vn -0.0000 0.3363 0.9417
vn -0.0000 0.3262 0.9453
vn -0.5232 0.3363 -0.7830
vn -0.5252 0.3263 -0.7860
vn 0.1837 0.3363 0.9236
vn 0.1844 0.3262 0.9271
vn -0.6659 0.3363 -0.6659
vn -0.6684 0.3263 -0.6684
vn 0.3604 0.3363 0.8701
vn 0.3617 0.3262 0.8733
vn -0.7830 0.3363 -0.5232
vn -0.7860 0.3262 -0.5252
vn 0.5232 0.3363 0.7830
vn 0.5252 0.3263 0.7860
vn -0.8701 0.3363 -0.3604
vn -0.8733 0.3262 -0.3617
vn -0.0000 0.3263 -0.9453
vn -0.0000 0.3363 -0.9417
vn 0.2962 0.9551 -0.0000
vn 0.2905 0.9551 0.0578
vn -0.4178 0.9047 -0.0831
vn -0.4260 0.9047 -0.0000
vn 0.7796 -0.6263 -0.0000
vn 0.7646 -0.6263 0.1522
vn -0.7646 -0.6263 0.1521
vn 0.7202 -0.6263 0.2984
vn -0.7796 -0.6263 -0.0000
vn 0.6482 -0.6263 0.4332
vn -0.7646 -0.6263 -0.1522
vn 0.5511 -0.6263 0.5513
vn -0.7203 -0.6263 -0.2984
vn 0.4331 -0.6263 0.6482
vn -0.6482 -0.6263 -0.4332
vn 0.2981 -0.6263 0.7203
vn -0.0000 -0.6263 -0.7796
vn 0.1522 -0.6263 -0.7646
vn -0.5510 -0.6264 -0.5513
vn 0.1521 -0.6263 0.7646
vn 0.2984 -0.6263 -0.7202
vn -0.4330 -0.6263 -0.6483
vn -0.0000 -0.6263 0.7796
vn 0.4332 -0.6263 -0.6482
vn -0.2982 -0.6263 -0.7203
vn -0.1522 -0.6263 0.7646
vn 0.5513 -0.6263 -0.5511
vn -0.1520 -0.6263 -0.7646
vn -0.2984 -0.6263 0.7203
vn 0.6482 -0.6263 -0.4331
vn -0.4332 -0.6263 0.6482
vn 0.7203 -0.6263 -0.2982
vn -0.5514 -0.6263 0.5511
vn 0.7646 -0.6263 -0.1521
vn 0.7354 0.6052 0.3046
vn 0.7807 0.6053 0.1553
vn 0.8682 0.4653 0.1727
vn 0.8178 0.4652 0.3387
vn 0.9560 -0.2232 0.1902
vn 0.9748 -0.2231 -0.0000
vn 0.9275 0.3738 -0.0000
vn 0.9097 0.3738 0.1810
vn 0.7960 0.6053 -0.0000
vn 0.7807 0.6052 -0.1553
vn 0.8682 0.4653 -0.1727
vn 0.8851 0.4653 -0.0000
vn 0.9560 -0.2232 -0.1902
vn 0.9097 0.3738 -0.1810
vn 0.7354 0.6053 -0.3046
vn 0.8178 0.4652 -0.3387
vn 0.9006 -0.2231 -0.3730
vn 0.8569 0.3737 -0.3550
vn 0.6619 0.6053 -0.4423
vn 0.7360 0.4653 -0.4918
vn 0.8105 -0.2232 -0.5416
vn 0.7712 0.3738 -0.5153
vn -0.0000 -0.2232 -0.9748
vn -0.1902 -0.2232 -0.9560
vn -0.1809 0.3738 -0.9097
vn -0.0000 0.3737 -0.9275
vn 0.5629 0.6053 -0.5629
vn 0.6259 0.4653 -0.6259
vn 0.6893 -0.2232 -0.6893
vn 0.6559 0.3738 -0.6559
vn -0.3730 -0.2232 -0.9006
vn -0.3550 0.3737 -0.8569
vn 0.4422 0.6053 -0.6618
vn 0.4918 0.4653 -0.7360
vn 0.5416 -0.2231 -0.8105
vn 0.5153 0.3738 -0.7712
vn -0.5416 -0.2232 -0.8105
vn -0.5153 0.3738 -0.7712
vn 0.3046 0.6053 -0.7354
vn 0.3387 0.4652 -0.8178
vn 0.3730 -0.2232 -0.9006
vn 0.3550 0.3737 -0.8569
vn -0.6893 -0.2232 -0.6893
vn -0.6559 0.3738 -0.6559
vn 0.1553 0.6053 -0.7807
vn 0.1727 0.4653 -0.8682
vn 0.1902 -0.2232 -0.9560
vn 0.1809 0.3738 -0.9097
vn -0.8105 -0.2232 -0.5416
vn -0.7712 0.3738 -0.5153
vn -0.0000 0.6053 -0.7960
vn -0.0000 0.4653 -0.8852
vn -0.9006 -0.2232 -0.3730
vn -0.8569 0.3738 -0.3549
vn -0.1553 0.6053 -0.7807
vn -0.1727 0.4653 -0.8682
vn -0.9561 -0.2231 -0.1902
vn -0.9097 0.3738 -0.1809
vn -0.3046 0.6053 -0.7354
vn -0.3387 0.4652 -0.8178
vn -0.9748 -0.2231 -0.0000
vn -0.9275 0.3738 -0.0000
vn -0.4422 0.6053 -0.6618
vn -0.4918 0.4653 -0.7360
vn -0.9561 -0.2231 0.1902
vn -0.9097 0.3738 0.1810
vn -0.5628 0.6053 -0.5629
vn -0.6259 0.4653 -0.6259
vn -0.9006 -0.2231 0.3730
vn -0.8569 0.3738 0.3549
vn -0.1521 -0.6261 0.7648
vn 0.0001 -0.6260 0.7798
vn -0.0000 -0.9754 0.2203
vn -0.0430 -0.9754 0.2161
vn 0.4332 -0.6261 -0.6484
vn 0.2982 -0.6260 -0.7205
vn 0.0843 -0.9754 -0.2036
vn 0.1224 -0.9754 -0.1832
vn -0.1523 -0.6262 -0.7647
vn -0.2985 -0.6262 -0.7203
vn -0.0843 -0.9754 -0.2035
vn -0.0430 -0.9754 -0.2161
vn -0.2982 -0.6260 0.7205
vn -0.0843 -0.9754 0.2035
vn 0.6482 -0.6262 -0.4333
vn 0.5512 -0.6261 -0.5516
vn 0.1558 -0.9754 -0.1558
vn 0.1832 -0.9754 -0.1224
vn -0.4332 -0.6261 0.6484
vn -0.1224 -0.9754 0.1832
vn 0.7203 -0.6262 -0.2985
vn 0.2035 -0.9754 -0.0843
vn -0.5512 -0.6260 0.5516
vn -0.1558 -0.9754 0.1558
vn 0.7647 -0.6262 -0.1523
vn 0.2161 -0.9754 -0.0430
vn -0.6482 -0.6262 0.4333
vn -0.1832 -0.9754 0.1224
vn 0.7798 -0.6260 -0.0000
vn 0.2204 -0.9754 -0.0000
vn -0.7203 -0.6262 0.2985
vn -0.2035 -0.9754 0.0843
vn 0.7647 -0.6262 0.1521
vn 0.2161 -0.9754 0.0430
vn -0.7647 -0.6262 0.1523
vn -0.2161 -0.9754 0.0430
vn 0.7205 -0.6261 0.2982
vn 0.2035 -0.9754 0.0843
vn -0.7798 -0.6260 0.0001
vn -0.2203 -0.9754 -0.0000
vn 0.6484 -0.6261 0.4332
vn 0.1832 -0.9754 0.1224
vn -0.7647 -0.6262 -0.1521
vn -0.2161 -0.9754 -0.0430
vn 0.5515 -0.6261 0.5512
vn 0.1558 -0.9754 0.1558
vn -0.7204 -0.6261 -0.2983
vn -0.2036 -0.9754 -0.0843
vn 0.4333 -0.6262 0.6482
vn 0.1224 -0.9754 0.1832
vn -0.6484 -0.6261 -0.4332
vn -0.1832 -0.9754 -0.1224
vn 0.2985 -0.6261 0.7203
vn 0.0843 -0.9754 0.2035
vn -0.5515 -0.6260 -0.5512
vn -0.1558 -0.9754 -0.1558
vn 0.1523 -0.6262 0.7647
vn 0.0430 -0.9754 0.2161
vn -0.4333 -0.6262 -0.6482
vn -0.1224 -0.9754 -0.1832
vn -0.0001 -0.6260 -0.7798
vn -0.0000 -0.9754 -0.2203
vn 0.9006 -0.2231 0.3730
vn 0.8569 0.3737 0.3549
vn 0.8105 -0.2232 0.5415
vn 0.7712 0.3738 0.5153
vn 0.6619 0.6053 0.4423
vn 0.7360 0.4653 0.4918
vn 0.6893 -0.2232 0.6893
vn 0.6558 0.3738 0.6559
vn 0.5628 0.6053 0.5628
vn 0.6259 0.4652 0.6259
vn -0.3046 0.6053 0.7354
vn -0.1553 0.6053 0.7807
vn -0.1727 0.4652 0.8682
vn -0.3387 0.4653 0.8178
vn 0.5416 -0.2231 0.8105
vn 0.5153 0.3738 0.7712
vn 0.4423 0.6053 0.6619
vn 0.4918 0.4653 0.7360
vn -0.0000 0.9551 0.2961
vn -0.0578 0.9551 0.2905
vn 0.0831 0.9047 -0.4178
vn -0.0000 0.9047 -0.4261
vn 0.3730 -0.2232 0.9006
vn 0.3549 0.3738 0.8569
vn 0.3046 0.6053 0.7354
vn 0.3387 0.4653 0.8178
vn -0.5628 0.6053 0.5628
vn -0.4422 0.6053 0.6619
vn -0.4918 0.4653 0.7360
vn -0.6259 0.4652 0.6259
vn 0.1902 -0.2232 0.9560
vn 0.1809 0.3738 0.9097
vn 0.1553 0.6053 0.7807
vn 0.1727 0.4652 0.8682
vn -0.6619 0.6052 0.4423
vn -0.7360 0.4653 0.4918
vn -0.0000 -0.2232 0.9748
vn -0.0000 0.3738 0.9275
vn 0.1521 -0.6261 -0.7648
vn 0.0430 -0.9754 -0.2161
vn -0.7354 0.6053 0.3046
vn -0.8178 0.4653 0.3387
vn -0.1902 -0.2232 0.9561
vn -0.1809 0.3738 0.9097
vn -0.7807 0.6053 0.1553
vn -0.8682 0.4652 0.1727
vn -0.3730 -0.2232 0.9006
vn -0.3549 0.3738 0.8569
vn -0.7960 0.6053 -0.0000
vn -0.8852 0.4652 -0.0000
vn -0.5416 -0.2231 0.8105
vn -0.5153 0.3738 0.7712
vn -0.7807 0.6053 -0.1553
vn -0.8682 0.4652 -0.1727
vn -0.6893 -0.2232 0.6893
vn -0.6559 0.3738 0.6559
vn -0.7354 0.6053 -0.3046
vn -0.8178 0.4653 -0.3387
vn -0.8105 -0.2232 0.5416
vn -0.7712 0.3738 0.5153
vn -0.6619 0.6053 -0.4422
vn -0.7360 0.4653 -0.4918
vn -0.8779 0.3117 0.3636
vn -0.9319 0.3117 0.1854
vn -0.2463 0.9551 -0.1645
vn -0.2094 0.9551 -0.2094
vn 0.3012 0.9047 0.3012
vn 0.3542 0.9047 0.2367
vn 0.2736 0.9551 0.1133
vn -0.3935 0.9047 -0.1630
vn -0.1645 0.9551 -0.2462
vn 0.2367 0.9047 0.3542
vn 0.2463 0.9551 0.1645
vn -0.3542 0.9047 -0.2367
vn -0.1133 0.9551 -0.2736
vn 0.1630 0.9047 0.3935
vn -0.1133 0.9551 0.2736
vn 0.1630 0.9047 -0.3936
vn 0.2094 0.9552 0.2094
vn -0.3012 0.9047 -0.3012
vn -0.0578 0.9551 -0.2905
vn 0.0831 0.9047 0.4178
vn -0.0000 0.6053 0.7960
vn -0.0000 0.4653 0.8852
vn 0.1645 0.9551 0.2462
vn -0.2367 0.9047 -0.3542
vn -0.0000 0.9551 -0.2962
vn -0.0000 0.9047 0.4260
vn -0.1645 0.9551 0.2462
vn 0.2367 0.9047 -0.3542
vn 0.1133 0.9551 0.2736
vn -0.1631 0.9047 -0.3936
vn 0.0578 0.9551 -0.2905
vn -0.0831 0.9047 0.4178
vn -0.2094 0.9552 0.2094
vn 0.3012 0.9047 -0.3012
vn 0.0578 0.9551 0.2905
vn -0.0831 0.9047 -0.4178
vn 0.1133 0.9551 -0.2736
vn -0.1630 0.9047 0.3935
vn -0.2463 0.9551 0.1645
vn 0.3542 0.9047 -0.2367
vn 0.1645 0.9551 -0.2462
vn -0.2366 0.9047 0.3542
vn -0.2736 0.9551 0.1133
vn 0.3936 0.9047 -0.1631
vn 0.2094 0.9551 -0.2094
vn -0.3012 0.9047 0.3012
vn -0.2904 0.9551 0.0578
vn 0.4178 0.9047 -0.0831
vn 0.2463 0.9551 -0.1646
vn -0.3542 0.9047 0.2366
vn -0.2961 0.9551 -0.0000
vn 0.4260 0.9047 -0.0000
vn 0.2736 0.9551 -0.1133
vn -0.3935 0.9047 0.1630
vn -0.2905 0.9551 -0.0578
vn 0.4178 0.9047 0.0831
vn 0.2905 0.9551 -0.0578
vn -0.4178 0.9047 0.0831
vn -0.2736 0.9551 -0.1133
vn 0.3936 0.9047 0.1630
vn -0.8779 0.3117 -0.3636
vn -0.9319 0.3117 -0.1854
vn -0.8392 0.5176 -0.1669
vn -0.7905 0.5176 -0.3274
vn 0.6719 0.3117 -0.6719
vn 0.7900 0.3117 -0.5279
vn -0.9502 0.3117 -0.0000
vn 0.8779 0.3117 -0.3636
vn -0.9502 0.3116 -0.0000
vn 0.9319 0.3117 -0.1854
vn 0.9502 0.3117 -0.0000
vn -0.7900 0.3117 -0.5279
vn 0.9319 0.3117 0.1854
vn -0.6719 0.3117 -0.6719
vn 0.8779 0.3117 0.3636
vn -0.5279 0.3117 -0.7901
vn 0.7900 0.3117 0.5279
vn -0.3636 0.3117 -0.8779
vn -0.0000 0.3117 0.9502
vn -0.1854 0.3117 0.9319
vn 0.6719 0.3117 0.6719
vn -0.1854 0.3117 -0.9319
vn -0.3636 0.3117 0.8778
vn 0.5279 0.3117 0.7900
vn -0.0000 0.3117 -0.9502
vn -0.5279 0.3117 0.7900
vn 0.3636 0.3117 0.8779
vn 0.1854 0.3117 -0.9319
vn -0.6719 0.3117 0.6719
vn 0.1854 0.3117 0.9319
vn 0.3636 0.3117 -0.8779
vn -0.7900 0.3117 0.5279
vn 0.5279 0.3117 -0.7900
vn -0.1525 0.9878 -0.0304
vn -0.1554 0.9878 -0.0000
vn -0.6215 0.7834 -0.0000
vn -0.6096 0.7834 -0.1213
vn 0.8392 0.5176 -0.1669
vn 0.8556 0.5176 -0.0000
vn -0.7114 0.5176 -0.4754
vn 0.8392 0.5176 0.1669
vn -0.6050 0.5176 -0.6050
vn 0.7905 0.5176 0.3274
vn -0.4754 0.5176 -0.7114
vn 0.7114 0.5176 0.4754
vn -0.3274 0.5176 -0.7905
vn -0.0000 0.5177 0.8556
vn -0.1669 0.5177 0.8391
vn 0.6050 0.5177 0.6050
vn -0.1669 0.5176 -0.8392
vn -0.3274 0.5177 0.7905
vn 0.4753 0.5177 0.7114
vn -0.0000 0.5176 -0.8556
vn -0.4753 0.5177 0.7114
vn 0.3274 0.5177 0.7905
vn 0.1669 0.5176 -0.8392
vn -0.6050 0.5177 0.6050
vn 0.1669 0.5177 0.8391
vn 0.3274 0.5176 -0.7905
vn -0.7114 0.5176 0.4753
vn 0.4754 0.5176 -0.7114
vn -0.7905 0.5176 0.3274
vn 0.6050 0.5176 -0.6050
vn -0.8392 0.5176 0.1669
vn 0.7114 0.5176 -0.4754
vn -0.8556 0.5176 -0.0000
vn 0.7905 0.5176 -0.3274
vn -0.8556 0.5177 -0.0000
vn -0.0000 0.9878 -0.1555
vn 0.0304 0.9878 -0.1524
vn 0.0595 0.9878 -0.1436
vn 0.0864 0.9878 -0.1292
vn 0.1100 0.9878 -0.1099
vn 0.1293 0.9878 -0.0863
vn 0.1437 0.9878 -0.0595
vn 0.1524 0.9878 -0.0303
vn 0.1555 0.9878 -0.0000
vn 0.1554 0.9878 -0.0000
vn 0.1524 0.9878 0.0304
vn 0.1436 0.9878 0.0595
vn 0.1292 0.9878 0.0864
vn 0.1099 0.9878 0.1100
vn 0.0863 0.9878 0.1293
vn 0.0595 0.9878 0.1437
vn 0.0303 0.9878 0.1525
vn -0.0000 0.9878 0.1555
vn -0.0304 0.9878 0.1525
vn -0.0595 0.9878 0.1436
vn -0.0864 0.9878 0.1292
vn -0.1100 0.9878 0.1099
vn -0.1293 0.9878 0.0863
vn -0.1437 0.9878 0.0595
vn -0.1524 0.9878 0.0303
vn -0.1555 0.9878 -0.0000
vn -0.1524 0.9878 -0.0304
vn -0.1435 0.9879 -0.0595
vn -0.1292 0.9878 -0.0865
vn -0.1099 0.9878 -0.1100
vn -0.0863 0.9878 -0.1293
vn -0.0595 0.9878 -0.1437
vn -0.0303 0.9878 -0.1525
vn 0.1212 0.7835 -0.6095
vn 0.2378 0.7835 -0.5741
vn 0.1099 0.9879 0.1099
vn 0.5168 0.7834 0.3453
vn 0.4395 0.7834 0.4395
vn -0.1436 0.9878 -0.0595
vn -0.5742 0.7834 -0.2378
vn 0.3452 0.7835 0.5167
vn -0.1292 0.9879 -0.0864
vn -0.5168 0.7834 -0.3453
vn 0.0594 0.9878 0.1437
vn 0.2378 0.7835 0.5741
vn -0.1099 0.9879 -0.1099
vn -0.4395 0.7834 -0.4395
vn 0.0302 0.9879 0.1524
vn 0.1213 0.7834 0.6096
vn -0.3452 0.7835 -0.5167
vn -0.0000 0.7834 0.6215
vn -0.1213 0.7835 -0.6095
vn -0.0000 0.7834 -0.6215
vn -0.0595 0.9878 -0.1436
vn -0.2378 0.7835 -0.5741
vn -0.0303 0.9878 0.1524
vn -0.1213 0.7834 0.6096
vn 0.0864 0.9878 -0.1293
vn 0.3453 0.7835 -0.5167
vn 0.4395 0.7834 -0.4395
vn -0.0595 0.9879 0.1436
vn -0.2378 0.7835 0.5741
vn 0.5168 0.7834 -0.3453
vn -0.0864 0.9878 0.1293
vn -0.3453 0.7835 0.5167
vn 0.1436 0.9879 -0.0594
vn 0.5743 0.7833 -0.2379
vn -0.4395 0.7834 0.4395
vn 0.1525 0.9878 -0.0303
vn 0.6095 0.7835 -0.1212
vn -0.5168 0.7834 0.3453
vn 0.6215 0.7834 -0.0000
vn -0.1436 0.9879 0.0594
vn -0.5742 0.7834 0.2378
vn 0.6095 0.7835 0.1212
vn -0.1525 0.9878 0.0303
vn -0.6096 0.7834 0.1212
vn 0.1436 0.9879 0.0595
vn 0.5743 0.7834 0.2378
vn -0.0019 0.9538 -0.3003
vn 0.0552 0.9540 -0.2947
vn 0.1126 0.9535 -0.2796
vn 0.1685 0.9524 -0.2541
vn 0.2171 0.9515 -0.2180
vn 0.2574 0.9507 -0.1730
vn 0.2880 0.9501 -0.1195
vn 0.3061 0.9500 -0.0609
vn 0.3125 0.9499 -0.0001
vn 0.3069 0.9498 0.0608
vn 0.2893 0.9497 0.1200
vn 0.2598 0.9498 0.1741
vn 0.2187 0.9506 0.2201
vn 0.1688 0.9518 0.2560
vn 0.1127 0.9532 0.2805
vn 0.0551 0.9538 0.2955
vn -0.0019 0.9536 0.3010
vn -0.0588 0.9537 0.2951
vn -0.1142 0.9536 0.2784
vn -0.1641 0.9538 0.2518
vn -0.2111 0.9533 0.2158
vn -0.2525 0.9523 0.1712
vn -0.2836 0.9516 0.1183
vn -0.3032 0.9510 0.0607
vn -0.3096 0.9509 -0.0001
vn -0.3031 0.9510 -0.0605
vn -0.2830 0.9518 -0.1184
vn -0.2515 0.9527 -0.1706
vn -0.2106 0.9536 -0.2151
vn -0.1641 0.9539 -0.2512
vn -0.1137 0.9538 -0.2780
vn -0.0587 0.9539 -0.2943
vn -0.0000 -0.7233 -0.6906
vn 0.1347 -0.7233 -0.6773
vn 0.2643 -0.7233 -0.6380
vn 0.3837 -0.7233 -0.5742
vn 0.4883 -0.7233 -0.4883
vn 0.5742 -0.7233 -0.3837
vn 0.6380 -0.7233 -0.2643
vn 0.6773 -0.7233 -0.1347
vn 0.6906 -0.7232 -0.0000
vn 0.6773 -0.7233 0.1347
vn 0.6380 -0.7233 0.2643
vn 0.5742 -0.7233 0.3836
vn 0.4883 -0.7233 0.4883
vn 0.3837 -0.7233 0.5742
vn 0.2643 -0.7233 0.6380
vn 0.1347 -0.7233 0.6773
vn -0.0000 -0.7233 0.6905
vn -0.1347 -0.7233 0.6773
vn -0.2643 -0.7233 0.6380
vn -0.3837 -0.7233 0.5742
vn -0.4883 -0.7233 0.4883
vn -0.5742 -0.7233 0.3836
vn -0.6380 -0.7232 0.2643
vn -0.6773 -0.7232 0.1347
vn -0.6906 -0.7232 -0.0000
vn -0.6774 -0.7232 -0.1347
vn -0.6380 -0.7232 -0.2643
vn -0.5742 -0.7233 -0.3837
vn -0.4883 -0.7233 -0.4883
vn -0.3837 -0.7233 -0.5742
vn -0.2643 -0.7233 -0.6380
vn -0.1347 -0.7233 -0.6773
vn 0.3802 0.1135 -0.9179
vn 0.1938 0.1135 -0.9744
vn 0.7025 0.1135 0.7025
vn 0.8261 0.1135 0.5520
vn -0.9744 0.1135 -0.1938
vn -0.9935 0.1135 -0.0000
vn 0.9179 0.1135 0.3802
vn -0.9744 0.1135 0.1938
vn 0.9744 0.1135 0.1938
vn -0.9179 0.1135 0.3802
vn 0.9935 0.1135 -0.0000
vn -0.8261 0.1135 0.5520
vn 0.9744 0.1135 -0.1938
vn -0.7025 0.1135 0.7025
vn 0.5520 0.1135 -0.8261
vn 0.9179 0.1135 -0.3802
vn -0.5520 0.1135 0.8261
vn 0.8261 0.1135 -0.5520
vn -0.3802 0.1135 0.9179
vn 0.7025 0.1135 -0.7025
vn -0.1938 0.1135 0.9744
vn -0.1938 0.1135 -0.9744
vn -0.3802 0.1135 -0.9179
vn -0.0000 0.1135 0.9935
vn -0.5520 0.1135 -0.8261
vn 0.1938 0.1135 0.9744
vn -0.7025 0.1135 -0.7025
vn 0.3802 0.1135 0.9179
vn -0.8261 0.1135 -0.5520
vn 0.5520 0.1135 0.8261
vn -0.9179 0.1135 -0.3802
vn -0.0000 0.1135 -0.9935
vn -0.1648 0.9847 0.0561
vn 0.2912 0.9502 0.1107
vn 0.3774 0.9261 -0.0000
vn -0.1639 0.9865 -0.0000
vn 0.1321 0.9910 0.0228
vn -0.0551 0.9984 -0.0079
vn -0.0445 0.9989 -0.0160
vn 0.1254 0.9909 0.0498
vn -0.0032 0.9700 0.2429
vn 0.0170 0.9964 -0.0825
vn 0.0297 0.9980 -0.0562
vn -0.0632 0.9703 0.2336
vn 0.0505 0.9985 -0.0188
vn 0.0510 0.9987 -0.0000
vn 0.1470 0.9891 0.0001
vn 0.1303 0.9909 -0.0350
vn -0.0231 0.9997 -0.0000
vn -0.0440 0.9990 -0.0104
vn -0.1144 0.9932 -0.0204
vn -0.1042 0.9946 0.0002
vn -0.0340 0.9993 -0.0162
vn -0.1096 0.9932 -0.0382
vn 0.0198 0.9995 -0.0241
vn 0.1090 0.9914 -0.0724
vn -0.0396 0.9985 -0.0367
vn -0.0879 0.9938 -0.0679
vn -0.0178 0.9998 0.0098
vn 0.0681 0.9931 -0.0958
vn -0.0169 0.9992 -0.0366
vn -0.0822 0.9906 -0.1094
vn -0.0253 0.9977 0.0623
vn 0.0419 0.9915 -0.1233
vn -0.0043 0.9999 -0.0160
vn -0.0078 0.9988 0.0483
vn 0.0075 0.9934 -0.1147
vn -0.0394 0.9926 -0.1148
vn 0.1252 0.9921 -0.0000
vn -0.1475 0.9794 0.1377
vn 0.1225 0.9878 0.0966
vn -0.1046 0.9726 0.2077
vn 0.1004 0.9845 0.1441
vn 0.0648 0.9741 0.2166
vn -0.0973 0.9949 -0.0273
vn -0.0950 0.9955 -0.0003
vn -0.1299 0.9915 0.0008
vn -0.1357 0.9899 -0.0417
vn 0.1663 0.9860 0.0099
vn 0.0391 0.9734 -0.2259
vn 0.1835 0.9605 -0.2090
vn -0.0332 0.9992 -0.0224
vn -0.0857 0.9797 -0.1813
vn -0.0470 0.9989 -0.0075
vn -0.0528 0.9986 -0.0000
vn -0.0114 0.9994 -0.0323
vn 0.0016 0.9994 0.0358
vn -0.0274 0.9993 -0.0272
vn 0.0099 0.9999 -0.0117
vn -0.0430 0.9989 -0.0169
vn -0.0590 0.9983 -0.0000
vn 0.0233 0.9995 -0.0198
vn -0.0846 0.9942 -0.0661
vn -0.1244 0.9872 -0.1001
vn 0.2495 0.9634 0.0980
vn 0.2934 0.9559 0.0107
vn 0.2855 0.9584 -0.0000
vn -0.1648 0.9847 -0.0561
vn 0.2912 0.9502 -0.1107
vn 0.1321 0.9910 -0.0228
vn 0.1255 0.9908 -0.0499
vn -0.0445 0.9989 0.0160
vn -0.0552 0.9984 0.0079
vn -0.0032 0.9700 -0.2429
vn -0.0632 0.9703 -0.2334
vn 0.0297 0.9980 0.0562
vn 0.0167 0.9965 0.0823
vn 0.0505 0.9985 0.0188
vn 0.1305 0.9908 0.0360
vn -0.1151 0.9931 0.0208
vn -0.0441 0.9990 0.0104
vn -0.1111 0.9930 0.0391
vn -0.0340 0.9993 0.0162
vn 0.0198 0.9995 0.0241
vn 0.1100 0.9912 0.0730
vn -0.0897 0.9935 0.0695
vn -0.0396 0.9985 0.0368
vn -0.0178 0.9998 -0.0097
vn 0.0689 0.9929 0.0967
vn -0.0837 0.9903 0.1111
vn -0.0169 0.9992 0.0366
vn -0.0253 0.9977 -0.0622
vn 0.0422 0.9913 0.1243
vn -0.0043 0.9999 0.0160
vn -0.0404 0.9924 0.1165
vn 0.0074 0.9932 0.1159
vn -0.0078 0.9988 -0.0483
vn -0.1475 0.9795 -0.1374
vn 0.1225 0.9878 -0.0966
vn -0.1046 0.9726 -0.2077
vn 0.1005 0.9844 -0.1441
vn 0.0647 0.9741 -0.2167
vn -0.0976 0.9948 0.0275
vn -0.1359 0.9898 0.0419
vn 0.1663 0.9860 -0.0099
vn 0.1835 0.9605 0.2090
vn 0.0391 0.9734 0.2259
vn -0.0331 0.9992 0.0225
vn -0.0857 0.9797 0.1813
vn -0.0470 0.9989 0.0075
vn -0.0114 0.9994 0.0324
vn 0.0016 0.9994 -0.0358
vn -0.0274 0.9993 0.0272
vn 0.0099 0.9999 0.0117
vn -0.0430 0.9989 0.0169
vn 0.0233 0.9995 0.0199
vn -0.0846 0.9942 0.0661
vn -0.1244 0.9872 0.1001
vn 0.2934 0.9559 -0.0107
vn 0.2496 0.9634 -0.0980
vn 0.5556 -0.0000 -0.8315
vn 0.3827 -0.0000 -0.9239
vn 0.5556 -0.0000 0.8315
vn 0.7071 -0.0000 0.7071
vn -0.9239 -0.0000 -0.3827
vn -0.9808 -0.0000 -0.1951
vn 0.8315 -0.0000 0.5556
vn -1.0000 -0.0000 -0.0000
vn 0.9239 -0.0000 0.3827
vn -0.9808 -0.0000 0.1951
vn 0.9808 -0.0000 0.1951
vn -0.9239 -0.0000 0.3827
vn 1.0000 -0.0000 -0.0000
vn -0.8315 -0.0000 0.5556
vn 0.7071 -0.0000 -0.7071
vn 0.9808 -0.0000 -0.1951
vn -0.7071 -0.0000 0.7071
vn 0.9239 -0.0000 -0.3827
vn -0.5556 -0.0000 0.8315
vn 0.8315 -0.0000 -0.5556
vn -0.3827 -0.0000 0.9239
vn -0.1951 -0.0000 0.9808
vn -0.0000 -0.0000 1.0000
vn -0.3827 -0.0000 -0.9239
vn -0.5556 -0.0000 -0.8315
vn 0.1951 -0.0000 0.9808
vn -0.7071 -0.0000 -0.7071
vn 0.3827 -0.0000 0.9239
vn -0.8315 -0.0000 -0.5556
vn 0.0003 -1.0000 0.0047
vn -0.0001 -1.0000 0.0049
vn -0.0000 -1.0000 0.0065
vn 0.0002 -1.0000 0.0055
vn 0.0009 -1.0000 0.0064
vn 0.0010 -1.0000 0.0063
vn 0.0032 -1.0000 0.0043
vn 0.0035 -1.0000 0.0037
vn 0.0035 -1.0000 0.0018
vn 0.0035 -1.0000 0.0015
vn 0.0027 -1.0000 -0.0001
vn 0.0025 -1.0000 -0.0005
vn 0.0023 -1.0000 -0.0000
vn 0.0006 -1.0000 -0.0017
vn -0.0007 -1.0000 0.0071
vn -0.0025 -1.0000 0.0076
vn -0.0048 -1.0000 0.0073
vn -0.0047 -1.0000 0.0075
vn -0.0087 -0.9999 0.0052
vn -0.0069 -1.0000 0.0061
vn -0.0117 -0.9999 0.0023
vn -0.0112 -0.9999 0.0031
vn -0.0131 -0.9999 -0.0000
vn -0.0134 -0.9999 -0.0000
vn 0.0003 -1.0000 -0.0047
vn -0.0001 -1.0000 -0.0049
vn -0.0003 -1.0000 -0.0066
vn 0.0002 -1.0000 -0.0055
vn 0.0009 -1.0000 -0.0064
vn 0.0010 -1.0000 -0.0063
vn 0.0032 -1.0000 -0.0043
vn 0.0035 -1.0000 -0.0037
vn 0.0035 -1.0000 -0.0018
vn 0.0035 -1.0000 -0.0015
vn 0.0027 -1.0000 0.0001
vn 0.0025 -1.0000 0.0005
vn 0.0006 -1.0000 0.0017
vn -0.0007 -1.0000 -0.0071
vn -0.0025 -1.0000 -0.0076
vn -0.0051 -1.0000 -0.0074
vn -0.0047 -1.0000 -0.0075
vn -0.0087 -0.9999 -0.0052
vn -0.0069 -1.0000 -0.0061
vn -0.0117 -0.9999 -0.0023
vn -0.0112 -0.9999 -0.0031
vn 0.1951 -0.0000 -0.9808
vn -0.0000 -0.0000 -1.0000
vn -0.1951 -0.0000 -0.9808
vn 0.5840 0.7829 -0.2145
vn -0.6455 0.7605 -0.0705
vn -0.6004 0.7514 -0.2738
vn 0.5021 0.7557 -0.4205
vn -0.3193 0.7628 -0.5623
vn -0.8652 0.0592 -0.4978
vn -0.4873 0.0409 -0.8723
vn 0.3810 0.0451 -0.9235
vn -0.2485 0.0588 -0.9668
vn -0.2509 -0.0000 -0.9680
vn 0.3763 -0.0000 -0.9265
vn 0.0458 0.7098 -0.7029
vn 0.0484 0.0289 -0.9984
vn 0.3578 0.7013 -0.6166
vn 0.4946 0.0397 -0.8682
vn 0.7273 0.6641 -0.1735
vn 0.6005 0.6880 -0.4076
vn 0.8240 0.0403 -0.5652
vn 0.9708 0.0385 -0.2366
vn 0.7612 0.6485 -0.0000
vn 0.9993 0.0381 -0.0000
vn 0.2282 0.7608 -0.6075
vn 0.0173 0.9737 -0.2272
vn -0.0020 0.9740 -0.2264
vn -0.8890 0.0543 -0.4547
vn -0.8870 -0.0000 -0.4618
vn -0.8927 0.0506 0.4477
vn -0.8918 -0.0000 0.4525
vn -0.2960 0.0566 0.9535
vn -0.0536 0.0505 0.9973
vn -0.0568 -0.0000 0.9984
vn -0.2952 -0.0000 0.9554
vn -0.8728 0.0518 0.4854
vn -0.9987 0.0513 -0.0000
vn -0.8739 -0.0000 0.4860
vn -0.3960 0.9122 -0.1055
vn -0.4296 0.9030 -0.0000
vn -0.0239 0.9997 -0.0000
vn -0.1933 0.8008 0.5669
vn -0.2172 0.9736 -0.0707
vn -0.2465 0.9691 -0.0000
vn -0.7477 0.6641 -0.0000
vn -0.0453 0.7006 0.7121
vn -0.1709 0.9769 -0.1285
vn -0.2368 0.9679 -0.0838
vn 0.2353 0.9695 0.0690
vn 0.2402 0.9707 -0.0000
vn -0.2642 0.9645 -0.0000
vn -0.5726 0.8180 -0.0543
vn -0.5624 0.8084 -0.1737
vn -0.6206 0.7842 -0.0000
vn 0.0676 0.9748 -0.2124
vn 0.1174 0.9753 -0.1872
vn 0.3653 0.7713 -0.5212
vn 0.2300 0.7849 -0.5753
vn 0.4269 -0.4377 0.7913
vn 0.6666 -0.4578 0.5882
vn 0.6494 0.4709 0.5971
vn 0.4017 0.4862 0.7761
vn 0.0488 0.9008 -0.4315
vn 0.1441 0.8972 -0.4174
vn -0.1148 0.9563 0.2689
vn -0.0390 0.9656 0.2572
vn 0.0840 0.7907 -0.6064
vn -0.0140 0.7935 -0.6084
vn -0.4870 0.8516 -0.1939
vn -0.3293 0.8921 -0.3093
vn 0.2311 0.9560 0.1808
vn 0.3750 0.9202 0.1123
vn -0.4702 -0.4269 0.7725
vn -0.3197 -0.3937 0.8618
vn -0.2942 0.4702 0.8321
vn -0.4549 0.4684 0.7574
vn -0.1856 0.9078 -0.3762
vn 0.1247 0.9667 0.2235
vn -0.8568 -0.5156 -0.0000
vn -0.8475 -0.4962 0.1883
vn -0.8604 0.4683 0.2008
vn -0.8801 0.4747 -0.0000
vn 0.2492 0.8824 -0.3992
vn 0.3648 0.8831 -0.2952
vn -0.2258 0.9559 0.1876
vn -0.1436 0.9585 0.2463
vn -0.5294 0.8483 -0.0000
vn 0.4296 0.9030 0.0001
vn 0.1745 -0.4136 0.8936
vn 0.1575 0.4967 0.8535
vn -0.0758 0.9039 -0.4210
vn -0.0112 0.8945 -0.4469
vn 0.0041 0.9710 0.2389
vn 0.0420 0.9700 0.2396
vn 0.3038 0.9513 -0.0514
vn 0.3326 0.9431 -0.0000
vn 0.7942 0.6077 -0.0000
vn 0.7753 0.6225 -0.1062
vn -0.1162 -0.3854 0.9154
vn 0.0258 -0.3943 0.9186
vn 0.0216 0.5033 0.8638
vn -0.1015 0.4879 0.8669
vn -0.5416 0.7296 -0.4176
vn -0.6909 0.6829 -0.2371
vn -0.1056 0.9760 -0.1906
vn -0.3038 0.7772 -0.5511
vn -0.0396 0.9741 -0.2228
vn -0.1126 0.7906 -0.6019
vn 0.1999 0.9694 -0.1424
vn 0.6217 0.6908 -0.3692
vn -0.7545 0.6563 -0.0000
vn 0.5646 0.8183 -0.1076
vn 0.6438 0.7652 -0.0000
vn -0.2747 0.9615 -0.0000
vn -0.2759 0.9595 0.0575
vn 0.8234 -0.4650 0.3251
vn 0.8344 0.4240 0.3522
vn -0.7023 -0.4584 0.5446
vn -0.6928 0.4568 0.5580
vn 0.8864 -0.4630 -0.0000
vn 0.9325 0.3612 0.0001
vn -0.4152 -0.9033 0.1080
vn -0.3672 -0.8498 0.3781
vn -0.3088 -0.7741 0.5526
vn -0.2219 -0.7534 0.6190
vn 0.4610 -0.8676 0.1864
vn 0.4937 -0.8696 -0.0000
vn 0.0068 -0.7367 0.6762
vn 0.0893 -0.7688 0.6332
vn 0.3765 -0.8559 0.3545
vn -0.0767 -0.7373 0.6712
vn 0.2392 -0.8214 0.5178
vn -0.4138 -0.9104 -0.0000
vn 0.6599 0.7514 -0.0000
vn -0.7195 0.6945 -0.0000
vn -0.4736 0.0506 0.8793
vn -0.4726 -0.0000 0.8813
vn -0.1534 0.7790 -0.6079
vn 0.9155 0.0416 -0.4003
vn 0.7160 0.0371 -0.6971
vn 0.7185 -0.0000 -0.6956
vn 0.9169 -0.0000 -0.3991
vn -0.4991 0.8158 -0.2921
vn -0.5224 0.8178 0.2416
vn -0.6446 0.6752 0.3585
vn -0.3559 0.6524 0.6691
vn 0.9991 0.0434 -0.0000
vn 1.0000 -0.0000 -0.0001
vn -0.9844 0.0602 -0.1654
vn 0.5471 0.8147 0.1922
vn 0.5547 0.8320 -0.0000
vn -0.0695 0.9955 0.0646
vn -0.5290 0.8278 -0.1868
vn 0.1768 0.8814 0.4379
vn 0.4285 0.8115 0.3972
vn -0.9982 0.0605 -0.0000
vn 0.5841 0.7829 0.2144
vn 0.5021 0.7557 0.4205
vn -0.6004 0.7514 0.2738
vn -0.6455 0.7605 0.0705
vn -0.3193 0.7628 0.5623
vn -0.4873 0.0409 0.8723
vn -0.8652 0.0592 0.4978
vn 0.3810 0.0451 0.9235
vn 0.3763 -0.0000 0.9265
vn -0.2509 -0.0000 0.9680
vn -0.2485 0.0587 0.9668
vn 0.0453 0.7100 0.7028
vn 0.0484 0.0289 0.9984
vn 0.3578 0.7013 0.6166
vn 0.4946 0.0395 0.8682
vn 0.7273 0.6641 0.1735
vn 0.9708 0.0381 0.2368
vn 0.8240 0.0403 0.5652
vn 0.6005 0.6880 0.4076
vn 0.2282 0.7608 0.6076
vn -0.0020 0.9740 0.2264
vn 0.0175 0.9737 0.2274
vn -0.8870 -0.0000 0.4618
vn -0.8890 0.0543 0.4547
vn -0.8917 -0.0000 -0.4525
vn -0.8927 0.0505 -0.4478
vn -0.2960 0.0567 -0.9535
vn -0.2951 -0.0000 -0.9555
vn -0.0568 -0.0000 -0.9984
vn -0.0536 0.0505 -0.9973
vn -0.8728 0.0518 -0.4854
vn -0.8739 -0.0000 -0.4860
vn -0.3959 0.9122 0.1053
vn -0.1933 0.8008 -0.5668
vn -0.2172 0.9736 0.0707
vn -0.0453 0.7006 -0.7121
vn -0.1709 0.9769 0.1286
vn -0.2368 0.9679 0.0838
vn 0.2353 0.9695 -0.0690
vn -0.5726 0.8180 0.0543
vn -0.5623 0.8085 0.1737
vn 0.0676 0.9748 0.2124
vn 0.2302 0.7845 0.5759
vn 0.3654 0.7713 0.5212
vn 0.1174 0.9753 0.1872
vn 0.4269 -0.4377 -0.7913
vn 0.4017 0.4862 -0.7761
vn 0.6494 0.4709 -0.5971
vn 0.6666 -0.4578 -0.5882
vn 0.0488 0.9008 0.4315
vn -0.0390 0.9656 -0.2572
vn -0.1147 0.9564 -0.2687
vn 0.1441 0.8972 0.4174
vn -0.0140 0.7941 0.6076
vn 0.0840 0.7907 0.6063
vn -0.4871 0.8515 0.1940
vn 0.3749 0.9202 -0.1123
vn 0.2319 0.9557 -0.1811
vn -0.3293 0.8920 0.3096
vn -0.4703 -0.4268 -0.7724
vn -0.4548 0.4683 -0.7575
vn -0.2942 0.4703 -0.8320
vn -0.3197 -0.3937 -0.8618
vn 0.1247 0.9667 -0.2235
vn -0.1856 0.9078 0.3762
vn -0.8605 0.4681 -0.2009
vn -0.8475 -0.4962 -0.1883
vn 0.2492 0.8824 0.3992
vn -0.1436 0.9585 -0.2463
vn -0.2258 0.9559 -0.1876
vn 0.3648 0.8831 0.2951
vn 0.4296 0.9030 -0.0001
vn 0.1745 -0.4136 -0.8936
vn 0.1575 0.4967 -0.8535
vn -0.0756 0.9042 0.4204
vn 0.0420 0.9700 -0.2396
vn 0.0041 0.9710 -0.2389
vn -0.0111 0.8947 0.4465
vn 0.3038 0.9513 0.0514
vn 0.7753 0.6225 0.1062
vn -0.1163 -0.3854 -0.9154
vn -0.1016 0.4880 -0.8669
vn 0.0216 0.5033 -0.8638
vn 0.0258 -0.3943 -0.9186
vn -0.6909 0.6829 0.2371
vn -0.5417 0.7295 0.4175
vn -0.3035 0.7774 0.5509
vn -0.1057 0.9760 0.1906
vn -0.1128 0.7903 0.6022
vn -0.0397 0.9741 0.2226
vn 0.1999 0.9694 0.1424
vn 0.6216 0.6908 0.3693
vn 0.5646 0.8183 0.1076
vn -0.2761 0.9594 -0.0577
vn 0.8344 0.4240 -0.3522
vn 0.8236 -0.4647 -0.3252
vn -0.7023 -0.4584 -0.5446
vn -0.6928 0.4568 -0.5580
vn 0.9325 0.3612 -0.0002
vn -0.3672 -0.8498 -0.3781
vn -0.4151 -0.9033 -0.1080
vn -0.2219 -0.7534 -0.6190
vn -0.3087 -0.7741 -0.5526
vn 0.4611 -0.8676 -0.1864
vn 0.0894 -0.7689 -0.6331
vn 0.0068 -0.7367 -0.6762
vn 0.3765 -0.8559 -0.3545
vn -0.0766 -0.7375 -0.6710
vn 0.2392 -0.8214 -0.5178
vn -0.4736 0.0506 -0.8793
vn -0.4726 -0.0000 -0.8813
vn -0.1535 0.7791 0.6078
vn 0.9155 0.0416 0.4003
vn 0.9169 -0.0000 0.3991
vn 0.7185 -0.0000 0.6956
vn 0.7160 0.0371 0.6971
vn -0.4991 0.8158 0.2921
vn -0.5224 0.8178 -0.2416
vn -0.3559 0.6524 -0.6691
vn -0.6447 0.6749 -0.3589
vn -0.9844 0.0601 0.1655
vn 0.5471 0.8147 -0.1922
vn -0.0695 0.9955 -0.0647
vn -0.5292 0.8277 0.1868
vn 0.1768 0.8814 -0.4380
vn 0.4284 0.8116 -0.3973
vn -0.5000 -0.0000 -0.8660
vn -0.4936 0.1590 -0.8550
vn -0.0000 0.1591 -0.9873
vn 0.8660 -0.0000 -0.5000
vn 0.8550 0.1590 -0.4936
vn 0.9873 0.1589 -0.0000
vn 1.0000 0.0001 -0.0003
vn 1.0000 -0.0000 0.0001
vn 0.9873 0.1589 0.0004
vn 0.8550 0.1590 0.4936
vn 0.8660 -0.0000 0.5000
vn 0.4937 0.1588 0.8550
vn 0.5000 -0.0000 0.8660
vn -0.0000 0.1591 0.9873
vn -0.4936 0.1588 0.8550
vn -0.5000 -0.0000 0.8660
vn -0.8550 0.1590 0.4936
vn -0.8660 -0.0000 0.5000
vn -0.9873 0.1589 -0.0000
vn -0.8550 0.1590 -0.4937
vn -0.8660 -0.0000 -0.5000
vn 0.4937 0.1590 -0.8550
vn 0.5000 -0.0000 -0.8660
vn -0.0000 0.6196 -0.7849
vn 0.3925 0.6194 -0.6799
vn -0.0000 0.9635 -0.2678
vn 0.1339 0.9634 -0.2320
vn 0.6799 0.6194 -0.3925
vn 0.2321 0.9634 -0.1339
vn 0.7850 0.6195 -0.0001
vn 0.2679 0.9634 -0.0000
vn 0.7850 0.6195 0.0001
vn 0.6799 0.6194 0.3925
vn 0.2680 0.9634 -0.0000
vn 0.2320 0.9634 0.1339
vn 0.3926 0.6194 0.6799
vn 0.1339 0.9634 0.2320
vn -0.0001 0.6196 0.7849
vn -0.0000 0.9635 0.2679
vn -0.3925 0.6194 0.6799
vn -0.1339 0.9634 0.2320
vn -0.6798 0.6195 0.3925
vn -0.2320 0.9634 0.1339
vn -0.7851 0.6194 -0.0000
vn -0.2678 0.9635 -0.0000
vn -0.6798 0.6195 -0.3925
vn -0.2321 0.9634 -0.1339
vn -0.3925 0.6195 -0.6798
vn -0.1339 0.9634 -0.2321
vn -0.2319 0.9635 0.1339
vn -0.2318 0.9635 -0.1339
vn -0.1339 0.9635 0.2318
vn -0.1339 0.9635 -0.2318
vn -0.0000 0.9635 0.2678
vn 0.1339 0.9635 0.2318
vn 0.1339 0.9635 -0.2318
vn 0.2318 0.9635 0.1339
vn 0.2318 0.9635 -0.1339
vn 0.2678 0.9635 -0.0000
vt 0.522934 0.984801
vt 0.523756 0.984822
vt 0.528784 0.984789
vt 0.522008 0.984837
vt 0.525943 0.984829
vt 0.531999 0.984488
vt 0.533230 0.984562
vt 0.530529 0.984328
vt 0.478229 0.984801
vt 0.472363 0.984789
vt 0.477441 0.984822
vt 0.479233 0.984837
vt 0.475282 0.984829
vt 0.469269 0.984488
vt 0.470599 0.984328
vt 0.467939 0.984562
vt 0.501473 0.983426
vt 0.511920 0.983426
vt 0.508158 0.983426
vt 0.494747 0.983426
vt 0.490913 0.983426
vt 0.506890 0.988423
vt 0.501215 0.988423
vt 0.501215 0.988734
vt 0.512916 0.988366
vt 0.512829 0.988386
vt 0.513034 0.988355
vt 0.512121 0.989280
vt 0.511570 0.989289
vt 0.511978 0.989148
vt 0.512280 0.989272
vt 0.512192 0.989160
vt 0.511770 0.989264
vt 0.512436 0.988405
vt 0.512123 0.988564
vt 0.512005 0.988423
vt 0.512606 0.988886
vt 0.512424 0.988796
vt 0.512813 0.988351
vt 0.512674 0.988646
vt 0.495547 0.988423
vt 0.489570 0.988366
vt 0.489461 0.988355
vt 0.489665 0.988386
vt 0.490371 0.989280
vt 0.490516 0.989148
vt 0.490920 0.989289
vt 0.490208 0.989272
vt 0.490712 0.989264
vt 0.490292 0.989160
vt 0.490064 0.988405
vt 0.490497 0.988423
vt 0.490376 0.988564
vt 0.489884 0.988886
vt 0.490072 0.988796
vt 0.489666 0.988351
vt 0.489810 0.988646
vt 0.418665 0.031451
vt 0.429079 0.031451
vt 0.433645 0.018443
vt 0.424203 0.018443
vt 0.440092 0.031451
vt 0.443777 0.018443
vt 0.451536 0.031451
vt 0.454407 0.018443
vt 0.463288 0.031451
vt 0.465396 0.018443
vt 0.475250 0.031451
vt 0.476631 0.018443
vt 0.487345 0.031451
vt 0.488021 0.018443
vt 0.499503 0.031451
vt 0.499485 0.018443
vt 0.511658 0.031451
vt 0.510946 0.018443
vt 0.523748 0.031451
vt 0.522330 0.018443
vt 0.535702 0.031451
vt 0.533555 0.018443
vt 0.547440 0.031451
vt 0.544528 0.018443
vt 0.558865 0.031451
vt 0.555136 0.018443
vt 0.569851 0.031451
vt 0.565237 0.018443
vt 0.580229 0.031451
vt 0.574637 0.018443
vt 0.589759 0.031451
vt 0.583072 0.018443
vt 0.598090 0.031451
vt 0.590158 0.018443
vt 0.604678 0.031451
vt 0.595322 0.018443
vt 0.608648 0.031451
vt 0.597678 0.018443
vt 0.608519 0.031451
vt 0.595820 0.018443
vt 0.601708 0.031451
vt 0.587530 0.018443
vt 0.583810 0.031451
vt 0.569622 0.018443
vt 0.549057 0.031451
vt 0.539119 0.018443
vt 0.497753 0.031451
vt 0.498060 0.018443
vt 0.447026 0.031451
vt 0.457344 0.018443
vt 0.413259 0.031451
vt 0.427521 0.018443
vt 0.396081 0.031451
vt 0.410202 0.018443
vt 0.389708 0.031451
vt 0.402319 0.018443
vt 0.389845 0.031451
vt 0.400727 0.018443
vt 0.393981 0.031451
vt 0.403258 0.018443
vt 0.572242 0.958873
vt 0.590232 0.958873
vt 0.586602 0.982374
vt 0.568730 0.982374
vt 0.400678 0.031451
vt 0.408541 0.018443
vt 0.409082 0.031451
vt 0.415709 0.018443
vt 0.488174 0.011490
vt 0.499481 0.011490
vt 0.499480 0.002826
vt 0.488208 0.002826
vt 0.459283 0.011490
vt 0.430354 0.011490
vt 0.430949 0.002826
vt 0.459686 0.002826
vt 0.581574 0.011490
vt 0.588392 0.011490
vt 0.588012 0.002826
vt 0.581252 0.002826
vt 0.498116 0.011490
vt 0.498127 0.002826
vt 0.444609 0.011490
vt 0.455057 0.011490
vt 0.455198 0.002826
vt 0.444789 0.002826
vt 0.543869 0.011490
vt 0.554293 0.011490
vt 0.554111 0.002826
vt 0.543726 0.002826
vt 0.584590 0.011490
vt 0.566812 0.011490
vt 0.566222 0.002826
vt 0.583968 0.002826
vt 0.405307 0.011490
vt 0.410292 0.011490
vt 0.410669 0.002826
vt 0.405747 0.002826
vt 0.510784 0.011490
vt 0.510749 0.002826
vt 0.593257 0.011490
vt 0.592813 0.002826
vt 0.413136 0.011490
vt 0.413758 0.002826
vt 0.465874 0.011490
vt 0.465977 0.002826
vt 0.564196 0.011490
vt 0.563971 0.002826
vt 0.537256 0.011490
vt 0.536870 0.002826
vt 0.522008 0.011490
vt 0.521939 0.002826
vt 0.595286 0.011490
vt 0.594774 0.002826
vt 0.405018 0.011490
vt 0.405594 0.002826
vt 0.476945 0.011490
vt 0.477012 0.002826
vt 0.573379 0.011490
vt 0.573108 0.002826
vt 0.417194 0.011490
vt 0.417514 0.002826
vt 0.533068 0.011490
vt 0.532963 0.002826
vt 0.593104 0.011490
vt 0.592526 0.002826
vt 0.403101 0.011490
vt 0.403609 0.002826
vt 0.434676 0.011490
vt 0.434898 0.002826
vt 0.510296 0.002841
vt 0.521038 0.002841
vt 0.520268 0.009535
vt 0.509909 0.009535
vt 0.425449 0.011490
vt 0.425717 0.002826
vt 0.415501 0.002841
vt 0.421629 0.002841
vt 0.425098 0.009535
vt 0.419549 0.009535
vt 0.437770 0.002841
vt 0.447116 0.002841
vt 0.449098 0.009535
vt 0.440211 0.009535
vt 0.457016 0.002841
vt 0.458567 0.009535
vt 0.467315 0.002841
vt 0.468457 0.009535
vt 0.477890 0.002841
vt 0.478639 0.009535
vt 0.488637 0.002841
vt 0.489005 0.009535
vt 0.499468 0.002841
vt 0.499458 0.009535
vt 0.510413 0.000000
vt 0.499471 0.000000
vt 0.499477 0.000000
vt 0.510625 0.000000
vt 0.531601 0.002841
vt 0.530437 0.009535
vt 0.541882 0.002841
vt 0.540309 0.009535
vt 0.551757 0.002841
vt 0.549753 0.009535
vt 0.561069 0.002841
vt 0.558604 0.009535
vt 0.569611 0.002841
vt 0.566650 0.009535
vt 0.577100 0.002841
vt 0.573602 0.009535
vt 0.583141 0.002841
vt 0.579061 0.009535
vt 0.587155 0.002841
vt 0.582458 0.009535
vt 0.588289 0.002841
vt 0.582973 0.009535
vt 0.585272 0.002841
vt 0.579434 0.009535
vt 0.576285 0.002841
vt 0.570262 0.009535
vt 0.559100 0.002841
vt 0.553707 0.009535
vt 0.532305 0.002841
vt 0.528968 0.009535
vt 0.498262 0.002841
vt 0.498359 0.009535
vt 0.464445 0.002841
vt 0.467931 0.009535
vt 0.438140 0.002841
vt 0.443597 0.009535
vt 0.421435 0.002841
vt 0.427462 0.009535
vt 0.412813 0.002841
vt 0.418628 0.009535
vt 0.410052 0.002841
vt 0.415337 0.009535
vt 0.411363 0.002841
vt 0.416027 0.009535
vt 0.395153 0.934764
vt 0.401415 0.958873
vt 0.406971 0.958873
vt 0.401666 0.934764
vt 0.428293 0.000000
vt 0.420575 0.000000
vt 0.418651 0.000000
vt 0.426673 0.000000
vt 0.546803 0.009911
vt 0.533407 0.000000
vt 0.560845 0.000000
vt 0.564169 0.000000
vt 0.535535 0.000000
vt 0.521270 0.000000
vt 0.521691 0.000000
vt 0.498230 0.000000
vt 0.498167 0.000000
vt 0.531952 0.000000
vt 0.532589 0.000000
vt 0.463296 0.000000
vt 0.461077 0.000000
vt 0.542356 0.000000
vt 0.543219 0.000000
vt 0.436376 0.000000
vt 0.433020 0.000000
vt 0.552363 0.000000
vt 0.553463 0.000000
vt 0.419524 0.000000
vt 0.415938 0.000000
vt 0.561815 0.000000
vt 0.563172 0.000000
vt 0.414266 0.000000
vt 0.412007 0.000000
vt 0.410997 0.000000
vt 0.407624 0.000000
vt 0.570508 0.000000
vt 0.572143 0.000000
vt 0.437032 0.000000
vt 0.435689 0.000000
vt 0.408420 0.000000
vt 0.405408 0.000000
vt 0.578164 0.000000
vt 0.580105 0.000000
vt 0.446518 0.000000
vt 0.445430 0.000000
vt 0.409933 0.000000
vt 0.407308 0.000000
vt 0.584385 0.000000
vt 0.586663 0.000000
vt 0.456548 0.000000
vt 0.455698 0.000000
vt 0.588596 0.000000
vt 0.591241 0.000000
vt 0.466970 0.000000
vt 0.466345 0.000000
vt 0.429182 0.002841
vt 0.432116 0.009535
vt 0.589932 0.000000
vt 0.592963 0.000000
vt 0.477664 0.000000
vt 0.477253 0.000000
vt 0.587096 0.000000
vt 0.590486 0.000000
vt 0.488527 0.000000
vt 0.488326 0.000000
vt 0.578195 0.000000
vt 0.581784 0.000000
vt 0.408096 0.036982
vt 0.417843 0.036982
vt 0.428403 0.036982
vt 0.439547 0.036982
vt 0.451112 0.036982
vt 0.462977 0.036982
vt 0.475047 0.036982
vt 0.487246 0.036982
vt 0.499505 0.036982
vt 0.511763 0.036982
vt 0.523957 0.036982
vt 0.536018 0.036983
vt 0.547870 0.036983
vt 0.559416 0.036983
vt 0.570534 0.036983
vt 0.581059 0.036983
vt 0.590756 0.036983
vt 0.599277 0.036983
vt 0.606089 0.036983
vt 0.610322 0.036983
vt 0.610491 0.036983
vt 0.603972 0.036983
vt 0.586180 0.036982
vt 0.550813 0.036982
vt 0.497697 0.036982
vt 0.445209 0.036982
vt 0.410884 0.036982
vt 0.393830 0.036982
vt 0.387753 0.036982
vt 0.388186 0.036982
vt 0.392582 0.036982
vt 0.399501 0.036982
vt 0.552820 0.010740
vt 0.558195 0.011640
vt 0.562609 0.012034
vt 0.565508 0.011640
vt 0.565983 0.010740
vt 0.562655 0.009911
vt 0.534362 0.010594
vt 0.537862 0.013327
vt 0.540825 0.016540
vt 0.542998 0.018013
vt 0.543903 0.016540
vt 0.542727 0.013327
vt 0.538237 0.010594
vt 0.521516 0.011243
vt 0.522217 0.015984
vt 0.522236 0.021926
vt 0.521328 0.024836
vt 0.519089 0.021926
vt 0.514927 0.015984
vt 0.508143 0.011243
vt 0.508488 0.011509
vt 0.506355 0.017121
vt 0.503335 0.024377
vt 0.499186 0.028189
vt 0.493614 0.024377
vt 0.486368 0.017121
vt 0.477506 0.011509
vt 0.495491 0.011243
vt 0.490740 0.015984
vt 0.485040 0.021926
vt 0.478227 0.024836
vt 0.470214 0.021926
vt 0.461157 0.015984
vt 0.451748 0.011243
vt 0.482721 0.010594
vt 0.475784 0.013327
vt 0.468116 0.016540
vt 0.459712 0.018013
vt 0.450726 0.016540
vt 0.441614 0.013327
vt 0.433319 0.010594
vt 0.470358 0.009911
vt 0.461821 0.010740
vt 0.453083 0.011640
vt 0.444295 0.012034
vt 0.435760 0.011640
vt 0.428006 0.010740
vt 0.421876 0.009911
vt 0.419356 0.934764
vt 0.423090 0.958873
vt 0.432726 0.958873
vt 0.429648 0.934764
vt 0.535435 0.934764
vt 0.533988 0.958873
vt 0.545115 0.958873
vt 0.547078 0.934764
vt 0.497796 0.934764
vt 0.498005 0.958873
vt 0.455507 0.958873
vt 0.448492 0.934764
vt 0.523572 0.934764
vt 0.522616 0.958873
vt 0.547643 0.934764
vt 0.540885 0.958873
vt 0.511570 0.934764
vt 0.511090 0.958873
vt 0.581873 0.934764
vt 0.499500 0.934764
vt 0.499488 0.958873
vt 0.599835 0.934764
vt 0.487429 0.934764
vt 0.487884 0.958873
vt 0.606878 0.934764
vt 0.598289 0.958873
vt 0.443034 0.958873
vt 0.440550 0.934764
vt 0.475422 0.934764
vt 0.476352 0.958873
vt 0.607249 0.934764
vt 0.599838 0.958873
vt 0.463550 0.934764
vt 0.464970 0.958873
vt 0.603495 0.934764
vt 0.597179 0.958873
vt 0.451893 0.934764
vt 0.453828 0.958873
vt 0.597093 0.934764
vt 0.591741 0.958873
vt 0.588922 0.934764
vt 0.584412 0.958873
vt 0.391232 0.934764
vt 0.398583 0.958873
vt 0.579530 0.934764
vt 0.575760 0.958873
vt 0.391337 0.934764
vt 0.399865 0.958873
vt 0.569276 0.934764
vt 0.566165 0.958873
vt 0.397944 0.934764
vt 0.407508 0.958873
vt 0.558401 0.934764
vt 0.555888 0.958873
vt 0.415201 0.934764
vt 0.424882 0.958873
vt 0.414381 0.958873
vt 0.409912 0.934764
vt 0.498054 1.000000
vt 0.457170 1.000000
vt 0.455343 1.000000
vt 0.498001 1.000000
vt 0.499483 0.982374
vt 0.510895 0.982374
vt 0.538524 0.982374
vt 0.522229 0.982374
vt 0.498077 0.982374
vt 0.533403 0.982374
vt 0.457962 0.982374
vt 0.544322 0.982374
vt 0.428420 0.982374
vt 0.554873 0.982374
vt 0.411128 0.982374
vt 0.564911 0.982374
vt 0.416173 0.982374
vt 0.424592 0.982374
vt 0.403168 0.982374
vt 0.574244 0.982374
vt 0.433967 0.982374
vt 0.401471 0.982374
vt 0.582604 0.982374
vt 0.444037 0.982374
vt 0.403900 0.982374
vt 0.589606 0.982374
vt 0.454610 0.982374
vt 0.409089 0.982374
vt 0.594675 0.982374
vt 0.465545 0.982374
vt 0.596928 0.982374
vt 0.476729 0.982374
vt 0.594966 0.982374
vt 0.488069 0.982374
vt 0.428834 0.998454
vt 0.458247 0.998454
vt 0.459208 0.993130
vt 0.430244 0.993130
vt 0.511186 0.986674
vt 0.499490 0.986674
vt 0.499490 0.998341
vt 0.511166 0.998341
vt 0.498085 0.998454
vt 0.538252 0.998454
vt 0.537327 0.993130
vt 0.498113 0.993130
vt 0.487793 0.986674
vt 0.487813 0.998341
vt 0.568319 0.998454
vt 0.566920 0.993130
vt 0.476166 0.986674
vt 0.476206 0.998341
vt 0.586173 0.998454
vt 0.584704 0.993130
vt 0.464686 0.986674
vt 0.464747 0.998341
vt 0.413490 0.986674
vt 0.405916 0.986674
vt 0.406142 0.998341
vt 0.413682 0.998341
vt 0.594570 0.998454
vt 0.593210 0.993130
vt 0.453440 0.986674
vt 0.453523 0.998341
vt 0.400174 0.986674
vt 0.400441 0.998341
vt 0.596579 0.998454
vt 0.595380 0.993130
vt 0.442537 0.986674
vt 0.442643 0.998341
vt 0.397134 0.986674
vt 0.397445 0.998341
vt 0.594375 0.998454
vt 0.593338 0.993130
vt 0.432111 0.986674
vt 0.432243 0.998341
vt 0.398198 0.986674
vt 0.398557 0.998341
vt 0.589349 0.998454
vt 0.588462 0.993130
vt 0.422344 0.986674
vt 0.422504 0.998341
vt 0.405663 0.986674
vt 0.406061 0.998341
vt 0.582386 0.998454
vt 0.581633 0.993130
vt 0.423052 0.986674
vt 0.423449 0.998341
vt 0.574061 0.998454
vt 0.573429 0.993130
vt 0.454216 0.986674
vt 0.454497 0.998341
vt 0.564760 0.998454
vt 0.564237 0.993130
vt 0.497967 0.986674
vt 0.497976 0.998341
vt 0.554751 0.998454
vt 0.554327 0.993130
vt 0.542127 0.986674
vt 0.541857 0.998341
vt 0.544226 0.998454
vt 0.543894 0.993130
vt 0.574060 0.986674
vt 0.573666 0.998341
vt 0.583582 0.982374
vt 0.590761 0.982374
vt 0.433295 0.982374
vt 0.443493 0.982374
vt 0.402557 0.982374
vt 0.407943 0.982374
vt 0.596029 0.982374
vt 0.454186 0.982374
vt 0.465233 0.982374
vt 0.598499 0.982374
vt 0.476525 0.982374
vt 0.596756 0.982374
vt 0.487969 0.982374
vt 0.588552 0.982374
vt 0.499486 0.982374
vt 0.570608 0.982374
vt 0.511001 0.982374
vt 0.539780 0.982374
vt 0.522439 0.982374
vt 0.498039 0.982374
vt 0.533720 0.982374
vt 0.456656 0.982374
vt 0.544752 0.982374
vt 0.426527 0.982374
vt 0.555423 0.982374
vt 0.409183 0.982374
vt 0.565591 0.982374
vt 0.401388 0.982374
vt 0.575065 0.982374
vt 0.399912 0.982374
vt 0.415203 0.982374
vt 0.522808 0.986674
vt 0.522767 0.998341
vt 0.534278 0.986674
vt 0.534216 0.998341
vt 0.411556 0.998454
vt 0.413022 0.993130
vt 0.545508 0.986674
vt 0.545424 0.998341
vt 0.403561 0.998454
vt 0.404913 0.993130
vt 0.434117 0.998454
vt 0.424773 0.998454
vt 0.425399 0.993130
vt 0.434635 0.993130
vt 0.556391 0.986674
vt 0.556283 0.998341
vt 0.401817 0.998454
vt 0.403007 0.993130
vt 0.415580 1.000000
vt 0.424094 1.000000
vt 0.422994 1.000000
vt 0.414266 1.000000
vt 0.566787 0.986674
vt 0.566654 0.998341
vt 0.404198 0.998454
vt 0.405226 0.993130
vt 0.454705 0.998454
vt 0.444158 0.998454
vt 0.444576 0.993130
vt 0.455031 0.993130
vt 0.576513 0.986674
vt 0.576351 0.998341
vt 0.409343 0.998454
vt 0.410223 0.993130
vt 0.465614 0.998454
vt 0.465855 0.993130
vt 0.585311 0.986674
vt 0.585118 0.998341
vt 0.423779 0.982374
vt 0.476775 0.998454
vt 0.476932 0.993130
vt 0.592806 0.986674
vt 0.592577 0.998341
vt 0.488091 0.998454
vt 0.488168 0.993130
vt 0.598431 0.986674
vt 0.598162 0.998341
vt 0.499483 0.998454
vt 0.499480 0.993130
vt 0.601298 0.986674
vt 0.600984 0.998341
vt 0.510872 0.998454
vt 0.510791 0.993130
vt 0.599967 0.986674
vt 0.599606 0.998341
vt 0.522183 0.998454
vt 0.522021 0.993130
vt 0.592083 0.986674
vt 0.591683 0.998341
vt 0.533332 0.998454
vt 0.533087 0.993130
vt 0.477154 0.989416
vt 0.488277 0.989416
vt 0.533597 1.000000
vt 0.544585 1.000000
vt 0.545166 1.000000
vt 0.534025 1.000000
vt 0.427269 1.000000
vt 0.424648 1.000000
vt 0.555209 1.000000
vt 0.555952 1.000000
vt 0.409943 1.000000
vt 0.407271 1.000000
vt 0.565327 1.000000
vt 0.566245 1.000000
vt 0.433556 1.000000
vt 0.432647 1.000000
vt 0.402081 1.000000
vt 0.399651 1.000000
vt 0.574746 1.000000
vt 0.575857 1.000000
vt 0.416389 0.998454
vt 0.417135 0.993130
vt 0.400519 1.000000
vt 0.398396 1.000000
vt 0.583202 1.000000
vt 0.584527 1.000000
vt 0.443704 1.000000
vt 0.442970 1.000000
vt 0.403079 1.000000
vt 0.401255 1.000000
vt 0.590312 1.000000
vt 0.591878 1.000000
vt 0.454351 1.000000
vt 0.453778 1.000000
vt 0.408388 1.000000
vt 0.406835 1.000000
vt 0.595502 1.000000
vt 0.597341 1.000000
vt 0.465354 1.000000
vt 0.464933 1.000000
vt 0.597887 1.000000
vt 0.600026 1.000000
vt 0.476604 1.000000
vt 0.476328 1.000000
vt 0.596058 1.000000
vt 0.598504 1.000000
vt 0.488008 1.000000
vt 0.487873 1.000000
vt 0.587790 1.000000
vt 0.590468 1.000000
vt 0.499485 1.000000
vt 0.499488 1.000000
vt 0.569872 1.000000
vt 0.572474 1.000000
vt 0.510960 1.000000
vt 0.511102 1.000000
vt 0.539286 1.000000
vt 0.541042 1.000000
vt 0.522358 1.000000
vt 0.522641 1.000000
vt 0.521793 0.989416
vt 0.510676 0.989416
vt 0.510676 0.981637
vt 0.521793 0.981637
vt 0.591322 0.989416
vt 0.582677 0.989416
vt 0.499478 0.989416
vt 0.565006 0.989416
vt 0.536077 0.989416
vt 0.498150 0.989416
vt 0.532743 0.989416
vt 0.460512 0.989416
vt 0.543428 0.989416
vt 0.432175 0.989416
vt 0.553731 0.989416
vt 0.415046 0.989416
vt 0.563501 0.989416
vt 0.418182 0.989416
vt 0.426279 0.989416
vt 0.406791 0.989416
vt 0.572541 0.989416
vt 0.435363 0.989416
vt 0.404669 0.989416
vt 0.580577 0.989416
vt 0.445166 0.989416
vt 0.406666 0.989416
vt 0.587218 0.989416
vt 0.455492 0.989416
vt 0.411456 0.989416
vt 0.591887 0.989416
vt 0.466193 0.989416
vt 0.593707 0.989416
vt 0.462773 0.979519
vt 0.498214 0.979519
vt 0.498231 0.980801
vt 0.463354 0.980801
vt 0.536077 0.981637
vt 0.498150 0.981637
vt 0.532743 0.981637
vt 0.460512 0.981637
vt 0.543428 0.981637
vt 0.432175 0.981637
vt 0.553731 0.981637
vt 0.415046 0.981637
vt 0.563501 0.981637
vt 0.418182 0.981636
vt 0.426279 0.981636
vt 0.406791 0.981636
vt 0.572541 0.981637
vt 0.435363 0.981636
vt 0.404669 0.981636
vt 0.580577 0.981637
vt 0.445166 0.981636
vt 0.406666 0.981636
vt 0.587218 0.981637
vt 0.455492 0.981636
vt 0.411456 0.981636
vt 0.591887 0.981637
vt 0.466193 0.981637
vt 0.593707 0.981637
vt 0.477154 0.981637
vt 0.591322 0.981637
vt 0.488277 0.981637
vt 0.582677 0.981637
vt 0.499478 0.981637
vt 0.565006 0.981637
vt 0.420109 0.979519
vt 0.427900 0.979519
vt 0.436707 0.979519
vt 0.446254 0.979519
vt 0.456342 0.979519
vt 0.466819 0.979519
vt 0.477564 0.979519
vt 0.488478 0.979519
vt 0.499472 0.979519
vt 0.510465 0.979519
vt 0.521372 0.979519
vt 0.532106 0.979519
vt 0.542566 0.979519
vt 0.552630 0.979519
vt 0.562144 0.979519
vt 0.570904 0.979519
vt 0.578634 0.979519
vt 0.584936 0.979519
vt 0.589234 0.979519
vt 0.590662 0.979519
vt 0.587909 0.979519
vt 0.579052 0.979519
vt 0.561634 0.979519
vt 0.533908 0.979519
vt 0.435580 0.979519
vt 0.418668 0.979519
vt 0.410187 0.979519
vt 0.407694 0.979519
vt 0.409299 0.979519
vt 0.413720 0.979519
vt 0.428337 0.980801
vt 0.437069 0.980801
vt 0.531934 0.980801
vt 0.542333 0.980801
vt 0.436464 0.980801
vt 0.552333 0.980801
vt 0.419619 0.980801
vt 0.561778 0.980801
vt 0.411087 0.980801
vt 0.570464 0.980801
vt 0.408501 0.980801
vt 0.578111 0.980801
vt 0.414327 0.980801
vt 0.420627 0.980801
vt 0.410004 0.980801
vt 0.584324 0.980801
vt 0.446547 0.980801
vt 0.456571 0.980801
vt 0.588524 0.980801
vt 0.466987 0.980801
vt 0.589850 0.980801
vt 0.477675 0.980801
vt 0.587005 0.980801
vt 0.488532 0.980801
vt 0.578099 0.980801
vt 0.499471 0.980801
vt 0.560757 0.980801
vt 0.510407 0.980801
vt 0.533351 0.980801
vt 0.521258 0.980801
vt 0.422612 0.983897
vt 0.430012 0.983897
vt 0.438460 0.983897
vt 0.447675 0.983897
vt 0.457453 0.983897
vt 0.467637 0.983897
vt 0.478101 0.983897
vt 0.488741 0.983897
vt 0.499465 0.983897
vt 0.510187 0.983897
vt 0.520821 0.983897
vt 0.531272 0.983897
vt 0.541438 0.983897
vt 0.551191 0.983897
vt 0.560372 0.983897
vt 0.568773 0.983897
vt 0.576109 0.983897
vt 0.581983 0.983897
vt 0.585817 0.983897
vt 0.586769 0.983897
vt 0.583593 0.983897
vt 0.574537 0.983897
vt 0.557520 0.983897
vt 0.531316 0.983897
vt 0.498290 0.983897
vt 0.465476 0.983897
vt 0.439738 0.983897
vt 0.423182 0.983897
vt 0.414485 0.983897
vt 0.411562 0.983897
vt 0.412691 0.983897
vt 0.416650 0.983897
vt 0.414126 0.983633
vt 0.422876 0.983633
vt 0.432550 0.983633
vt 0.442891 0.983633
vt 0.453717 0.983633
vt 0.464888 0.983633
vt 0.476299 0.983633
vt 0.487858 0.983633
vt 0.499489 0.983633
vt 0.511118 0.983633
vt 0.522671 0.983633
vt 0.534071 0.983633
vt 0.545228 0.983633
vt 0.556032 0.983633
vt 0.566344 0.983633
vt 0.575977 0.983633
vt 0.584670 0.983633
vt 0.592047 0.983633
vt 0.597539 0.983633
vt 0.600257 0.983633
vt 0.598769 0.983633
vt 0.590760 0.983633
vt 0.572760 0.983633
vt 0.541237 0.983633
vt 0.497995 0.983633
vt 0.455141 0.983633
vt 0.424361 0.983633
vt 0.406981 0.983633
vt 0.399388 0.983633
vt 0.398167 0.983633
vt 0.401059 0.983633
vt 0.406668 0.983633
vt 0.428403 0.913334
vt 0.417843 0.913334
vt 0.547870 0.913334
vt 0.536018 0.913334
vt 0.445208 0.913334
vt 0.497696 0.913334
vt 0.523957 0.913334
vt 0.550813 0.913334
vt 0.511763 0.913334
vt 0.586180 0.913334
vt 0.499505 0.913334
vt 0.603972 0.913334
vt 0.487245 0.913334
vt 0.610491 0.913334
vt 0.439547 0.913334
vt 0.475047 0.913334
vt 0.610322 0.913334
vt 0.462977 0.913334
vt 0.606089 0.913334
vt 0.451112 0.913334
vt 0.599277 0.913334
vt 0.399501 0.913334
vt 0.392582 0.913334
vt 0.590755 0.913334
vt 0.388186 0.913334
vt 0.581059 0.913334
vt 0.387753 0.913334
vt 0.570534 0.913334
vt 0.393830 0.913334
vt 0.559416 0.913334
vt 0.410883 0.913334
vt 0.408096 0.913334
vt 0.516552 0.985235
vt 0.509922 0.984844
vt 0.500610 0.984827
vt 0.501128 0.985235
vt 0.509001 0.984682
vt 0.509300 0.984706
vt 0.517084 0.984708
vt 0.516975 0.984682
vt 0.536338 0.985235
vt 0.534669 0.985087
vt 0.532479 0.984917
vt 0.537835 0.985235
vt 0.517914 0.982709
vt 0.501176 0.982709
vt 0.501218 0.985235
vt 0.518971 0.985235
vt 0.500513 0.982709
vt 0.508997 0.982709
vt 0.509417 0.985235
vt 0.500502 0.985235
vt 0.517039 0.982709
vt 0.516779 0.985235
vt 0.531665 0.982709
vt 0.533705 0.985235
vt 0.524006 0.982709
vt 0.525556 0.985235
vt 0.538816 0.982709
vt 0.543528 0.985235
vt 0.530615 0.982709
vt 0.531866 0.985235
vt 0.540919 0.982709
vt 0.545967 0.985235
vt 0.534865 0.982709
vt 0.538374 0.982709
vt 0.542327 0.985235
vt 0.537338 0.985235
vt 0.500523 0.984682
vt 0.529082 0.985235
vt 0.523744 0.984682
vt 0.535624 0.985235
vt 0.529981 0.984682
vt 0.533524 0.984682
vt 0.510113 0.984768
vt 0.500553 0.984761
vt 0.500353 0.982294
vt 0.509897 0.982300
vt 0.518046 0.984864
vt 0.521205 0.982349
vt 0.520614 0.982364
vt 0.524221 0.984705
vt 0.520102 0.982330
vt 0.509500 0.984309
vt 0.500534 0.984305
vt 0.530207 0.984707
vt 0.530067 0.984830
vt 0.524533 0.984308
vt 0.530331 0.984927
vt 0.516947 0.984308
vt 0.500531 0.984703
vt 0.528587 0.984501
vt 0.516996 0.984784
vt 0.515539 0.982315
vt 0.510653 0.982369
vt 0.517959 0.982388
vt 0.500607 0.982354
vt 0.485656 0.985235
vt 0.491317 0.984844
vt 0.492043 0.984682
vt 0.484076 0.984681
vt 0.483982 0.984708
vt 0.491762 0.984706
vt 0.464824 0.985235
vt 0.463873 0.985235
vt 0.468805 0.984917
vt 0.466498 0.985087
vt 0.484380 0.982709
vt 0.483407 0.985235
vt 0.491591 0.985235
vt 0.492028 0.982709
vt 0.484232 0.985235
vt 0.483993 0.982708
vt 0.470460 0.982709
vt 0.468496 0.985235
vt 0.475467 0.985235
vt 0.477036 0.982708
vt 0.463105 0.982708
vt 0.458447 0.985235
vt 0.469182 0.985235
vt 0.470450 0.982708
vt 0.460798 0.982708
vt 0.455768 0.985235
vt 0.466227 0.982708
vt 0.463740 0.985235
vt 0.458820 0.985235
vt 0.462783 0.982708
vt 0.472983 0.985235
vt 0.477316 0.984681
vt 0.466267 0.985235
vt 0.471104 0.984681
vt 0.467584 0.984681
vt 0.490998 0.984768
vt 0.491240 0.982300
vt 0.483217 0.984863
vt 0.480615 0.982364
vt 0.479994 0.982349
vt 0.476857 0.984705
vt 0.481068 0.982330
vt 0.491571 0.984309
vt 0.470896 0.984706
vt 0.471147 0.984830
vt 0.476558 0.984308
vt 0.471008 0.984927
vt 0.484128 0.984308
vt 0.472726 0.984501
vt 0.484128 0.984784
vt 0.485611 0.982315
vt 0.483286 0.982388
vt 0.490573 0.982369
vt 0.439547 0.043035
vt 0.428403 0.043035
vt 0.559416 0.043035
vt 0.547870 0.043035
vt 0.410884 0.043035
vt 0.445209 0.043035
vt 0.536018 0.043035
vt 0.497697 0.043035
vt 0.523957 0.043035
vt 0.550813 0.043035
vt 0.511763 0.043035
vt 0.586180 0.043035
vt 0.499505 0.043035
vt 0.603972 0.043035
vt 0.451112 0.043035
vt 0.487246 0.043035
vt 0.610491 0.043035
vt 0.475047 0.043035
vt 0.610322 0.043035
vt 0.462977 0.043035
vt 0.606089 0.043035
vt 0.599277 0.043035
vt 0.590756 0.043035
vt 0.392582 0.043035
vt 0.388186 0.043035
vt 0.581059 0.043035
vt 0.387753 0.043035
vt 0.570534 0.043035
vt 0.393830 0.043035
vt 0.501601 0.983414
vt 0.501555 0.983414
vt 0.509257 0.983414
vt 0.510054 0.983414
vt 0.514977 0.983414
vt 0.515040 0.983414
vt 0.521140 0.983414
vt 0.518567 0.983414
vt 0.533970 0.983527
vt 0.527570 0.983527
vt 0.525934 0.983527
vt 0.518397 0.983414
vt 0.523188 0.983527
vt 0.515909 0.983414
vt 0.517567 0.983527
vt 0.512954 0.983414
vt 0.510566 0.983527
vt 0.511591 0.983414
vt 0.501167 0.983527
vt 0.512291 0.983414
vt 0.524227 0.983414
vt 0.533838 0.983527
vt 0.523020 0.983414
vt 0.531915 0.983527
vt 0.518092 0.983414
vt 0.528183 0.983527
vt 0.508760 0.983414
vt 0.514085 0.983527
vt 0.502001 0.983414
vt 0.502085 0.983527
vt 0.493137 0.983414
vt 0.493817 0.983414
vt 0.488235 0.983414
vt 0.487933 0.983414
vt 0.482144 0.983414
vt 0.484297 0.983414
vt 0.469356 0.983527
vt 0.475097 0.983527
vt 0.476623 0.983527
vt 0.484232 0.983414
vt 0.479286 0.983527
vt 0.486676 0.983414
vt 0.484832 0.983527
vt 0.489640 0.983414
vt 0.491788 0.983527
vt 0.491040 0.983414
vt 0.490450 0.983414
vt 0.479247 0.983414
vt 0.469665 0.983527
vt 0.480653 0.983414
vt 0.471749 0.983527
vt 0.485756 0.983414
vt 0.475700 0.983527
vt 0.495219 0.983414
vt 0.490042 0.983527
vt 0.417843 0.043035
vt 0.408096 0.043035
vt 0.399501 0.043035
vt 0.509287 0.989100
vt 0.510020 0.989100
vt 0.514978 0.988085
vt 0.515038 0.988085
vt 0.521105 0.987537
vt 0.514977 0.981904
vt 0.521140 0.981904
vt 0.518567 0.984291
vt 0.518397 0.984291
vt 0.518397 0.981904
vt 0.518567 0.981904
vt 0.524347 0.987552
vt 0.524227 0.981904
vt 0.523168 0.987557
vt 0.523020 0.981904
vt 0.508823 0.987562
vt 0.518243 0.987557
vt 0.518092 0.981904
vt 0.508760 0.981904
vt 0.502003 0.987567
vt 0.502001 0.981904
vt 0.518751 0.987548
vt 0.530471 0.988625
vt 0.524840 0.988625
vt 0.515909 0.984291
vt 0.515909 0.981904
vt 0.512954 0.984291
vt 0.512954 0.981904
vt 0.511591 0.984291
vt 0.512291 0.984291
vt 0.512291 0.981904
vt 0.511591 0.981904
vt 0.508158 0.984291
vt 0.501473 0.984291
vt 0.501473 0.981921
vt 0.508158 0.981921
vt 0.505762 0.988423
vt 0.501227 0.988423
vt 0.501305 0.987537
vt 0.511410 0.987537
vt 0.508327 0.988625
vt 0.501175 0.988625
vt 0.501472 0.987537
vt 0.512124 0.987537
vt 0.515227 0.988625
vt 0.506126 0.989302
vt 0.506531 0.989302
vt 0.501219 0.989302
vt 0.501223 0.989302
vt 0.512091 0.988902
vt 0.505878 0.988785
vt 0.501226 0.988788
vt 0.530158 0.988625
vt 0.528104 0.988625
vt 0.530784 0.990004
vt 0.532835 0.990004
vt 0.523860 0.983860
vt 0.518087 0.983860
vt 0.518087 0.990004
vt 0.523860 0.990004
vt 0.533544 0.991122
vt 0.533396 0.991122
vt 0.533789 0.991122
vt 0.533940 0.991122
vt 0.533024 0.990004
vt 0.526628 0.990004
vt 0.509518 0.991122
vt 0.516851 0.991122
vt 0.517114 0.991122
vt 0.510091 0.991122
vt 0.532865 0.983860
vt 0.535170 0.983860
vt 0.535170 0.990004
vt 0.532865 0.990004
vt 0.522586 0.991122
vt 0.522877 0.991122
vt 0.502126 0.983860
vt 0.514230 0.983860
vt 0.514230 0.990004
vt 0.502126 0.990004
vt 0.531395 0.991122
vt 0.526564 0.991122
vt 0.527918 0.991122
vt 0.531766 0.991122
vt 0.501164 0.991122
vt 0.501160 0.991122
vt 0.526698 0.983860
vt 0.526698 0.990004
vt 0.525381 0.991122
vt 0.527040 0.991122
vt 0.527366 0.991122
vt 0.525693 0.991122
vt 0.510664 0.988625
vt 0.502052 0.988625
vt 0.502077 0.990004
vt 0.511504 0.990004
vt 0.535237 0.983860
vt 0.528411 0.983860
vt 0.528411 0.990004
vt 0.535237 0.990004
vt 0.516461 0.990004
vt 0.509284 0.990004
vt 0.520708 0.988625
vt 0.522197 0.990004
vt 0.523336 0.988625
vt 0.524986 0.990004
vt 0.523437 0.988625
vt 0.525983 0.990004
vt 0.501166 0.990004
vt 0.511812 0.991122
vt 0.502080 0.991122
vt 0.502106 0.991122
vt 0.513477 0.991122
vt 0.510917 0.983860
vt 0.510917 0.990004
vt 0.529009 0.983860
vt 0.529009 0.990004
vt 0.501157 0.983860
vt 0.501157 0.990004
vt 0.514085 0.982069
vt 0.528183 0.982069
vt 0.531915 0.982069
vt 0.533838 0.982069
vt 0.510566 0.982069
vt 0.501167 0.982069
vt 0.527570 0.982069
vt 0.525934 0.982069
vt 0.517567 0.982069
vt 0.533970 0.982069
vt 0.523188 0.982069
vt 0.502085 0.982069
vt 0.501557 0.988551
vt 0.501599 0.988551
vt 0.511920 0.984291
vt 0.511920 0.981921
vt 0.518565 0.987563
vt 0.509257 0.984291
vt 0.515040 0.984291
vt 0.515040 0.981904
vt 0.509257 0.981904
vt 0.516038 0.987557
vt 0.512832 0.987548
vt 0.508059 0.987537
vt 0.511768 0.987537
vt 0.501555 0.984291
vt 0.501555 0.981904
vt 0.510054 0.981904
vt 0.506744 0.988949
vt 0.501217 0.988977
vt 0.512885 0.988321
vt 0.511956 0.988778
vt 0.512409 0.988995
vt 0.512578 0.988905
vt 0.501601 0.981904
vt 0.493792 0.989100
vt 0.487939 0.988085
vt 0.488229 0.988085
vt 0.493166 0.989100
vt 0.482174 0.987537
vt 0.482144 0.981904
vt 0.488235 0.981904
vt 0.484297 0.984291
vt 0.484297 0.981904
vt 0.484232 0.981904
vt 0.484232 0.984291
vt 0.479128 0.987552
vt 0.479247 0.981904
vt 0.480506 0.987557
vt 0.480653 0.981904
vt 0.495160 0.987562
vt 0.495219 0.981904
vt 0.485756 0.981904
vt 0.485608 0.987557
vt 0.484112 0.987548
vt 0.477841 0.988625
vt 0.472872 0.988625
vt 0.486676 0.981904
vt 0.486676 0.984291
vt 0.489640 0.981904
vt 0.489640 0.984291
vt 0.491040 0.984291
vt 0.491040 0.981904
vt 0.490450 0.981904
vt 0.490450 0.984291
vt 0.494747 0.984291
vt 0.494747 0.981921
vt 0.496699 0.988423
vt 0.491222 0.987537
vt 0.494042 0.988625
vt 0.490619 0.987537
vt 0.487182 0.988625
vt 0.496328 0.989302
vt 0.495914 0.989302
vt 0.490405 0.988902
vt 0.496581 0.988785
vt 0.473360 0.988625
vt 0.470704 0.990004
vt 0.472924 0.990004
vt 0.475572 0.988625
vt 0.478594 0.983860
vt 0.478594 0.990004
vt 0.484292 0.990004
vt 0.484292 0.983860
vt 0.469804 0.991122
vt 0.469403 0.991122
vt 0.469739 0.991122
vt 0.470137 0.991122
vt 0.476039 0.990004
vt 0.470330 0.990004
vt 0.492829 0.991122
vt 0.492250 0.991122
vt 0.485272 0.991122
vt 0.485537 0.991122
vt 0.470847 0.983860
vt 0.470847 0.990004
vt 0.468335 0.990004
vt 0.468335 0.983860
vt 0.479585 0.991122
vt 0.479879 0.991122
vt 0.489977 0.990004
vt 0.489977 0.983860
vt 0.472307 0.991122
vt 0.471931 0.991122
vt 0.476005 0.991122
vt 0.477366 0.991122
vt 0.475840 0.983860
vt 0.475840 0.990004
vt 0.477170 0.991122
vt 0.476856 0.991122
vt 0.475296 0.991122
vt 0.475624 0.991122
vt 0.493425 0.988625
vt 0.492639 0.990004
vt 0.468085 0.983860
vt 0.468085 0.990004
vt 0.474239 0.990004
vt 0.474239 0.983860
vt 0.493065 0.990004
vt 0.485928 0.990004
vt 0.480270 0.990004
vt 0.481779 0.988625
vt 0.477568 0.990004
vt 0.479235 0.988625
vt 0.480446 0.988625
vt 0.477950 0.990004
vt 0.492336 0.991122
vt 0.490694 0.991122
vt 0.491417 0.990004
vt 0.491417 0.983860
vt 0.474937 0.983860
vt 0.474937 0.990004
vt 0.475700 0.982069
vt 0.490042 0.982069
vt 0.469665 0.982069
vt 0.471749 0.982069
vt 0.491788 0.982069
vt 0.476623 0.982069
vt 0.475097 0.982069
vt 0.484832 0.982069
vt 0.469356 0.982069
vt 0.479286 0.982069
vt 0.490913 0.984291
vt 0.490913 0.981921
vt 0.484062 0.987563
vt 0.493817 0.984291
vt 0.493817 0.981904
vt 0.487933 0.981904
vt 0.487933 0.984291
vt 0.486545 0.987557
vt 0.489760 0.987548
vt 0.491064 0.987537
vt 0.494843 0.987537
vt 0.493137 0.981904
vt 0.495696 0.988949
vt 0.489615 0.988321
vt 0.490541 0.988778
vt 0.490076 0.988995
vt 0.489903 0.988905
vt 0.495507 0.980631
vt 0.495507 0.987668
vt 0.494671 0.987668
vt 0.494671 0.980631
vt 0.498227 0.980631
vt 0.498227 0.987668
vt 0.501581 0.987668
vt 0.501581 0.980631
vt 0.504951 0.987668
vt 0.504951 0.980631
vt 0.507525 0.987668
vt 0.507525 0.980631
vt 0.508623 0.987668
vt 0.508623 0.980631
vt 0.507862 0.987668
vt 0.507862 0.980631
vt 0.505341 0.987668
vt 0.505341 0.980631
vt 0.501726 0.987668
vt 0.501726 0.980631
vt 0.498087 0.987668
vt 0.498087 0.980631
vt 0.495700 0.987668
vt 0.495700 0.980631
vt 0.494935 0.989158
vt 0.495920 0.989158
vt 0.495571 0.989776
vt 0.496452 0.989776
vt 0.498352 0.989158
vt 0.498654 0.989776
vt 0.501583 0.989158
vt 0.501589 0.989776
vt 0.504831 0.989158
vt 0.504539 0.989776
vt 0.507308 0.989158
vt 0.506782 0.989776
vt 0.508359 0.989158
vt 0.507725 0.989776
vt 0.507623 0.989158
vt 0.507046 0.989776
vt 0.505197 0.989158
vt 0.504849 0.989776
vt 0.501723 0.989158
vt 0.501716 0.989776
vt 0.498227 0.989158
vt 0.498562 0.989776
vt 0.495744 0.989158
vt 0.496314 0.989776
s 1
usemtl Can_Silver
f 1/1/1 2/2/2 3/3/3
f 4/4/4 5/5/5 2/2/2
f 6/6/6 7/7/7 8/8/8
f 9/9/9 10/10/10 11/11/11
f 12/12/12 11/11/11 13/13/13
f 14/14/14 15/15/15 16/16/16
f 17/17/17 18/18/18 19/19/19
f 17/17/17 20/20/19 21/21/20
f 22/22/21 23/23/22 24/24/23
f 25/25/24 26/26/25 27/27/26
f 28/28/27 29/29/28 30/30/29
f 31/31/30 32/32/31 33/33/32
f 34/34/33 35/35/34 36/36/35
f 37/37/36 38/38/37 26/26/25
f 39/39/38 40/40/39 25/25/24
f 41/41/40 24/24/23 23/23/22
f 42/42/41 43/43/42 44/44/43
f 45/45/44 46/46/45 47/47/46
f 48/48/47 49/49/48 50/50/49
f 51/51/50 52/52/51 53/53/52
f 54/54/53 44/44/43 55/55/54
f 56/56/55 42/42/41 57/57/56
f 58/58/57 59/59/58 60/60/59
f 58/58/57 60/60/59 61/61/60
f 59/59/58 62/62/61 63/63/62
f 59/59/58 63/63/62 60/60/59
f 62/62/61 64/64/63 65/65/64
f 62/62/61 65/65/64 63/63/62
f 64/64/63 66/66/65 67/67/66
f 64/64/63 67/67/66 65/65/64
f 66/66/65 68/68/67 69/69/68
f 66/66/65 69/69/68 67/67/66
f 68/68/67 70/70/69 71/71/70
f 68/68/67 71/71/70 69/69/68
f 70/70/69 72/72/71 73/73/72
f 70/70/69 73/73/72 71/71/70
f 74/72/71 75/74/73 76/75/74
f 74/72/71 76/75/74 77/73/72
f 75/74/73 78/76/75 79/77/76
f 75/74/73 79/77/76 76/75/74
f 78/76/75 80/78/77 81/79/78
f 78/76/75 81/79/78 79/77/76
f 80/78/77 82/80/79 83/81/80
f 80/78/77 83/81/80 81/79/78
f 82/80/79 84/82/81 85/83/82
f 82/80/79 85/83/82 83/81/80
f 84/82/81 86/84/83 87/85/84
f 84/82/81 87/85/84 85/83/82
f 86/84/83 88/86/85 89/87/86
f 86/84/83 89/87/86 87/85/84
f 88/86/85 90/88/87 91/89/88
f 88/86/85 91/89/88 89/87/86
f 90/88/87 92/90/89 93/91/90
f 90/88/87 93/91/90 91/89/88
f 92/90/89 94/92/91 95/93/92
f 92/90/89 95/93/92 93/91/90
f 94/92/91 96/94/93 97/95/94
f 94/92/91 97/95/94 95/93/92
f 96/94/93 98/96/95 99/97/96
f 96/94/93 99/97/96 97/95/94
f 98/96/95 100/98/97 101/99/98
f 98/96/95 101/99/98 99/97/96
f 100/98/97 102/100/99 103/101/100
f 100/98/97 103/101/100 101/99/98
f 102/100/99 104/102/101 105/103/102
f 102/100/99 105/103/102 103/101/100
f 104/102/101 106/104/103 107/105/104
f 104/102/101 107/105/104 105/103/102
f 106/104/103 108/106/105 109/107/106
f 106/104/103 109/107/106 107/105/104
f 108/106/105 110/108/107 111/109/108
f 108/106/105 111/109/108 109/107/106
f 110/108/107 112/110/109 113/111/110
f 110/108/107 113/111/110 111/109/108
f 112/110/109 114/112/111 115/113/112
f 112/110/109 115/113/112 113/111/110
f 114/112/111 116/114/113 117/115/114
f 114/112/111 117/115/114 115/113/112
f 116/114/113 118/116/115 119/117/116
f 116/114/113 119/117/116 117/115/114
f 120/118/117 121/119/118 122/120/119
f 120/118/117 122/120/119 123/121/120
f 118/116/115 124/122/121 125/123/122
f 118/116/115 125/123/122 119/117/116
f 124/122/121 126/124/123 127/125/124
f 124/122/121 127/125/124 125/123/122
f 128/126/125 129/127/126 130/128/127
f 128/126/125 130/128/127 131/129/128
f 132/130/129 133/131/130 134/132/131
f 132/130/129 134/132/131 135/133/132
f 136/134/133 137/135/134 138/136/135
f 136/134/133 138/136/135 139/137/136
f 140/138/137 132/130/129 135/133/132
f 140/138/137 135/133/132 141/139/138
f 142/140/139 143/141/140 144/142/141
f 142/140/139 144/142/141 145/143/142
f 146/144/143 147/145/144 148/146/145
f 146/144/143 148/146/145 149/147/146
f 150/148/147 151/149/148 152/150/149
f 150/148/147 152/150/149 153/151/150
f 154/152/151 155/153/152 156/154/153
f 154/152/151 156/154/153 157/155/154
f 158/127/155 159/156/156 160/157/157
f 158/127/155 160/157/157 161/128/127
f 137/135/134 162/158/158 163/159/159
f 137/135/134 163/159/159 138/136/135
f 133/131/130 164/160/160 165/161/161
f 133/131/130 165/161/161 134/132/131
f 143/141/140 166/162/162 167/163/163
f 143/141/140 167/163/163 144/142/141
f 147/145/144 168/164/164 169/165/165
f 147/145/144 169/165/165 148/146/145
f 151/149/148 170/166/166 171/167/167
f 151/149/148 171/167/167 152/150/149
f 159/156/156 172/168/168 173/169/169
f 159/156/156 173/169/169 160/157/157
f 162/158/158 174/170/170 175/171/171
f 162/158/158 175/171/171 163/159/159
f 164/160/160 176/172/172 177/173/173
f 164/160/160 177/173/173 165/161/161
f 166/162/162 178/174/174 179/175/175
f 166/162/162 179/175/175 167/163/163
f 168/164/164 180/176/176 181/177/177
f 168/164/164 181/177/177 169/165/165
f 170/166/166 140/138/137 141/139/138
f 170/166/166 141/139/138 171/167/167
f 155/153/152 182/178/178 183/179/179
f 155/153/152 183/179/179 156/154/153
f 172/168/168 184/180/180 185/181/181
f 172/168/168 185/181/181 173/169/169
f 174/170/170 186/182/182 187/183/183
f 174/170/170 187/183/183 175/171/171
f 176/172/172 188/184/184 189/185/185
f 176/172/172 189/185/185 177/173/173
f 178/174/174 128/126/125 131/129/128
f 178/174/174 131/129/128 179/175/175
f 180/176/176 136/134/133 139/137/136
f 180/176/176 139/137/136 181/177/177
f 190/186/186 142/140/139 145/143/142
f 190/186/186 145/143/142 191/187/187
f 184/180/180 146/144/143 149/147/146
f 184/180/180 149/147/146 185/181/181
f 186/182/182 150/148/147 153/151/150
f 186/182/182 153/151/150 187/183/183
f 188/184/184 154/152/151 157/155/154
f 188/184/184 157/155/154 189/185/185
f 192/188/188 193/189/189 194/190/190
f 192/188/188 194/190/190 195/191/191
f 196/192/192 190/186/186 191/187/187
f 196/192/192 191/187/187 197/193/193
f 198/194/194 199/195/195 200/196/196
f 198/194/194 200/196/196 201/197/197
f 202/198/198 203/199/199 204/200/200
f 202/198/198 204/200/200 205/201/201
f 203/199/199 206/202/202 207/203/203
f 203/199/199 207/203/203 204/200/200
f 206/202/202 208/204/204 209/205/205
f 206/202/202 209/205/205 207/203/203
f 208/204/204 210/206/206 211/207/207
f 208/204/204 211/207/207 209/205/205
f 210/206/206 212/208/208 213/209/209
f 210/206/206 213/209/209 211/207/207
f 212/208/208 214/210/210 215/211/211
f 212/208/208 215/211/211 213/209/209
f 216/212/212 217/213/213 218/214/214
f 216/212/212 218/214/214 219/215/215
f 220/210/210 192/188/188 195/191/191
f 220/210/210 195/191/191 221/211/216
f 193/189/189 222/216/217 223/217/218
f 193/189/189 223/217/218 194/190/190
f 222/216/217 224/218/219 225/219/220
f 222/216/217 225/219/220 223/217/218
f 224/218/219 226/220/221 227/221/222
f 224/218/219 227/221/222 225/219/220
f 226/220/221 228/222/223 229/223/224
f 226/220/221 229/223/224 227/221/222
f 228/222/223 230/224/225 231/225/226
f 228/222/223 231/225/226 229/223/224
f 230/224/225 232/226/227 233/227/228
f 230/224/225 233/227/228 231/225/226
f 232/226/227 234/228/229 235/229/230
f 232/226/227 235/229/230 233/227/228
f 234/228/229 236/230/231 237/231/232
f 234/228/229 237/231/232 235/229/230
f 236/230/231 238/232/233 239/233/234
f 236/230/231 239/233/234 237/231/232
f 238/232/233 240/234/235 241/235/236
f 238/232/233 241/235/236 239/233/234
f 240/234/235 242/236/237 243/237/238
f 240/234/235 243/237/238 241/235/236
f 242/236/237 244/238/239 245/239/240
f 242/236/237 245/239/240 243/237/238
f 244/238/239 246/240/241 247/241/242
f 244/238/239 247/241/242 245/239/240
f 246/240/241 248/242/243 249/243/244
f 246/240/241 249/243/244 247/241/242
f 248/242/243 250/244/245 251/245/246
f 248/242/243 251/245/246 249/243/244
f 250/244/245 252/246/247 253/247/248
f 250/244/245 253/247/248 251/245/246
f 252/246/247 254/248/249 255/249/250
f 252/246/247 255/249/250 253/247/248
f 254/248/249 256/250/251 257/251/252
f 254/248/249 257/251/252 255/249/250
f 256/250/251 258/252/253 259/253/254
f 256/250/251 259/253/254 257/251/252
f 258/252/253 260/254/255 261/255/256
f 258/252/253 261/255/256 259/253/254
f 260/254/255 198/194/194 201/197/197
f 260/254/255 201/197/197 261/255/256
f 262/256/257 263/257/258 264/258/259
f 262/256/257 264/258/259 265/259/260
f 266/260/261 267/261/262 268/262/263
f 266/260/261 268/262/263 269/263/264
f 270/221/265 271/223/266 272/264/267
f 270/221/265 272/264/267 273/219/268
f 274/265/269 275/266/270 276/267/271
f 274/265/269 276/267/271 277/268/272
f 278/269/273 216/212/212 219/215/215
f 278/269/273 219/215/215 279/270/274
f 280/271/275 274/265/269 277/268/272
f 280/271/275 277/268/272 281/272/276
f 282/273/277 278/269/273 279/270/274
f 282/273/277 279/270/274 283/274/278
f 284/275/279 280/271/275 281/272/276
f 284/275/279 281/272/276 285/276/280
f 286/277/281 282/273/277 283/274/278
f 286/277/281 283/274/278 287/278/282
f 288/279/283 284/275/279 285/276/280
f 288/279/283 285/276/280 289/280/284
f 290/281/285 286/277/281 287/278/282
f 290/281/285 287/278/282 291/282/286
f 292/283/287 288/279/283 289/280/284
f 292/283/287 289/280/284 293/284/288
f 294/285/289 290/281/285 291/282/286
f 294/285/289 291/282/286 295/286/290
f 267/261/262 296/287/291 297/288/292
f 267/261/262 297/288/292 268/262/263
f 298/289/293 292/283/287 293/284/288
f 298/289/293 293/284/288 299/290/294
f 300/291/295 294/285/289 295/286/290
f 300/291/295 295/286/290 301/292/296
f 302/293/297 266/260/261 269/263/264
f 302/293/297 269/263/264 303/294/298
f 304/295/299 298/289/293 299/290/294
f 304/295/299 299/290/294 305/296/300
f 306/297/301 300/291/295 301/292/296
f 306/297/301 301/292/296 307/298/302
f 308/299/303 302/293/297 303/294/298
f 308/299/303 303/294/298 309/300/304
f 310/301/305 304/295/299 305/296/300
f 310/301/305 305/296/300 311/302/306
f 312/303/307 306/297/301 307/298/302
f 312/303/307 307/298/302 313/304/308
f 314/305/309 308/299/303 309/300/304
f 314/305/309 309/300/304 315/306/310
f 296/287/291 310/301/305 311/302/306
f 296/287/291 311/302/306 297/288/292
f 316/307/311 312/303/307 313/304/308
f 316/307/311 313/304/308 317/308/312
f 318/309/313 314/305/309 315/306/310
f 318/309/313 315/306/310 319/310/314
f 320/311/315 202/198/198 205/201/201
f 320/311/315 205/201/201 321/312/316
f 322/313/317 316/307/311 317/308/312
f 322/313/317 317/308/312 323/314/318
f 324/315/319 318/309/313 319/310/314
f 324/315/319 319/310/314 325/316/320
f 326/317/321 322/313/317 323/314/318
f 326/317/321 323/314/318 327/318/322
f 328/319/323 324/315/319 325/316/320
f 328/319/323 325/316/320 329/320/324
f 330/321/325 326/317/321 327/318/322
f 330/321/325 327/318/322 331/322/326
f 332/213/213 328/319/323 329/320/324
f 332/213/213 329/320/324 333/214/214
f 275/266/270 330/321/325 331/322/326
f 275/266/270 331/322/326 276/267/271
f 183/179/179 197/193/193 269/263/264
f 183/179/179 269/263/264 268/262/263
f 197/193/193 191/187/187 303/294/298
f 197/193/193 303/294/298 269/263/264
f 191/187/187 145/143/142 309/300/304
f 191/187/187 309/300/304 303/294/298
f 145/143/142 144/142/141 315/306/310
f 145/143/142 315/306/310 309/300/304
f 144/142/141 167/163/163 319/310/314
f 144/142/141 319/310/314 315/306/310
f 167/163/163 179/175/175 325/316/320
f 167/163/163 325/316/320 319/310/314
f 179/175/175 131/129/128 329/320/324
f 179/175/175 329/320/324 325/316/320
f 131/129/128 130/128/127 333/214/214
f 131/129/128 333/214/214 329/320/324
f 161/128/127 160/157/157 219/215/215
f 161/128/127 219/215/215 218/214/214
f 160/157/157 173/169/169 279/270/274
f 160/157/157 279/270/274 219/215/215
f 173/169/169 185/181/181 283/274/278
f 173/169/169 283/274/278 279/270/274
f 185/181/181 149/147/146 287/278/282
f 185/181/181 287/278/282 283/274/278
f 149/147/146 148/146/145 291/282/286
f 149/147/146 291/282/286 287/278/282
f 148/146/145 169/165/165 295/286/290
f 148/146/145 295/286/290 291/282/286
f 169/165/165 181/177/177 301/292/296
f 169/165/165 301/292/296 295/286/290
f 181/177/177 139/137/136 307/298/302
f 181/177/177 307/298/302 301/292/296
f 139/137/136 138/136/135 313/304/308
f 139/137/136 313/304/308 307/298/302
f 138/136/135 163/159/159 317/308/312
f 138/136/135 317/308/312 313/304/308
f 163/159/159 175/171/171 323/314/318
f 163/159/159 323/314/318 317/308/312
f 175/171/171 187/183/183 327/318/322
f 175/171/171 327/318/322 323/314/318
f 187/183/183 153/151/150 331/322/326
f 187/183/183 331/322/326 327/318/322
f 153/151/150 152/150/149 276/267/271
f 153/151/150 276/267/271 331/322/326
f 152/150/149 171/167/167 277/268/272
f 152/150/149 277/268/272 276/267/271
f 171/167/167 141/139/138 281/272/276
f 171/167/167 281/272/276 277/268/272
f 141/139/138 135/133/132 285/276/280
f 141/139/138 285/276/280 281/272/276
f 135/133/132 134/132/131 289/280/284
f 135/133/132 289/280/284 285/276/280
f 134/132/131 165/161/161 293/284/288
f 134/132/131 293/284/288 289/280/284
f 165/161/161 177/173/173 299/290/294
f 165/161/161 299/290/294 293/284/288
f 177/173/173 189/185/185 305/296/300
f 177/173/173 305/296/300 299/290/294
f 189/185/185 157/155/154 311/302/306
f 189/185/185 311/302/306 305/296/300
f 157/155/154 156/154/153 297/288/292
f 157/155/154 297/288/292 311/302/306
f 156/154/153 183/179/179 268/262/263
f 156/154/153 268/262/263 297/288/292
f 267/261/262 266/260/261 320/311/315
f 267/261/262 320/311/315 199/195/195
f 266/260/261 302/293/297 202/198/198
f 266/260/261 202/198/198 320/311/315
f 302/293/297 308/299/303 203/199/199
f 302/293/297 203/199/199 202/198/198
f 308/299/303 314/305/309 206/202/202
f 308/299/303 206/202/202 203/199/199
f 314/305/309 318/309/313 208/204/204
f 314/305/309 208/204/204 206/202/202
f 318/309/313 324/315/319 210/206/206
f 318/309/313 210/206/206 208/204/204
f 324/315/319 328/319/323 212/208/208
f 324/315/319 212/208/208 210/206/206
f 328/319/323 332/213/213 214/210/210
f 328/319/323 214/210/210 212/208/208
f 217/213/213 216/212/212 192/188/188
f 217/213/213 192/188/188 220/210/210
f 216/212/212 278/269/273 193/189/189
f 216/212/212 193/189/189 192/188/188
f 278/269/273 282/273/277 222/216/217
f 278/269/273 222/216/217 193/189/189
f 282/273/277 286/277/281 224/218/219
f 282/273/277 224/218/219 222/216/217
f 286/277/281 290/281/285 226/220/221
f 286/277/281 226/220/221 224/218/219
f 290/281/285 294/285/289 228/222/223
f 290/281/285 228/222/223 226/220/221
f 294/285/289 300/291/295 230/224/225
f 294/285/289 230/224/225 228/222/223
f 300/291/295 306/297/301 232/226/227
f 300/291/295 232/226/227 230/224/225
f 306/297/301 312/303/307 234/228/229
f 306/297/301 234/228/229 232/226/227
f 312/303/307 316/307/311 236/230/231
f 312/303/307 236/230/231 234/228/229
f 316/307/311 322/313/317 238/232/233
f 316/307/311 238/232/233 236/230/231
f 322/313/317 326/317/321 240/234/235
f 322/313/317 240/234/235 238/232/233
f 326/317/321 330/321/325 242/236/237
f 326/317/321 242/236/237 240/234/235
f 330/321/325 275/266/270 244/238/239
f 330/321/325 244/238/239 242/236/237
f 275/266/270 274/265/269 246/240/241
f 275/266/270 246/240/241 244/238/239
f 274/265/269 280/271/275 248/242/243
f 274/265/269 248/242/243 246/240/241
f 280/271/275 284/275/279 250/244/245
f 280/271/275 250/244/245 248/242/243
f 284/275/279 288/279/283 252/246/247
f 284/275/279 252/246/247 250/244/245
f 288/279/283 292/283/287 254/248/249
f 288/279/283 254/248/249 252/246/247
f 292/283/287 298/289/293 256/250/251
f 292/283/287 256/250/251 254/248/249
f 298/289/293 304/295/299 258/252/253
f 298/289/293 258/252/253 256/250/251
f 304/295/299 310/301/305 260/254/255
f 304/295/299 260/254/255 258/252/253
f 310/301/305 296/287/291 198/194/194
f 310/301/305 198/194/194 260/254/255
f 296/287/291 267/261/262 199/195/195
f 296/287/291 199/195/195 198/194/194
f 199/195/195 320/311/315 321/312/316
f 199/195/195 321/312/316 200/196/196
f 127/125/124 61/61/60 334/192/327
f 127/125/124 334/192/327 335/178/328
f 61/61/60 60/60/59 336/186/329
f 61/61/60 336/186/329 334/192/327
f 60/60/59 63/63/62 337/140/330
f 60/60/59 337/140/330 336/186/329
f 63/63/62 65/65/64 338/141/331
f 63/63/62 338/141/331 337/140/330
f 65/65/64 67/67/66 339/162/332
f 65/65/64 339/162/332 338/141/331
f 67/67/66 69/69/68 340/174/333
f 67/67/66 340/174/333 339/162/332
f 69/69/68 71/71/70 341/126/334
f 69/69/68 341/126/334 340/174/333
f 71/71/70 73/73/72 342/127/335
f 71/71/70 342/127/335 341/126/334
f 77/73/72 76/75/74 343/156/336
f 77/73/72 343/156/336 344/127/335
f 76/75/74 79/77/76 345/168/337
f 76/75/74 345/168/337 343/156/336
f 79/77/76 81/79/78 346/180/338
f 79/77/76 346/180/338 345/168/337
f 81/79/78 83/81/80 347/144/339
f 81/79/78 347/144/339 346/180/338
f 83/81/80 85/83/82 348/145/340
f 83/81/80 348/145/340 347/144/339
f 85/83/82 87/85/84 349/164/341
f 85/83/82 349/164/341 348/145/340
f 87/85/84 89/87/86 350/176/342
f 87/85/84 350/176/342 349/164/341
f 89/87/86 91/89/88 351/134/343
f 89/87/86 351/134/343 350/176/342
f 91/89/88 93/91/90 352/135/344
f 91/89/88 352/135/344 351/134/343
f 93/91/90 95/93/92 353/158/345
f 93/91/90 353/158/345 352/135/344
f 95/93/92 97/95/94 354/170/346
f 95/93/92 354/170/346 353/158/345
f 97/95/94 99/97/96 355/182/347
f 97/95/94 355/182/347 354/170/346
f 99/97/96 101/99/98 356/148/348
f 99/97/96 356/148/348 355/182/347
f 101/99/98 103/101/100 357/149/349
f 101/99/98 357/149/349 356/148/348
f 103/101/100 105/103/102 358/166/350
f 103/101/100 358/166/350 357/149/349
f 105/103/102 107/105/104 359/138/351
f 105/103/102 359/138/351 358/166/350
f 107/105/104 109/107/106 360/130/352
f 107/105/104 360/130/352 359/138/351
f 109/107/106 111/109/108 361/131/353
f 109/107/106 361/131/353 360/130/352
f 111/109/108 113/111/110 362/160/354
f 111/109/108 362/160/354 361/131/353
f 113/111/110 115/113/112 363/172/355
f 113/111/110 363/172/355 362/160/354
f 115/113/112 117/115/114 364/184/356
f 115/113/112 364/184/356 363/172/355
f 117/115/114 119/117/116 365/152/357
f 117/115/114 365/152/357 364/184/356
f 119/117/116 125/123/122 366/153/358
f 119/117/116 366/153/358 365/152/357
f 125/123/122 127/125/124 335/178/328
f 125/123/122 335/178/328 366/153/358
f 182/178/178 196/192/192 197/193/193
f 182/178/178 197/193/193 183/179/179
f 367/323/359 368/324/360 58/58/57
f 367/323/359 58/58/57 126/124/123
f 368/324/360 369/325/361 59/59/58
f 368/324/360 59/59/58 58/58/57
f 369/325/361 370/326/362 62/62/61
f 369/325/361 62/62/61 59/59/58
f 370/326/362 371/327/363 64/64/63
f 370/326/362 64/64/63 62/62/61
f 371/327/363 372/328/364 66/66/65
f 371/327/363 66/66/65 64/64/63
f 372/328/364 373/329/365 68/68/67
f 372/328/364 68/68/67 66/66/65
f 373/329/365 374/330/366 70/70/69
f 373/329/365 70/70/69 68/68/67
f 374/330/366 375/331/367 72/72/71
f 374/330/366 72/72/71 70/70/69
f 376/331/367 377/332/368 75/74/73
f 376/331/367 75/74/73 74/72/71
f 377/332/368 378/333/369 78/76/75
f 377/332/368 78/76/75 75/74/73
f 378/333/369 379/334/370 80/78/77
f 378/333/369 80/78/77 78/76/75
f 379/334/370 380/335/371 82/80/79
f 379/334/370 82/80/79 80/78/77
f 380/335/371 381/336/372 84/82/81
f 380/335/371 84/82/81 82/80/79
f 381/336/372 382/337/373 86/84/83
f 381/336/372 86/84/83 84/82/81
f 382/337/373 383/338/374 88/86/85
f 382/337/373 88/86/85 86/84/83
f 383/338/374 384/339/375 90/88/87
f 383/338/374 90/88/87 88/86/85
f 384/339/375 385/340/376 92/90/89
f 384/339/375 92/90/89 90/88/87
f 385/340/376 386/341/377 94/92/91
f 385/340/376 94/92/91 92/90/89
f 386/341/377 387/342/378 96/94/93
f 386/341/377 96/94/93 94/92/91
f 387/342/378 388/343/379 98/96/95
f 387/342/378 98/96/95 96/94/93
f 388/343/379 389/344/380 100/98/97
f 388/343/379 100/98/97 98/96/95
f 389/344/380 390/345/381 102/100/99
f 389/344/380 102/100/99 100/98/97
f 390/345/381 391/346/382 104/102/101
f 390/345/381 104/102/101 102/100/99
f 391/346/382 392/347/383 106/104/103
f 391/346/382 106/104/103 104/102/101
f 392/347/383 393/348/384 108/106/105
f 392/347/383 108/106/105 106/104/103
f 393/348/384 394/349/385 110/108/107
f 393/348/384 110/108/107 108/106/105
f 394/349/385 395/350/386 112/110/109
f 394/349/385 112/110/109 110/108/107
f 395/350/386 396/351/387 114/112/111
f 395/350/386 114/112/111 112/110/109
f 396/351/387 397/352/388 116/114/113
f 396/351/387 116/114/113 114/112/111
f 397/352/388 398/353/389 118/116/115
f 397/352/388 118/116/115 116/114/113
f 398/353/389 399/354/390 124/122/121
f 398/353/389 124/122/121 118/116/115
f 399/354/390 367/323/359 126/124/123
f 399/354/390 126/124/123 124/122/121
f 126/124/123 58/58/57 61/61/60
f 126/124/123 61/61/60 127/125/124
f 271/223/266 400/225/391 401/355/392
f 271/223/266 401/355/392 272/264/267
f 400/225/391 402/227/393 403/356/394
f 400/225/391 403/356/394 401/355/392
f 402/227/393 404/229/395 405/357/396
f 402/227/393 405/357/396 403/356/394
f 404/229/395 406/231/397 407/358/398
f 404/229/395 407/358/398 405/357/396
f 406/231/397 408/233/399 409/359/400
f 406/231/397 409/359/400 407/358/398
f 408/233/399 410/235/401 411/360/402
f 408/233/399 411/360/402 409/359/400
f 410/235/401 412/237/403 413/239/404
f 410/235/401 413/239/404 411/360/402
f 273/219/268 272/264/267 414/361/405
f 273/219/268 414/361/405 415/217/406
f 272/264/267 401/355/392 416/362/407
f 272/264/267 416/362/407 414/361/405
f 401/355/392 403/356/394 417/363/408
f 401/355/392 417/363/408 416/362/407
f 403/356/394 405/357/396 418/364/409
f 403/356/394 418/364/409 417/363/408
f 405/357/396 407/358/398 419/365/410
f 405/357/396 419/365/410 418/364/409
f 407/358/398 409/359/400 420/366/411
f 407/358/398 420/366/411 419/365/410
f 409/359/400 411/360/402 421/367/412
f 409/359/400 421/367/412 420/366/411
f 411/360/402 413/239/404 422/241/413
f 411/360/402 422/241/413 421/367/412
f 415/217/406 414/361/405 423/368/414
f 415/217/406 423/368/414 424/190/415
f 414/361/405 416/362/407 425/369/416
f 414/361/405 425/369/416 423/368/414
f 416/362/407 417/363/408 426/370/417
f 416/362/407 426/370/417 425/369/416
f 417/363/408 418/364/409 427/371/418
f 417/363/408 427/371/418 426/370/417
f 418/364/409 419/365/410 428/372/419
f 418/364/409 428/372/419 427/371/418
f 419/365/410 420/366/411 429/373/420
f 419/365/410 429/373/420 428/372/419
f 420/366/411 421/367/412 430/374/421
f 420/366/411 430/374/421 429/373/420
f 421/367/412 422/241/413 431/243/422
f 421/367/412 431/243/422 430/374/421
f 424/190/415 423/368/414 432/375/423
f 424/190/415 432/375/423 433/191/424
f 423/368/414 425/369/416 434/376/425
f 423/368/414 434/376/425 432/375/423
f 425/369/416 426/370/417 435/377/426
f 425/369/416 435/377/426 434/376/425
f 426/370/417 427/371/418 436/378/19
f 426/370/417 436/378/19 435/377/426
f 427/371/418 428/372/419 437/379/427
f 427/371/418 437/379/427 436/378/19
f 428/372/419 429/373/420 438/380/428
f 428/372/419 438/380/428 437/379/427
f 429/373/420 430/374/421 439/381/429
f 429/373/420 439/381/429 438/380/428
f 430/374/421 431/243/422 440/245/430
f 430/374/421 440/245/430 439/381/429
f 433/191/424 432/375/423 441/382/431
f 433/191/424 441/382/431 442/211/432
f 432/375/423 434/376/425 443/383/433
f 432/375/423 443/383/433 441/382/431
f 434/376/425 435/377/426 444/384/434
f 434/376/425 444/384/434 443/383/433
f 435/377/426 436/378/19 445/385/435
f 435/377/426 445/385/435 444/384/434
f 436/378/19 437/379/427 446/386/436
f 436/378/19 446/386/436 445/385/435
f 437/379/427 438/380/428 447/387/437
f 437/379/427 447/387/437 446/386/436
f 438/380/428 439/381/429 448/388/438
f 438/380/428 448/388/438 447/387/437
f 439/381/429 440/245/430 449/247/439
f 439/381/429 449/247/439 448/388/438
f 442/211/432 441/382/431 450/389/440
f 442/211/432 450/389/440 451/209/441
f 441/382/431 443/383/433 452/390/442
f 441/382/431 452/390/442 450/389/440
f 443/383/433 444/384/434 453/391/443
f 443/383/433 453/391/443 452/390/442
f 444/384/434 445/385/435 454/392/444
f 444/384/434 454/392/444 453/391/443
f 445/385/435 446/386/436 455/393/445
f 445/385/435 455/393/445 454/392/444
f 446/386/436 447/387/437 456/394/446
f 446/386/436 456/394/446 455/393/445
f 447/387/437 448/388/438 457/395/447
f 447/387/437 457/395/447 456/394/446
f 448/388/438 449/247/439 458/249/448
f 448/388/438 458/249/448 457/395/447
f 451/209/441 450/389/440 459/396/449
f 451/209/441 459/396/449 460/207/450
f 450/389/440 452/390/442 461/397/451
f 450/389/440 461/397/451 459/396/449
f 452/390/442 453/391/443 462/398/452
f 452/390/442 462/398/452 461/397/451
f 453/391/443 454/392/444 463/399/453
f 453/391/443 463/399/453 462/398/452
f 454/392/444 455/393/445 464/400/454
f 454/392/444 464/400/454 463/399/453
f 455/393/445 456/394/446 465/401/455
f 455/393/445 465/401/455 464/400/454
f 456/394/446 457/395/447 466/402/456
f 456/394/446 466/402/456 465/401/455
f 457/395/447 458/249/448 467/251/457
f 457/395/447 467/251/457 466/402/456
f 460/207/450 459/396/449 468/203/458
f 460/207/450 468/203/458 469/205/459
f 459/396/449 461/397/451 470/200/460
f 459/396/449 470/200/460 468/203/458
f 461/397/451 462/398/452 471/201/461
f 461/397/451 471/201/461 470/200/460
f 462/398/452 463/399/453 472/312/462
f 462/398/452 472/312/462 471/201/461
f 463/399/453 464/400/454 473/196/463
f 463/399/453 473/196/463 472/312/462
f 464/400/454 465/401/455 474/197/464
f 464/400/454 474/197/464 473/196/463
f 465/401/455 466/402/456 475/255/465
f 465/401/455 475/255/465 474/197/464
f 466/402/456 467/251/457 476/253/466
f 466/402/456 476/253/466 475/255/465
f 477/403/467 478/404/468 479/405/469
f 477/403/467 479/405/469 480/406/470
f 481/407/471 482/408/472 483/409/473
f 481/407/471 483/409/473 484/410/474
f 485/411/475 486/412/476 487/413/477
f 485/411/475 487/413/477 488/414/478
f 489/415/479 490/416/480 482/408/472
f 489/415/479 482/408/472 481/407/471
f 491/417/481 492/418/482 486/412/476
f 491/417/481 486/412/476 485/411/475
f 493/419/483 494/420/484 490/416/480
f 493/419/483 490/416/480 489/415/479
f 495/421/485 120/118/117 492/418/482
f 495/421/485 492/418/482 491/417/481
f 496/422/486 497/423/487 494/420/484
f 496/422/486 494/420/484 493/419/483
f 498/424/488 121/119/118 120/118/117
f 498/424/488 120/118/117 495/421/485
f 499/425/489 500/426/490 501/423/487
f 499/425/489 501/423/487 502/422/486
f 503/427/491 504/428/492 121/119/118
f 503/427/491 121/119/118 498/424/488
f 480/406/470 479/405/469 505/429/493
f 480/406/470 505/429/493 506/430/494
f 507/431/495 508/432/496 500/426/490
f 507/431/495 500/426/490 499/425/489
f 509/433/497 510/434/498 504/428/492
f 509/433/497 504/428/492 503/427/491
f 511/435/499 512/436/500 508/432/496
f 511/435/499 508/432/496 507/431/495
f 513/437/501 514/438/502 510/434/498
f 513/437/501 510/434/498 509/433/497
f 515/439/503 516/440/504 512/436/500
f 515/439/503 512/436/500 511/435/499
f 517/441/505 518/442/506 514/438/502
f 517/441/505 514/438/502 513/437/501
f 506/430/494 505/429/493 516/440/504
f 506/430/494 516/440/504 515/439/503
f 519/443/507 520/444/508 518/442/506
f 519/443/507 518/442/506 517/441/505
f 521/445/509 522/446/510 263/257/258
f 521/445/509 263/257/258 262/256/257
f 523/447/511 524/448/512 520/444/508
f 523/447/511 520/444/508 519/443/507
f 525/449/513 526/450/514 522/446/510
f 525/449/513 522/446/510 521/445/509
f 527/451/515 528/452/516 524/448/512
f 527/451/515 524/448/512 523/447/511
f 529/453/517 530/454/518 526/450/514
f 529/453/517 526/450/514 525/449/513
f 531/455/519 532/456/520 528/452/516
f 531/455/519 528/452/516 527/451/515
f 533/457/521 534/458/522 530/454/518
f 533/457/521 530/454/518 529/453/517
f 484/410/474 483/409/473 532/456/520
f 484/410/474 532/456/520 531/455/519
f 488/414/478 487/413/477 534/458/522
f 488/414/478 534/458/522 533/457/521
f 265/259/260 264/258/259 535/459/523
f 265/259/260 535/459/523 536/460/524
f 537/461/525 538/462/526 539/463/527
f 537/461/525 539/463/527 540/464/528
f 494/420/484 497/423/487 541/465/529
f 494/420/484 541/465/529 542/466/530
f 492/418/482 120/118/117 123/121/120
f 492/418/482 123/121/120 543/467/531
f 490/416/480 494/420/484 542/466/530
f 490/416/480 542/466/530 544/468/532
f 486/412/476 492/418/482 543/467/531
f 486/412/476 543/467/531 545/469/533
f 482/408/472 490/416/480 544/468/532
f 482/408/472 544/468/532 546/470/534
f 487/413/477 486/412/476 545/469/533
f 487/413/477 545/469/533 547/471/535
f 483/409/473 482/408/472 546/470/534
f 483/409/473 546/470/534 548/472/536
f 534/458/522 487/413/477 547/471/535
f 534/458/522 547/471/535 549/473/537
f 532/456/520 483/409/473 548/472/536
f 532/456/520 548/472/536 550/474/538
f 530/454/518 534/458/522 549/473/537
f 530/454/518 549/473/537 551/475/539
f 528/452/516 532/456/520 550/474/538
f 528/452/516 550/474/538 552/476/540
f 478/404/468 535/459/523 553/477/541
f 478/404/468 553/477/541 554/478/542
f 526/450/514 530/454/518 551/475/539
f 526/450/514 551/475/539 555/479/543
f 524/448/512 528/452/516 552/476/540
f 524/448/512 552/476/540 556/480/544
f 479/405/469 478/404/468 554/478/542
f 479/405/469 554/478/542 557/481/545
f 522/446/510 526/450/514 555/479/543
f 522/446/510 555/479/543 558/482/546
f 520/444/508 524/448/512 556/480/544
f 520/444/508 556/480/544 559/483/547
f 505/429/493 479/405/469 557/481/545
f 505/429/493 557/481/545 560/484/548
f 263/257/258 522/446/510 558/482/546
f 263/257/258 558/482/546 561/485/549
f 518/442/506 520/444/508 559/483/547
f 518/442/506 559/483/547 562/486/550
f 516/440/504 505/429/493 560/484/548
f 516/440/504 560/484/548 563/487/551
f 264/258/259 263/257/258 561/485/549
f 264/258/259 561/485/549 564/488/552
f 514/438/502 518/442/506 562/486/550
f 514/438/502 562/486/550 565/489/553
f 512/436/500 516/440/504 563/487/551
f 512/436/500 563/487/551 566/490/554
f 535/459/523 264/258/259 564/488/552
f 535/459/523 564/488/552 553/477/541
f 510/434/498 514/438/502 565/489/553
f 510/434/498 565/489/553 567/491/555
f 508/432/496 512/436/500 566/490/554
f 508/432/496 566/490/554 568/492/556
f 504/428/492 510/434/498 567/491/555
f 504/428/492 567/491/555 569/493/557
f 500/426/490 508/432/496 568/492/556
f 500/426/490 568/492/556 570/494/558
f 121/119/118 504/428/492 569/493/557
f 121/119/118 569/493/557 122/120/119
f 501/423/487 500/426/490 570/494/558
f 501/423/487 570/494/558 571/465/529
f 572/495/559 573/496/560 574/497/561
f 572/495/559 574/497/561 575/498/562
f 576/499/563 577/500/564 578/501/565
f 576/499/563 578/501/565 579/502/566
f 580/503/567 581/504/568 582/505/569
f 580/503/567 582/505/569 583/506/570
f 584/500/564 585/507/571 586/508/572
f 584/500/564 586/508/572 587/501/565
f 581/504/568 588/509/573 589/510/574
f 581/504/568 589/510/574 582/505/569
f 585/507/571 590/511/575 591/512/576
f 585/507/571 591/512/576 586/508/572
f 588/509/573 592/513/577 593/514/578
f 588/509/573 593/514/578 589/510/574
f 590/511/575 594/515/579 595/516/580
f 590/511/575 595/516/580 591/512/576
f 596/517/581 597/518/582 598/519/583
f 596/517/581 598/519/583 599/520/584
f 592/513/577 600/521/585 601/522/586
f 592/513/577 601/522/586 593/514/578
f 594/515/579 602/523/587 603/524/588
f 594/515/579 603/524/588 595/516/580
f 597/518/582 604/525/589 605/526/590
f 597/518/582 605/526/590 598/519/583
f 600/521/585 606/527/591 607/528/592
f 600/521/585 607/528/592 601/522/586
f 602/523/587 608/529/593 609/530/594
f 602/523/587 609/530/594 603/524/588
f 604/525/589 610/531/595 611/532/596
f 604/525/589 611/532/596 605/526/590
f 606/527/591 612/533/597 613/534/598
f 606/527/591 613/534/598 607/528/592
f 608/529/593 614/535/599 615/536/600
f 608/529/593 615/536/600 609/530/594
f 610/531/595 616/537/601 617/538/602
f 610/531/595 617/538/602 611/532/596
f 612/533/597 618/539/603 619/540/604
f 612/533/597 619/540/604 613/534/598
f 614/535/599 620/541/605 621/542/606
f 614/535/599 621/542/606 615/536/600
f 616/537/601 622/543/607 623/544/608
f 616/537/601 623/544/608 617/538/602
f 618/539/603 624/545/609 625/546/610
f 618/539/603 625/546/610 619/540/604
f 620/541/605 596/517/581 599/520/584
f 620/541/605 599/520/584 621/542/606
f 622/543/607 626/547/611 627/548/612
f 622/543/607 627/548/612 623/544/608
f 624/545/609 628/549/613 629/550/614
f 624/545/609 629/550/614 625/546/610
f 626/547/611 630/551/615 631/552/616
f 626/547/611 631/552/616 627/548/612
f 628/549/613 632/553/617 633/554/618
f 628/549/613 633/554/618 629/550/614
f 630/551/615 634/555/619 635/556/620
f 630/551/615 635/556/620 631/552/616
f 632/553/617 636/557/621 637/558/622
f 632/553/617 637/558/622 633/554/618
f 634/555/619 638/559/623 639/560/624
f 634/555/619 639/560/624 635/556/620
f 636/557/621 640/561/625 641/562/626
f 636/557/621 641/562/626 637/558/622
f 638/559/623 642/563/627 643/564/628
f 638/559/623 643/564/628 639/560/624
f 644/486/629 645/483/630 646/565/631
f 644/486/629 646/565/631 647/566/632
f 648/484/633 649/481/634 650/567/635
f 648/484/633 650/567/635 651/568/636
f 652/488/637 653/485/638 654/569/639
f 652/488/637 654/569/639 655/570/640
f 656/489/641 644/486/629 647/566/632
f 656/489/641 647/566/632 657/571/642
f 658/490/643 659/487/644 660/572/645
f 658/490/643 660/572/645 661/573/646
f 662/491/647 656/489/641 657/571/642
f 662/491/647 657/571/642 663/574/648
f 664/492/649 658/490/643 661/573/646
f 664/492/649 661/573/646 665/575/650
f 666/493/651 662/491/647 663/574/648
f 666/493/651 663/574/648 667/576/652
f 668/494/653 664/492/649 665/575/650
f 668/494/653 665/575/650 669/577/654
f 659/487/644 648/484/633 651/568/636
f 659/487/644 651/568/636 660/572/645
f 670/120/655 666/493/651 667/576/652
f 670/120/655 667/576/652 671/578/656
f 672/465/657 668/494/653 669/577/654
f 672/465/657 669/577/654 673/579/658
f 674/121/659 670/120/655 671/578/656
f 674/121/659 671/578/656 675/580/660
f 676/466/661 677/465/657 678/579/658
f 676/466/661 678/579/658 679/581/662
f 680/467/663 674/121/659 675/580/660
f 680/467/663 675/580/660 681/582/664
f 682/468/665 676/466/661 679/581/662
f 682/468/665 679/581/662 683/583/666
f 684/469/667 680/467/663 681/582/664
f 684/469/667 681/582/664 685/584/668
f 686/470/669 682/468/665 683/583/666
f 686/470/669 683/583/666 687/585/670
f 688/471/671 684/469/667 685/584/668
f 688/471/671 685/584/668 689/586/672
f 690/472/673 686/470/669 687/585/670
f 690/472/673 687/585/670 691/587/674
f 692/473/675 688/471/671 689/586/672
f 692/473/675 689/586/672 693/588/676
f 694/474/677 690/472/673 691/587/674
f 694/474/677 691/587/674 695/589/678
f 696/475/679 692/473/675 693/588/676
f 696/475/679 693/588/676 697/590/680
f 698/476/681 694/474/677 695/589/678
f 698/476/681 695/589/678 699/591/682
f 700/479/683 696/475/679 697/590/680
f 700/479/683 697/590/680 701/592/684
f 702/480/685 698/476/681 699/591/682
f 702/480/685 699/591/682 703/593/686
f 704/482/687 700/479/683 701/592/684
f 704/482/687 701/592/684 705/594/688
f 645/483/630 702/480/685 703/593/686
f 645/483/630 703/593/686 646/565/631
f 706/477/689 652/488/637 655/570/640
f 706/477/689 655/570/640 707/595/690
f 653/485/638 704/482/687 705/594/688
f 653/485/638 705/594/688 654/569/639
f 708/596/691 576/499/563 579/502/566
f 708/596/691 579/502/566 709/597/692
f 573/496/560 580/503/567 583/506/570
f 573/496/560 583/506/570 574/497/561
f 710/598/693 708/596/691 709/597/692
f 710/598/693 709/597/692 711/599/694
f 712/600/695 572/495/559 575/498/562
f 712/600/695 575/498/562 713/601/696
f 714/602/697 710/598/693 711/599/694
f 714/602/697 711/599/694 715/603/698
f 716/604/699 712/600/695 713/601/696
f 716/604/699 713/601/696 717/605/700
f 718/606/701 719/607/702 720/608/703
f 718/606/701 720/608/703 721/609/704
f 722/610/705 714/602/697 715/603/698
f 722/610/705 715/603/698 723/611/706
f 724/612/707 716/604/699 717/605/700
f 724/612/707 717/605/700 725/613/708
f 726/614/709 727/615/710 728/616/711
f 726/614/709 728/616/711 729/617/712
f 730/618/713 722/610/705 723/611/706
f 730/618/713 723/611/706 731/619/714
f 732/620/715 724/612/707 725/613/708
f 732/620/715 725/613/708 733/621/716
f 734/622/717 735/623/718 736/624/719
f 734/622/717 736/624/719 737/625/720
f 738/626/721 730/618/713 731/619/714
f 738/626/721 731/619/714 739/627/722
f 740/628/723 732/620/715 733/621/716
f 740/628/723 733/621/716 741/629/724
f 742/630/725 734/622/717 737/625/720
f 742/630/725 737/625/720 743/631/726
f 744/632/727 738/626/721 739/627/722
f 744/632/727 739/627/722 745/633/728
f 649/481/634 746/478/729 747/634/730
f 649/481/634 747/634/730 650/567/635
f 748/635/731 742/630/725 743/631/726
f 748/635/731 743/631/726 749/636/732
f 750/637/733 744/632/727 745/633/728
f 750/637/733 745/633/728 751/638/734
f 735/623/718 718/606/701 721/609/704
f 735/623/718 721/609/704 736/624/719
f 752/639/735 748/635/731 749/636/732
f 752/639/735 749/636/732 753/640/736
f 754/641/737 750/637/733 751/638/734
f 754/641/737 751/638/734 755/642/738
f 756/643/739 752/639/735 753/640/736
f 756/643/739 753/640/736 757/644/740
f 758/645/741 754/641/737 755/642/738
f 758/645/741 755/642/738 759/646/742
f 760/647/743 761/643/739 762/644/740
f 760/647/743 762/644/740 763/648/744
f 764/649/745 758/645/741 759/646/742
f 764/649/745 759/646/742 765/650/746
f 766/651/747 760/647/743 763/648/744
f 766/651/747 763/648/744 767/652/748
f 768/653/749 764/649/745 765/650/746
f 768/653/749 765/650/746 769/654/750
f 770/655/751 766/651/747 767/652/748
f 770/655/751 767/652/748 771/656/752
f 642/563/627 768/653/749 769/654/750
f 642/563/627 769/654/750 643/564/628
f 640/561/625 770/655/751 771/656/752
f 640/561/625 771/656/752 641/562/626
f 753/640/736 749/636/732 772/657/753
f 753/640/736 772/657/753 773/658/754
f 774/659/755 775/660/756 776/661/757
f 774/659/755 776/661/757 777/662/758
f 538/462/526 778/663/759 779/664/760
f 538/462/526 779/664/760 539/463/527
f 775/660/756 780/665/761 781/666/762
f 775/660/756 781/666/762 776/661/757
f 778/663/759 782/667/763 783/668/764
f 778/663/759 783/668/764 779/664/760
f 780/665/761 784/669/765 785/670/766
f 780/665/761 785/670/766 781/666/762
f 727/615/710 786/671/767 787/672/768
f 727/615/710 787/672/768 728/616/711
f 782/667/763 788/673/769 789/674/770
f 782/667/763 789/674/770 783/668/764
f 784/669/765 790/675/771 791/676/772
f 784/669/765 791/676/772 785/670/766
f 792/677/773 740/628/723 741/629/724
f 792/677/773 741/629/724 793/678/774
f 788/673/769 794/679/775 795/680/776
f 788/673/769 795/680/776 789/674/770
f 790/675/771 796/681/777 797/682/778
f 790/675/771 797/682/778 791/676/772
f 786/671/767 798/683/779 799/684/780
f 786/671/767 799/684/780 787/672/768
f 794/679/775 800/685/781 801/686/782
f 794/679/775 801/686/782 795/680/776
f 796/681/777 802/687/783 803/688/784
f 796/681/777 803/688/784 797/682/778
f 798/683/779 804/689/785 805/690/786
f 798/683/779 805/690/786 799/684/780
f 800/685/781 806/691/787 807/692/788
f 800/685/781 807/692/788 801/686/782
f 802/687/783 808/693/789 809/694/790
f 802/687/783 809/694/790 803/688/784
f 804/689/785 810/695/791 811/696/792
f 804/689/785 811/696/792 805/690/786
f 806/691/787 726/614/709 729/617/712
f 806/691/787 729/617/712 807/692/788
f 808/693/789 812/697/793 813/698/794
f 808/693/789 813/698/794 809/694/790
f 810/695/791 814/699/795 815/700/796
f 810/695/791 815/700/796 811/696/792
f 812/697/793 816/701/797 817/702/798
f 812/697/793 817/702/798 813/698/794
f 814/699/795 818/703/799 819/704/800
f 814/699/795 819/704/800 815/700/796
f 816/701/797 820/705/801 821/706/802
f 816/701/797 821/706/802 817/702/798
f 818/703/799 822/707/803 823/708/804
f 818/703/799 823/708/804 819/704/800
f 820/705/801 824/709/805 825/710/806
f 820/705/801 825/710/806 821/706/802
f 826/707/803 827/711/807 828/712/808
f 826/707/803 828/712/808 829/708/804
f 824/709/805 830/713/809 831/714/810
f 824/709/805 831/714/810 825/710/806
f 827/711/807 832/715/811 833/716/812
f 827/711/807 833/716/812 828/712/808
f 830/713/809 537/461/525 540/464/528
f 830/713/809 540/464/528 831/714/810
f 832/715/811 774/659/755 777/662/758
f 832/715/811 777/662/758 833/716/812
f 834/717/813 835/718/814 836/719/815
f 834/717/813 836/719/815 837/720/816
f 593/514/578 601/522/586 838/721/817
f 593/514/578 838/721/817 839/722/818
f 757/644/740 753/640/736 773/658/754
f 757/644/740 773/658/754 840/723/819
f 589/510/574 593/514/578 839/722/818
f 589/510/574 839/722/818 841/724/820
f 763/648/744 762/644/740 842/723/821
f 763/648/744 842/723/821 835/718/814
f 582/505/569 589/510/574 841/724/820
f 582/505/569 841/724/820 843/725/822
f 767/652/748 763/648/744 835/718/814
f 767/652/748 835/718/814 834/717/813
f 583/506/570 582/505/569 843/725/822
f 583/506/570 843/725/822 844/726/823
f 771/656/752 767/652/748 834/717/813
f 771/656/752 834/717/813 845/727/824
f 574/497/561 583/506/570 844/726/823
f 574/497/561 844/726/823 846/728/825
f 641/562/626 771/656/752 845/727/824
f 641/562/626 845/727/824 847/729/826
f 575/498/562 574/497/561 846/728/825
f 575/498/562 846/728/825 848/730/827
f 637/558/622 641/562/626 847/729/826
f 637/558/622 847/729/826 849/731/828
f 713/601/696 575/498/562 848/730/827
f 713/601/696 848/730/827 850/732/829
f 633/554/618 637/558/622 849/731/828
f 633/554/618 849/731/828 851/733/830
f 720/608/703 793/678/774 852/734/831
f 720/608/703 852/734/831 853/735/832
f 717/605/700 713/601/696 850/732/829
f 717/605/700 850/732/829 854/736/833
f 629/550/614 633/554/618 851/733/830
f 629/550/614 851/733/830 855/737/834
f 721/609/704 720/608/703 853/735/832
f 721/609/704 853/735/832 856/738/835
f 725/613/708 717/605/700 854/736/833
f 725/613/708 854/736/833 857/739/836
f 625/546/610 629/550/614 855/737/834
f 625/546/610 855/737/834 858/740/837
f 736/624/719 721/609/704 856/738/835
f 736/624/719 856/738/835 859/741/838
f 733/621/716 725/613/708 857/739/836
f 733/621/716 857/739/836 860/742/839
f 619/540/604 625/546/610 858/740/837
f 619/540/604 858/740/837 861/743/840
f 737/625/720 736/624/719 859/741/838
f 737/625/720 859/741/838 862/744/841
f 741/629/724 733/621/716 860/742/839
f 741/629/724 860/742/839 863/745/842
f 613/534/598 619/540/604 861/743/840
f 613/534/598 861/743/840 864/746/843
f 743/631/726 737/625/720 862/744/841
f 743/631/726 862/744/841 865/747/844
f 793/678/774 741/629/724 863/745/842
f 793/678/774 863/745/842 852/734/831
f 607/528/592 613/534/598 864/746/843
f 607/528/592 864/746/843 866/748/845
f 749/636/732 743/631/726 865/747/844
f 749/636/732 865/747/844 772/657/753
f 601/522/586 607/528/592 866/748/845
f 601/522/586 866/748/845 838/721/817
f 867/749/846 868/750/847 869/751/848
f 867/749/846 869/751/848 870/752/849
f 844/726/823 843/725/822 871/753/850
f 844/726/823 871/753/850 872/754/851
f 845/727/824 834/717/813 837/720/816
f 845/727/824 837/720/816 873/755/852
f 846/728/825 844/726/823 872/754/851
f 846/728/825 872/754/851 874/756/853
f 847/729/826 845/727/824 873/755/852
f 847/729/826 873/755/852 875/757/854
f 848/730/827 846/728/825 874/756/853
f 848/730/827 874/756/853 876/758/855
f 849/731/828 847/729/826 875/757/854
f 849/731/828 875/757/854 877/759/856
f 850/732/829 848/730/827 876/758/855
f 850/732/829 876/758/855 878/760/857
f 851/733/830 849/731/828 877/759/856
f 851/733/830 877/759/856 879/761/858
f 853/735/832 852/734/831 880/762/859
f 853/735/832 880/762/859 881/763/860
f 854/736/833 850/732/829 878/760/857
f 854/736/833 878/760/857 882/764/861
f 855/737/834 851/733/830 879/761/858
f 855/737/834 879/761/858 883/765/862
f 856/738/835 853/735/832 881/763/860
f 856/738/835 881/763/860 884/766/863
f 857/739/836 854/736/833 882/764/861
f 857/739/836 882/764/861 885/767/864
f 858/740/837 855/737/834 883/765/862
f 858/740/837 883/765/862 886/768/865
f 859/741/838 856/738/835 884/766/863
f 859/741/838 884/766/863 887/769/866
f 860/742/839 857/739/836 885/767/864
f 860/742/839 885/767/864 888/770/867
f 861/743/840 858/740/837 886/768/865
f 861/743/840 886/768/865 889/771/868
f 862/744/841 859/741/838 887/769/866
f 862/744/841 887/769/866 890/772/869
f 863/745/842 860/742/839 888/770/867
f 863/745/842 888/770/867 891/773/870
f 864/746/843 861/743/840 889/771/868
f 864/746/843 889/771/868 892/774/871
f 865/747/844 862/744/841 890/772/869
f 865/747/844 890/772/869 893/775/872
f 852/734/831 863/745/842 891/773/870
f 852/734/831 891/773/870 880/762/859
f 866/748/845 864/746/843 892/774/871
f 866/748/845 892/774/871 894/776/873
f 772/657/753 865/747/844 893/775/872
f 772/657/753 893/775/872 895/777/874
f 838/721/817 866/748/845 894/776/873
f 838/721/817 894/776/873 896/778/875
f 773/658/754 772/657/753 895/777/874
f 773/658/754 895/777/874 897/779/876
f 839/722/818 838/721/817 896/778/875
f 839/722/818 896/778/875 898/780/877
f 840/723/819 773/658/754 897/779/876
f 840/723/819 897/779/876 899/781/878
f 841/724/820 839/722/818 898/780/877
f 841/724/820 898/780/877 900/782/879
f 835/718/814 842/723/821 901/781/880
f 835/718/814 901/781/880 836/719/815
f 843/725/822 841/724/820 900/782/879
f 843/725/822 900/782/879 871/753/850
f 902/783/881 903/784/882 881/763/860
f 902/783/881 881/763/860 880/762/859
f 903/784/882 904/785/883 884/766/863
f 903/784/882 884/766/863 881/763/860
f 904/785/883 905/786/884 887/769/866
f 904/785/883 887/769/866 884/766/863
f 905/786/884 906/787/885 890/772/869
f 905/786/884 890/772/869 887/769/866
f 906/787/885 907/788/886 893/775/872
f 906/787/885 893/775/872 890/772/869
f 907/788/886 908/789/887 895/777/874
f 907/788/886 895/777/874 893/775/872
f 908/789/887 909/790/888 897/779/876
f 908/789/887 897/779/876 895/777/874
f 909/790/888 910/791/889 899/781/878
f 909/790/888 899/781/878 897/779/876
f 911/791/890 912/792/891 836/719/815
f 911/791/890 836/719/815 901/781/880
f 912/792/891 913/793/892 837/720/816
f 912/792/891 837/720/816 836/719/815
f 913/793/892 914/794/893 873/755/852
f 913/793/892 873/755/852 837/720/816
f 914/794/893 915/795/894 875/757/854
f 914/794/893 875/757/854 873/755/852
f 915/795/894 916/796/895 877/759/856
f 915/795/894 877/759/856 875/757/854
f 916/796/895 917/797/896 879/761/858
f 916/796/895 879/761/858 877/759/856
f 917/797/896 918/798/897 883/765/862
f 917/797/896 883/765/862 879/761/858
f 918/798/897 919/799/898 886/768/865
f 918/798/897 886/768/865 883/765/862
f 919/799/898 920/800/899 889/771/868
f 919/799/898 889/771/868 886/768/865
f 920/800/899 921/801/900 892/774/871
f 920/800/899 892/774/871 889/771/868
f 921/801/900 922/802/901 894/776/873
f 921/801/900 894/776/873 892/774/871
f 922/802/901 923/803/902 896/778/875
f 922/802/901 896/778/875 894/776/873
f 923/803/902 924/804/903 898/780/877
f 923/803/902 898/780/877 896/778/875
f 924/804/903 925/805/904 900/782/879
f 924/804/903 900/782/879 898/780/877
f 925/805/904 926/806/905 871/753/850
f 925/805/904 871/753/850 900/782/879
f 926/806/905 927/750/906 872/754/851
f 926/806/905 872/754/851 871/753/850
f 927/750/906 928/749/907 874/756/853
f 927/750/906 874/756/853 872/754/851
f 928/749/907 929/807/908 876/758/855
f 928/749/907 876/758/855 874/756/853
f 929/807/908 930/808/909 878/760/857
f 929/807/908 878/760/857 876/758/855
f 930/808/909 931/809/910 882/764/861
f 930/808/909 882/764/861 878/760/857
f 931/809/910 932/810/911 885/767/864
f 931/809/910 885/767/864 882/764/861
f 932/810/911 933/811/912 888/770/867
f 932/810/911 888/770/867 885/767/864
f 933/811/912 934/812/913 891/773/870
f 933/811/912 891/773/870 888/770/867
f 934/812/913 902/783/881 880/762/859
f 934/812/913 880/762/859 891/773/870
f 935/785/883 936/784/882 937/813/914
f 935/785/883 937/813/914 938/814/915
f 939/795/916 940/794/893 941/815/917
f 939/795/916 941/815/917 942/816/918
f 943/807/919 867/749/846 870/752/849
f 943/807/919 870/752/849 944/817/920
f 945/796/895 939/795/916 942/816/918
f 945/796/895 942/816/918 946/818/921
f 947/808/922 943/807/919 944/817/920
f 947/808/922 944/817/920 948/819/923
f 949/797/924 945/796/895 946/818/921
f 949/797/924 946/818/921 950/820/925
f 951/809/926 947/808/922 948/819/923
f 951/809/926 948/819/923 952/821/927
f 953/798/928 949/797/924 950/820/925
f 953/798/928 950/820/925 954/822/929
f 955/810/911 951/809/926 952/821/927
f 955/810/911 952/821/927 956/823/930
f 957/799/898 953/798/928 954/822/929
f 957/799/898 954/822/929 958/824/931
f 959/783/881 960/812/913 961/825/932
f 959/783/881 961/825/932 962/826/933
f 963/811/934 955/810/911 956/823/930
f 963/811/934 956/823/930 964/827/935
f 965/800/936 957/799/898 958/824/931
f 965/800/936 958/824/931 966/828/937
f 967/787/885 968/786/938 969/829/939
f 967/787/885 969/829/939 970/830/940
f 960/812/913 963/811/934 964/827/935
f 960/812/913 964/827/935 961/825/932
f 971/801/941 965/800/936 966/828/937
f 971/801/941 966/828/937 972/831/942
f 973/788/886 967/787/885 970/830/940
f 973/788/886 970/830/940 974/832/943
f 975/802/944 971/801/941 972/831/942
f 975/802/944 972/831/942 976/833/945
f 977/789/946 973/788/886 974/832/943
f 977/789/946 974/832/943 978/834/947
f 968/786/938 935/785/883 938/814/915
f 968/786/938 938/814/915 969/829/939
f 979/803/902 975/802/944 976/833/945
f 979/803/902 976/833/945 980/835/948
f 981/790/949 977/789/946 978/834/947
f 981/790/949 978/834/947 982/836/950
f 983/804/903 979/803/902 980/835/948
f 983/804/903 980/835/948 984/837/951
f 985/791/890 981/790/949 982/836/950
f 985/791/890 982/836/950 986/838/952
f 987/805/953 983/804/903 984/837/951
f 987/805/953 984/837/951 988/839/954
f 989/792/891 985/791/890 986/838/952
f 989/792/891 986/838/952 990/840/955
f 991/806/956 987/805/953 988/839/954
f 991/806/956 988/839/954 992/841/957
f 993/793/958 989/792/891 990/840/955
f 993/793/958 990/840/955 994/842/959
f 868/750/847 991/806/956 992/841/957
f 868/750/847 992/841/957 869/751/848
f 940/794/893 993/793/958 994/842/959
f 940/794/893 994/842/959 941/815/917
f 937/813/914 962/826/933 995/843/960
f 937/813/914 995/843/960 996/844/961
f 938/814/915 937/813/914 996/844/961
f 938/814/915 996/844/961 997/845/962
f 969/829/939 938/814/915 997/845/962
f 969/829/939 997/845/962 998/846/963
f 970/830/940 969/829/939 998/846/963
f 970/830/940 998/846/963 999/847/964
f 974/832/943 970/830/940 999/847/964
f 974/832/943 999/847/964 1000/848/965
f 978/834/947 974/832/943 1000/848/965
f 978/834/947 1000/848/965 1001/849/966
f 982/836/950 978/834/947 1001/849/966
f 982/836/950 1001/849/966 1002/850/967
f 986/838/952 982/836/950 1002/850/967
f 986/838/952 1002/850/967 1003/851/968
f 990/840/955 986/838/952 1003/851/968
f 990/840/955 1003/851/968 1004/852/969
f 994/842/959 990/840/955 1004/852/969
f 994/842/959 1004/852/969 1005/853/970
f 941/815/917 994/842/959 1005/853/970
f 941/815/917 1005/853/970 1006/854/971
f 942/816/918 941/815/917 1006/854/971
f 942/816/918 1006/854/971 1007/855/972
f 946/818/921 942/816/918 1007/855/972
f 946/818/921 1007/855/972 1008/856/973
f 950/820/925 946/818/921 1008/856/973
f 950/820/925 1008/856/973 1009/857/974
f 954/822/929 950/820/925 1009/857/974
f 954/822/929 1009/857/974 1010/858/975
f 958/824/931 954/822/929 1010/858/975
f 958/824/931 1010/858/975 1011/859/976
f 966/828/937 958/824/931 1011/859/976
f 966/828/937 1011/859/976 1012/860/977
f 972/831/942 966/828/937 1012/860/977
f 972/831/942 1012/860/977 1013/861/978
f 976/833/945 972/831/942 1013/861/978
f 976/833/945 1013/861/978 1014/862/979
f 980/835/948 976/833/945 1014/862/979
f 980/835/948 1014/862/979 1015/863/980
f 984/837/951 980/835/948 1015/863/980
f 984/837/951 1015/863/980 1016/864/981
f 988/839/954 984/837/951 1016/864/981
f 988/839/954 1016/864/981 1017/865/982
f 992/841/957 988/839/954 1017/865/982
f 992/841/957 1017/865/982 1018/866/983
f 869/751/848 992/841/957 1018/866/983
f 869/751/848 1018/866/983 1019/867/984
f 870/752/849 869/751/848 1019/867/984
f 870/752/849 1019/867/984 1020/868/985
f 944/817/920 870/752/849 1020/868/985
f 944/817/920 1020/868/985 1021/869/986
f 948/819/923 944/817/920 1021/869/986
f 948/819/923 1021/869/986 1022/870/987
f 952/821/927 948/819/923 1022/870/987
f 952/821/927 1022/870/987 1023/871/988
f 956/823/930 952/821/927 1023/871/988
f 956/823/930 1023/871/988 1024/872/989
f 964/827/935 956/823/930 1024/872/989
f 964/827/935 1024/872/989 1025/873/990
f 961/825/932 964/827/935 1025/873/990
f 961/825/932 1025/873/990 1026/874/991
f 962/826/933 961/825/932 1026/874/991
f 962/826/933 1026/874/991 995/843/960
f 936/784/882 959/783/881 962/826/933
f 936/784/882 962/826/933 937/813/914
f 727/615/710 726/614/709 792/677/773
f 727/615/710 792/677/773 719/607/702
f 786/671/767 727/615/710 719/607/702
f 786/671/767 719/607/702 718/606/701
f 798/683/779 786/671/767 718/606/701
f 798/683/779 718/606/701 735/623/718
f 804/689/785 798/683/779 735/623/718
f 804/689/785 735/623/718 734/622/717
f 810/695/791 804/689/785 734/622/717
f 810/695/791 734/622/717 742/630/725
f 814/699/795 810/695/791 742/630/725
f 814/699/795 742/630/725 748/635/731
f 818/703/799 814/699/795 748/635/731
f 818/703/799 748/635/731 752/639/735
f 822/707/803 818/703/799 752/639/735
f 822/707/803 752/639/735 756/643/739
f 827/711/807 826/707/803 761/643/739
f 827/711/807 761/643/739 760/647/743
f 832/715/811 827/711/807 760/647/743
f 832/715/811 760/647/743 766/651/747
f 774/659/755 832/715/811 766/651/747
f 774/659/755 766/651/747 770/655/751
f 775/660/756 774/659/755 770/655/751
f 775/660/756 770/655/751 640/561/625
f 780/665/761 775/660/756 640/561/625
f 780/665/761 640/561/625 636/557/621
f 784/669/765 780/665/761 636/557/621
f 784/669/765 636/557/621 632/553/617
f 790/675/771 784/669/765 632/553/617
f 790/675/771 632/553/617 628/549/613
f 796/681/777 790/675/771 628/549/613
f 796/681/777 628/549/613 624/545/609
f 802/687/783 796/681/777 624/545/609
f 802/687/783 624/545/609 618/539/603
f 808/693/789 802/687/783 618/539/603
f 808/693/789 618/539/603 612/533/597
f 812/697/793 808/693/789 612/533/597
f 812/697/793 612/533/597 606/527/591
f 816/701/797 812/697/793 606/527/591
f 816/701/797 606/527/591 600/521/585
f 820/705/801 816/701/797 600/521/585
f 820/705/801 600/521/585 592/513/577
f 824/709/805 820/705/801 592/513/577
f 824/709/805 592/513/577 588/509/573
f 830/713/809 824/709/805 588/509/573
f 830/713/809 588/509/573 581/504/568
f 537/461/525 830/713/809 581/504/568
f 537/461/525 581/504/568 580/503/567
f 538/462/526 537/461/525 580/503/567
f 538/462/526 580/503/567 573/496/560
f 778/663/759 538/462/526 573/496/560
f 778/663/759 573/496/560 572/495/559
f 782/667/763 778/663/759 572/495/559
f 782/667/763 572/495/559 712/600/695
f 788/673/769 782/667/763 712/600/695
f 788/673/769 712/600/695 716/604/699
f 794/679/775 788/673/769 716/604/699
f 794/679/775 716/604/699 724/612/707
f 800/685/781 794/679/775 724/612/707
f 800/685/781 724/612/707 732/620/715
f 806/691/787 800/685/781 732/620/715
f 806/691/787 732/620/715 740/628/723
f 726/614/709 806/691/787 740/628/723
f 726/614/709 740/628/723 792/677/773
f 621/542/606 599/520/584 729/617/712
f 621/542/606 729/617/712 728/616/711
f 615/536/600 621/542/606 728/616/711
f 615/536/600 728/616/711 787/672/768
f 609/530/594 615/536/600 787/672/768
f 609/530/594 787/672/768 799/684/780
f 603/524/588 609/530/594 799/684/780
f 603/524/588 799/684/780 805/690/786
f 595/516/580 603/524/588 805/690/786
f 595/516/580 805/690/786 811/696/792
f 591/512/576 595/516/580 811/696/792
f 591/512/576 811/696/792 815/700/796
f 586/508/572 591/512/576 815/700/796
f 586/508/572 815/700/796 819/704/800
f 587/501/565 586/508/572 819/704/800
f 587/501/565 819/704/800 823/708/804
f 579/502/566 578/501/565 829/708/804
f 579/502/566 829/708/804 828/712/808
f 709/597/692 579/502/566 828/712/808
f 709/597/692 828/712/808 833/716/812
f 711/599/694 709/597/692 833/716/812
f 711/599/694 833/716/812 777/662/758
f 715/603/698 711/599/694 777/662/758
f 715/603/698 777/662/758 776/661/757
f 723/611/706 715/603/698 776/661/757
f 723/611/706 776/661/757 781/666/762
f 731/619/714 723/611/706 781/666/762
f 731/619/714 781/666/762 785/670/766
f 739/627/722 731/619/714 785/670/766
f 739/627/722 785/670/766 791/676/772
f 745/633/728 739/627/722 791/676/772
f 745/633/728 791/676/772 797/682/778
f 751/638/734 745/633/728 797/682/778
f 751/638/734 797/682/778 803/688/784
f 755/642/738 751/638/734 803/688/784
f 755/642/738 803/688/784 809/694/790
f 759/646/742 755/642/738 809/694/790
f 759/646/742 809/694/790 813/698/794
f 765/650/746 759/646/742 813/698/794
f 765/650/746 813/698/794 817/702/798
f 769/654/750 765/650/746 817/702/798
f 769/654/750 817/702/798 821/706/802
f 643/564/628 769/654/750 821/706/802
f 643/564/628 821/706/802 825/710/806
f 639/560/624 643/564/628 825/710/806
f 639/560/624 825/710/806 831/714/810
f 635/556/620 639/560/624 831/714/810
f 635/556/620 831/714/810 540/464/528
f 631/552/616 635/556/620 540/464/528
f 631/552/616 540/464/528 539/463/527
f 627/548/612 631/552/616 539/463/527
f 627/548/612 539/463/527 779/664/760
f 623/544/608 627/548/612 779/664/760
f 623/544/608 779/664/760 783/668/764
f 617/538/602 623/544/608 783/668/764
f 617/538/602 783/668/764 789/674/770
f 611/532/596 617/538/602 789/674/770
f 611/532/596 789/674/770 795/680/776
f 605/526/590 611/532/596 795/680/776
f 605/526/590 795/680/776 801/686/782
f 598/519/583 605/526/590 801/686/782
f 598/519/583 801/686/782 807/692/788
f 599/520/584 598/519/583 807/692/788
f 599/520/584 807/692/788 729/617/712
f 719/607/702 792/677/773 793/678/774
f 719/607/702 793/678/774 720/608/703
f 747/634/730 707/595/690 1027/875/992
f 747/634/730 1027/875/992 1028/876/993
f 1028/876/993 1027/875/992 596/517/581
f 1028/876/993 596/517/581 620/541/605
f 650/567/635 747/634/730 1028/876/993
f 650/567/635 1028/876/993 1029/877/994
f 1029/877/994 1028/876/993 620/541/605
f 1029/877/994 620/541/605 614/535/599
f 651/568/636 650/567/635 1029/877/994
f 651/568/636 1029/877/994 1030/878/995
f 1030/878/995 1029/877/994 614/535/599
f 1030/878/995 614/535/599 608/529/593
f 660/572/645 651/568/636 1030/878/995
f 660/572/645 1030/878/995 1031/879/996
f 1031/879/996 1030/878/995 608/529/593
f 1031/879/996 608/529/593 602/523/587
f 661/573/646 660/572/645 1031/879/996
f 661/573/646 1031/879/996 1032/880/997
f 1032/880/997 1031/879/996 602/523/587
f 1032/880/997 602/523/587 594/515/579
f 665/575/650 661/573/646 1032/880/997
f 665/575/650 1032/880/997 1033/881/998
f 1033/881/998 1032/880/997 594/515/579
f 1033/881/998 594/515/579 590/511/575
f 669/577/654 665/575/650 1033/881/998
f 669/577/654 1033/881/998 1034/882/999
f 1034/882/999 1033/881/998 590/511/575
f 1034/882/999 590/511/575 585/507/571
f 673/579/658 669/577/654 1034/882/999
f 673/579/658 1034/882/999 1035/883/1000
f 1035/883/1000 1034/882/999 585/507/571
f 1035/883/1000 585/507/571 584/500/564
f 679/581/662 678/579/658 1036/883/1000
f 679/581/662 1036/883/1000 1037/884/1001
f 1037/884/1001 1036/883/1000 577/500/564
f 1037/884/1001 577/500/564 576/499/563
f 683/583/666 679/581/662 1037/884/1001
f 683/583/666 1037/884/1001 1038/885/1002
f 1038/885/1002 1037/884/1001 576/499/563
f 1038/885/1002 576/499/563 708/596/691
f 687/585/670 683/583/666 1038/885/1002
f 687/585/670 1038/885/1002 1039/886/1003
f 1039/886/1003 1038/885/1002 708/596/691
f 1039/886/1003 708/596/691 710/598/693
f 691/587/674 687/585/670 1039/886/1003
f 691/587/674 1039/886/1003 1040/887/1004
f 1040/887/1004 1039/886/1003 710/598/693
f 1040/887/1004 710/598/693 714/602/697
f 695/589/678 691/587/674 1040/887/1004
f 695/589/678 1040/887/1004 1041/888/1005
f 1041/888/1005 1040/887/1004 714/602/697
f 1041/888/1005 714/602/697 722/610/705
f 699/591/682 695/589/678 1041/888/1005
f 699/591/682 1041/888/1005 1042/889/1006
f 1042/889/1006 1041/888/1005 722/610/705
f 1042/889/1006 722/610/705 730/618/713
f 703/593/686 699/591/682 1042/889/1006
f 703/593/686 1042/889/1006 1043/890/1007
f 1043/890/1007 1042/889/1006 730/618/713
f 1043/890/1007 730/618/713 738/626/721
f 646/565/631 703/593/686 1043/890/1007
f 646/565/631 1043/890/1007 1044/891/1008
f 1044/891/1008 1043/890/1007 738/626/721
f 1044/891/1008 738/626/721 744/632/727
f 647/566/632 646/565/631 1044/891/1008
f 647/566/632 1044/891/1008 1045/892/1009
f 1045/892/1009 1044/891/1008 744/632/727
f 1045/892/1009 744/632/727 750/637/733
f 657/571/642 647/566/632 1045/892/1009
f 657/571/642 1045/892/1009 1046/893/1010
f 1046/893/1010 1045/892/1009 750/637/733
f 1046/893/1010 750/637/733 754/641/737
f 663/574/648 657/571/642 1046/893/1010
f 663/574/648 1046/893/1010 1047/894/1011
f 1047/894/1011 1046/893/1010 754/641/737
f 1047/894/1011 754/641/737 758/645/741
f 667/576/652 663/574/648 1047/894/1011
f 667/576/652 1047/894/1011 1048/895/1012
f 1048/895/1012 1047/894/1011 758/645/741
f 1048/895/1012 758/645/741 764/649/745
f 671/578/656 667/576/652 1048/895/1012
f 671/578/656 1048/895/1012 1049/896/1013
f 1049/896/1013 1048/895/1012 764/649/745
f 1049/896/1013 764/649/745 768/653/749
f 675/580/660 671/578/656 1049/896/1013
f 675/580/660 1049/896/1013 1050/897/1014
f 1050/897/1014 1049/896/1013 768/653/749
f 1050/897/1014 768/653/749 642/563/627
f 681/582/664 675/580/660 1050/897/1014
f 681/582/664 1050/897/1014 1051/898/1015
f 1051/898/1015 1050/897/1014 642/563/627
f 1051/898/1015 642/563/627 638/559/623
f 685/584/668 681/582/664 1051/898/1015
f 685/584/668 1051/898/1015 1052/899/1016
f 1052/899/1016 1051/898/1015 638/559/623
f 1052/899/1016 638/559/623 634/555/619
f 689/586/672 685/584/668 1052/899/1016
f 689/586/672 1052/899/1016 1053/900/1017
f 1053/900/1017 1052/899/1016 634/555/619
f 1053/900/1017 634/555/619 630/551/615
f 693/588/676 689/586/672 1053/900/1017
f 693/588/676 1053/900/1017 1054/901/1018
f 1054/901/1018 1053/900/1017 630/551/615
f 1054/901/1018 630/551/615 626/547/611
f 697/590/680 693/588/676 1054/901/1018
f 697/590/680 1054/901/1018 1055/902/1019
f 1055/902/1019 1054/901/1018 626/547/611
f 1055/902/1019 626/547/611 622/543/607
f 701/592/684 697/590/680 1055/902/1019
f 701/592/684 1055/902/1019 1056/903/1020
f 1056/903/1020 1055/902/1019 622/543/607
f 1056/903/1020 622/543/607 616/537/601
f 705/594/688 701/592/684 1056/903/1020
f 705/594/688 1056/903/1020 1057/904/1021
f 1057/904/1021 1056/903/1020 616/537/601
f 1057/904/1021 616/537/601 610/531/595
f 654/569/639 705/594/688 1057/904/1021
f 654/569/639 1057/904/1021 1058/905/1022
f 1058/905/1022 1057/904/1021 610/531/595
f 1058/905/1022 610/531/595 604/525/589
f 655/570/640 654/569/639 1058/905/1022
f 655/570/640 1058/905/1022 1059/906/1023
f 1059/906/1023 1058/905/1022 604/525/589
f 1059/906/1023 604/525/589 597/518/582
f 707/595/690 655/570/640 1059/906/1023
f 707/595/690 1059/906/1023 1027/875/992
f 1027/875/992 1059/906/1023 597/518/582
f 1027/875/992 597/518/582 596/517/581
f 746/478/729 706/477/689 707/595/690
f 746/478/729 707/595/690 747/634/730
f 477/403/467 480/406/470 1060/907/1024
f 477/403/467 1060/907/1024 1061/908/1025
f 481/407/471 484/410/474 1062/909/1026
f 481/407/471 1062/909/1026 1063/910/1027
f 485/411/475 488/414/478 1064/911/1028
f 485/411/475 1064/911/1028 1065/912/1029
f 489/415/479 481/407/471 1063/910/1027
f 489/415/479 1063/910/1027 1066/913/1030
f 491/417/481 485/411/475 1065/912/1029
f 491/417/481 1065/912/1029 1067/914/1031
f 493/419/483 489/415/479 1066/913/1030
f 493/419/483 1066/913/1030 1068/915/1032
f 495/421/485 491/417/481 1067/914/1031
f 495/421/485 1067/914/1031 1069/916/1033
f 496/422/486 493/419/483 1068/915/1032
f 496/422/486 1068/915/1032 1070/917/1034
f 498/424/488 495/421/485 1069/916/1033
f 498/424/488 1069/916/1033 1071/918/1035
f 499/425/489 502/422/486 1072/917/1034
f 499/425/489 1072/917/1034 1073/919/1036
f 503/427/491 498/424/488 1071/918/1035
f 503/427/491 1071/918/1035 1074/920/1037
f 480/406/470 506/430/494 1075/921/1038
f 480/406/470 1075/921/1038 1060/907/1024
f 507/431/495 499/425/489 1073/919/1036
f 507/431/495 1073/919/1036 1076/922/1039
f 509/433/497 503/427/491 1074/920/1037
f 509/433/497 1074/920/1037 1077/923/1040
f 511/435/499 507/431/495 1076/922/1039
f 511/435/499 1076/922/1039 1078/924/1041
f 513/437/501 509/433/497 1077/923/1040
f 513/437/501 1077/923/1040 1079/925/1042
f 515/439/503 511/435/499 1078/924/1041
f 515/439/503 1078/924/1041 1080/926/1043
f 517/441/505 513/437/501 1079/925/1042
f 517/441/505 1079/925/1042 1081/927/1044
f 262/256/257 265/259/260 1082/928/1045
f 262/256/257 1082/928/1045 1083/929/1046
f 506/430/494 515/439/503 1080/926/1043
f 506/430/494 1080/926/1043 1075/921/1038
f 519/443/507 517/441/505 1081/927/1044
f 519/443/507 1081/927/1044 1084/930/1047
f 521/445/509 262/256/257 1083/929/1046
f 521/445/509 1083/929/1046 1085/931/1048
f 523/447/511 519/443/507 1084/930/1047
f 523/447/511 1084/930/1047 1086/932/1049
f 525/449/513 521/445/509 1085/931/1048
f 525/449/513 1085/931/1048 1087/933/1050
f 527/451/515 523/447/511 1086/932/1049
f 527/451/515 1086/932/1049 1088/934/1051
f 529/453/517 525/449/513 1087/933/1050
f 529/453/517 1087/933/1050 1089/935/1052
f 531/455/519 527/451/515 1088/934/1051
f 531/455/519 1088/934/1051 1090/936/1053
f 533/457/521 529/453/517 1089/935/1052
f 533/457/521 1089/935/1052 1091/937/1054
f 484/410/474 531/455/519 1090/936/1053
f 484/410/474 1090/936/1053 1062/909/1026
f 488/414/478 533/457/521 1091/937/1054
f 488/414/478 1091/937/1054 1064/911/1028
f 536/460/524 477/403/467 1061/908/1025
f 536/460/524 1061/908/1025 1092/938/1055
f 265/259/260 536/460/524 1092/938/1055
f 265/259/260 1092/938/1055 1082/928/1045
f 536/460/524 535/459/523 478/404/468
f 536/460/524 478/404/468 477/403/467
f 1093/939/1056 1094/940/1057 1095/941/1058
f 1093/939/1056 1095/941/1058 1096/942/1059
f 1097/943/1060 1098/944/1061 1099/945/1062
f 1097/943/1060 1099/945/1062 1100/946/1063
f 1101/947/1064 1102/948/1065 1103/949/1066
f 1101/947/1064 1103/949/1066 1104/950/1067
f 1105/951/1068 1106/952/1069 1107/953/1070
f 1105/951/1068 1107/953/1070 1108/954/1071
f 1109/955/1072 1110/956/1073 1111/957/1074
f 1109/955/1072 1111/957/1074 1112/958/1075
f 1110/956/1073 1113/959/1076 1114/960/1077
f 1110/956/1073 1114/960/1077 1111/957/1074
f 1115/961/1078 1105/951/1068 1108/954/1071
f 1115/961/1078 1108/954/1071 1116/962/1079
f 1113/959/1076 1117/963/1080 1118/964/1081
f 1113/959/1076 1118/964/1081 1114/960/1077
f 1119/965/1082 1115/961/1078 1116/962/1079
f 1119/965/1082 1116/962/1079 1120/966/1083
f 1117/963/1080 1121/967/1084 1122/968/1085
f 1117/963/1080 1122/968/1085 1118/964/1081
f 1123/969/1086 1119/965/1082 1120/966/1083
f 1123/969/1086 1120/966/1083 1124/970/1087
f 1125/971/1088 1126/972/1089 1127/973/1090
f 1125/971/1088 1127/973/1090 1128/974/1091
f 1121/967/1084 1125/971/1088 1128/974/1091
f 1121/967/1084 1128/974/1091 1122/968/1085
f 1126/972/1089 1123/969/1086 1124/970/1087
f 1126/972/1089 1124/970/1087 1127/973/1090
f 1093/939/1056 1096/942/1059 1106/952/1069
f 1093/939/1056 1106/952/1069 1105/951/1068
f 1129/975/1092 1097/943/1060 1110/956/1073
f 1129/975/1092 1110/956/1073 1109/955/1072
f 1097/943/1060 1100/946/1063 1113/959/1076
f 1097/943/1060 1113/959/1076 1110/956/1073
f 1130/976/1093 1093/939/1056 1105/951/1068
f 1130/976/1093 1105/951/1068 1115/961/1078
f 1100/946/1063 1131/977/1094 1117/963/1080
f 1100/946/1063 1117/963/1080 1113/959/1076
f 1132/978/1095 1130/976/1093 1115/961/1078
f 1132/978/1095 1115/961/1078 1119/965/1082
f 1131/977/1094 1133/979/1096 1121/967/1084
f 1131/977/1094 1121/967/1084 1117/963/1080
f 1104/950/1067 1132/978/1095 1119/965/1082
f 1104/950/1067 1119/965/1082 1123/969/1086
f 1134/980/1097 1101/947/1064 1126/972/1089
f 1134/980/1097 1126/972/1089 1125/971/1088
f 1133/979/1096 1134/980/1097 1125/971/1088
f 1133/979/1096 1125/971/1088 1121/967/1084
f 1101/947/1064 1104/950/1067 1123/969/1086
f 1101/947/1064 1123/969/1086 1126/972/1089
f 1135/981/1098 1136/982/1099 1137/983/1100
f 1135/981/1098 1137/983/1100 1138/984/1101
f 1139/985/1102 1094/940/1057 1093/939/1056
f 1139/985/1102 1093/939/1056 1130/976/1093
f 4/4/4 2/2/2 1140/986/1103
f 4/4/4 1140/986/1103 1141/987/1104
f 1100/946/1063 1099/945/1062 1142/988/1105
f 1100/946/1063 1142/988/1105 1131/977/1094
f 2/2/2 1/1/1 1143/989/1106
f 2/2/2 1143/989/1106 1140/986/1103
f 1136/982/1099 1135/981/1098 1144/990/1107
f 1136/982/1099 1144/990/1107 1145/991/1108
f 1131/977/1094 1142/988/1105 1146/992/1109
f 1131/977/1094 1146/992/1109 1133/979/1096
f 2/2/2 5/5/5 1147/993/1110
f 2/2/2 1147/993/1110 3/3/3
f 1146/992/1109 1142/988/1105 1148/994/1111
f 1146/992/1109 1148/994/1111 8/8/8
f 1103/949/1066 1149/995/1112 1132/978/1095
f 1103/949/1066 1132/978/1095 1104/950/1067
f 1099/945/1062 1098/944/1061 1144/990/1107
f 1099/945/1062 1144/990/1107 1150/996/1113
f 1142/988/1105 1099/945/1062 1150/996/1113
f 1142/988/1105 1150/996/1113 1148/994/1111
f 1102/948/1065 1146/992/1109 8/8/8
f 1102/948/1065 8/8/8 7/7/7
f 1151/997/1114 1098/944/1061 1097/943/1060
f 1151/997/1114 1097/943/1060 1129/975/1092
f 6/6/6 1152/998/1115 1149/995/1112
f 6/6/6 1149/995/1112 1103/949/1066
f 1150/996/1113 1144/990/1107 1135/981/1098
f 1150/996/1113 1135/981/1098 1153/999/1116
f 1145/991/1108 1144/990/1107 1098/944/1061
f 1145/991/1108 1098/944/1061 1151/997/1114
f 1103/949/1066 1102/948/1065 7/7/7
f 1103/949/1066 7/7/7 6/6/6
f 1154/1000/1117 1138/984/1101 1155/1001/1118
f 1154/1000/1117 1155/1001/1118 1156/1002/1119
f 1157/1003/1120 1155/1001/1118 1138/984/1101
f 1157/1003/1120 1138/984/1101 1137/983/1100
f 1095/941/1058 1094/940/1057 1155/1001/1118
f 1095/941/1058 1155/1001/1118 1157/1003/1120
f 1153/999/1116 1135/981/1098 1138/984/1101
f 1153/999/1116 1138/984/1101 1154/1000/1117
f 1139/985/1102 4/4/4 1141/987/1104
f 1139/985/1102 1141/987/1104 1156/1002/1119
f 1/1/1 1153/999/1116 1154/1000/1117
f 1/1/1 1154/1000/1117 1143/989/1106
f 1094/940/1057 1139/985/1102 1156/1002/1119
f 1094/940/1057 1156/1002/1119 1155/1001/1118
f 1158/1004/1121 1096/942/1059 1095/941/1058
f 1158/1004/1121 1095/941/1058 1159/1005/1122
f 1160/1006/1123 1161/1007/1124 1162/1008/1125
f 1160/1006/1123 1162/1008/1125 1163/1009/1126
f 1164/1010/1127 1165/1011/1128 1166/1012/1129
f 1164/1010/1127 1166/1012/1129 1167/1013/1130
f 1168/1014/1131 1169/1015/1132 1107/953/1070
f 1168/1014/1131 1107/953/1070 1106/952/1069
f 1109/955/1072 1112/958/1075 1170/1016/1133
f 1109/955/1072 1170/1016/1133 1171/1017/1134
f 1171/1017/1134 1170/1016/1133 1172/1018/1135
f 1171/1017/1134 1172/1018/1135 1173/1019/1136
f 1174/1020/1137 1175/1021/1138 1169/1015/1132
f 1174/1020/1137 1169/1015/1132 1168/1014/1131
f 1173/1019/1136 1172/1018/1135 1176/1022/1139
f 1173/1019/1136 1176/1022/1139 1177/1023/1140
f 1178/1024/1141 1179/1025/1142 1175/1021/1138
f 1178/1024/1141 1175/1021/1138 1174/1020/1137
f 1177/1023/1140 1176/1022/1139 1180/1026/1143
f 1177/1023/1140 1180/1026/1143 1181/1027/1144
f 1182/1028/1145 1183/1029/1146 1179/1025/1142
f 1182/1028/1145 1179/1025/1142 1178/1024/1141
f 1184/1030/1147 1185/1031/1148 1186/1032/1149
f 1184/1030/1147 1186/1032/1149 1187/1033/1150
f 1181/1027/1144 1180/1026/1143 1185/1031/1148
f 1181/1027/1144 1185/1031/1148 1184/1030/1147
f 1187/1033/1150 1186/1032/1149 1183/1029/1146
f 1187/1033/1150 1183/1029/1146 1182/1028/1145
f 1158/1004/1121 1168/1014/1131 1106/952/1069
f 1158/1004/1121 1106/952/1069 1096/942/1059
f 1129/975/1092 1109/955/1072 1171/1017/1134
f 1129/975/1092 1171/1017/1134 1160/1006/1123
f 1160/1006/1123 1171/1017/1134 1173/1019/1136
f 1160/1006/1123 1173/1019/1136 1161/1007/1124
f 1188/1034/1151 1174/1020/1137 1168/1014/1131
f 1188/1034/1151 1168/1014/1131 1158/1004/1121
f 1161/1007/1124 1173/1019/1136 1177/1023/1140
f 1161/1007/1124 1177/1023/1140 1189/1035/1152
f 1190/1036/1153 1178/1024/1141 1174/1020/1137
f 1190/1036/1153 1174/1020/1137 1188/1034/1151
f 1189/1035/1152 1177/1023/1140 1181/1027/1144
f 1189/1035/1152 1181/1027/1144 1191/1037/1154
f 1165/1011/1128 1182/1028/1145 1178/1024/1141
f 1165/1011/1128 1178/1024/1141 1190/1036/1153
f 1192/1038/1155 1184/1030/1147 1187/1033/1150
f 1192/1038/1155 1187/1033/1150 1164/1010/1127
f 1191/1037/1154 1181/1027/1144 1184/1030/1147
f 1191/1037/1154 1184/1030/1147 1192/1038/1155
f 1164/1010/1127 1187/1033/1150 1182/1028/1145
f 1164/1010/1127 1182/1028/1145 1165/1011/1128
f 1193/1039/1156 1194/1040/1157 1137/983/1100
f 1193/1039/1156 1137/983/1100 1136/982/1099
f 1195/1041/1158 1188/1034/1151 1158/1004/1121
f 1195/1041/1158 1158/1004/1121 1159/1005/1122
f 12/12/12 1196/1042/1159 1197/1043/1160
f 12/12/12 1197/1043/1160 11/11/11
f 1161/1007/1124 1189/1035/1152 1198/1044/1161
f 1161/1007/1124 1198/1044/1161 1162/1008/1125
f 11/11/11 1197/1043/1160 1199/1045/1162
f 11/11/11 1199/1045/1162 9/9/9
f 1136/982/1099 1145/991/1108 1200/1046/1163
f 1136/982/1099 1200/1046/1163 1193/1039/1156
f 1189/1035/1152 1191/1037/1154 1201/1047/1164
f 1189/1035/1152 1201/1047/1164 1198/1044/1161
f 11/11/11 10/10/10 1202/1048/1165
f 11/11/11 1202/1048/1165 13/13/13
f 1201/1047/1164 15/15/15 1203/1049/1166
f 1201/1047/1164 1203/1049/1166 1198/1044/1161
f 1166/1012/1129 1165/1011/1128 1190/1036/1153
f 1166/1012/1129 1190/1036/1153 1204/1050/1167
f 1162/1008/1125 1205/1051/1168 1200/1046/1163
f 1162/1008/1125 1200/1046/1163 1163/1009/1126
f 1198/1044/1161 1203/1049/1166 1205/1051/1168
f 1198/1044/1161 1205/1051/1168 1162/1008/1125
f 1167/1013/1130 16/16/16 15/15/15
f 1167/1013/1130 15/15/15 1201/1047/1164
f 1151/997/1114 1129/975/1092 1160/1006/1123
f 1151/997/1114 1160/1006/1123 1163/1009/1126
f 14/14/14 1166/1012/1129 1204/1050/1167
f 14/14/14 1204/1050/1167 1206/1052/1169
f 1205/1051/1168 1207/1053/1170 1193/1039/1156
f 1205/1051/1168 1193/1039/1156 1200/1046/1163
f 1145/991/1108 1151/997/1114 1163/1009/1126
f 1145/991/1108 1163/1009/1126 1200/1046/1163
f 1166/1012/1129 14/14/14 16/16/16
f 1166/1012/1129 16/16/16 1167/1013/1130
f 1208/1054/1171 1209/1055/1172 1210/1056/1173
f 1208/1054/1171 1210/1056/1173 1194/1040/1157
f 1157/1003/1120 1137/983/1100 1194/1040/1157
f 1157/1003/1120 1194/1040/1157 1210/1056/1173
f 1095/941/1058 1157/1003/1120 1210/1056/1173
f 1095/941/1058 1210/1056/1173 1159/1005/1122
f 1207/1053/1170 1208/1054/1171 1194/1040/1157
f 1207/1053/1170 1194/1040/1157 1193/1039/1156
f 1195/1041/1158 1209/1055/1172 1196/1042/1159
f 1195/1041/1158 1196/1042/1159 12/12/12
f 9/9/9 1199/1045/1162 1208/1054/1171
f 9/9/9 1208/1054/1171 1207/1053/1170
f 1159/1005/1122 1210/1056/1173 1209/1055/1172
f 1159/1005/1122 1209/1055/1172 1195/1041/1158
f 1003/851/968 1112/958/1075 1111/957/1074
f 1003/851/968 1111/957/1074 1004/852/969
f 1170/1016/1133 1112/958/1075 1003/851/968
f 1170/1016/1133 1003/851/968 1002/850/967
f 1172/1018/1135 1170/1016/1133 1002/850/967
f 1172/1018/1135 1002/850/967 1001/849/966
f 1176/1022/1139 1172/1018/1135 1001/849/966
f 1176/1022/1139 1001/849/966 1000/848/965
f 1180/1026/1143 1176/1022/1139 1000/848/965
f 1180/1026/1143 1000/848/965 999/847/964
f 1185/1031/1148 1180/1026/1143 999/847/964
f 1185/1031/1148 999/847/964 998/846/963
f 1186/1032/1149 1185/1031/1148 998/846/963
f 1186/1032/1149 998/846/963 997/845/962
f 1004/852/969 1111/957/1074 1114/960/1077
f 1004/852/969 1114/960/1077 1005/853/970
f 1006/854/971 1005/853/970 1114/960/1077
f 1006/854/971 1114/960/1077 1118/964/1081
f 1007/855/972 1006/854/971 1118/964/1081
f 1007/855/972 1118/964/1081 1122/968/1085
f 1008/856/973 1007/855/972 1122/968/1085
f 1008/856/973 1122/968/1085 1128/974/1091
f 1009/857/974 1008/856/973 1128/974/1091
f 1009/857/974 1128/974/1091 1127/973/1090
f 1015/863/980 1124/970/1087 1120/966/1083
f 1015/863/980 1120/966/1083 1016/864/981
f 1017/865/982 1016/864/981 1120/966/1083
f 1017/865/982 1120/966/1083 1116/962/1079
f 1018/866/983 1017/865/982 1116/962/1079
f 1018/866/983 1116/962/1079 1108/954/1071
f 1019/867/984 1018/866/983 1108/954/1071
f 1019/867/984 1108/954/1071 1107/953/1070
f 1020/868/985 1019/867/984 1107/953/1070
f 1020/868/985 1107/953/1070 1169/1015/1132
f 1021/869/986 1020/868/985 1169/1015/1132
f 1021/869/986 1169/1015/1132 1175/1021/1138
f 1022/870/987 1021/869/986 1175/1021/1138
f 1022/870/987 1175/1021/1138 1179/1025/1142
f 1023/871/988 1022/870/987 1179/1025/1142
f 1023/871/988 1179/1025/1142 1183/1029/1146
f 1211/1057/1174 370/326/362 369/325/361
f 1211/1057/1174 369/325/361 1212/1058/1175
f 1213/1059/1176 381/336/372 380/335/371
f 1213/1059/1176 380/335/371 1214/1060/1177
f 1215/1061/1178 394/349/385 393/348/384
f 1215/1061/1178 393/348/384 1216/1062/1179
f 1214/1060/1177 380/335/371 379/334/370
f 1214/1060/1177 379/334/370 1217/1063/1180
f 1216/1062/1179 393/348/384 392/347/383
f 1216/1062/1179 392/347/383 1218/1064/1181
f 1217/1063/1180 379/334/370 378/333/369
f 1217/1063/1180 378/333/369 1219/1065/1182
f 1218/1064/1181 392/347/383 391/346/382
f 1218/1064/1181 391/346/382 1220/1066/1183
f 1219/1065/1182 378/333/369 377/332/368
f 1219/1065/1182 377/332/368 1221/1067/1184
f 1220/1066/1183 391/346/382 390/345/381
f 1220/1066/1183 390/345/381 1222/1068/1185
f 1221/1067/1184 377/332/368 376/331/367
f 1221/1067/1184 376/331/367 1223/1069/1186
f 1222/1068/1185 390/345/381 389/344/380
f 1222/1068/1185 389/344/380 1224/1070/1187
f 1225/1071/1188 371/327/363 370/326/362
f 1225/1071/1188 370/326/362 1211/1057/1174
f 1226/1069/1186 375/331/367 374/330/366
f 1226/1069/1186 374/330/366 1227/1072/1189
f 1224/1070/1187 389/344/380 388/343/379
f 1224/1070/1187 388/343/379 1228/1073/1190
f 1227/1072/1189 374/330/366 373/329/365
f 1227/1072/1189 373/329/365 1229/1074/1191
f 1228/1073/1190 388/343/379 387/342/378
f 1228/1073/1190 387/342/378 1230/1075/1192
f 1229/1074/1191 373/329/365 372/328/364
f 1229/1074/1191 372/328/364 1231/1076/1193
f 1230/1075/1192 387/342/378 386/341/377
f 1230/1075/1192 386/341/377 1232/1077/1194
f 1231/1076/1193 372/328/364 371/327/363
f 1231/1076/1193 371/327/363 1225/1071/1188
f 1232/1077/1194 386/341/377 385/340/376
f 1232/1077/1194 385/340/376 1233/1078/1195
f 1233/1078/1195 385/340/376 384/339/375
f 1233/1078/1195 384/339/375 1234/1079/1196
f 1235/1080/1197 398/353/389 397/352/388
f 1235/1080/1197 397/352/388 1236/1081/1198
f 1234/1079/1196 384/339/375 383/338/374
f 1234/1079/1196 383/338/374 1237/1082/1199
f 1236/1081/1198 397/352/388 396/351/387
f 1236/1081/1198 396/351/387 1238/1083/1200
f 1237/1082/1199 383/338/374 382/337/373
f 1237/1082/1199 382/337/373 1239/1084/1201
f 1238/1083/1200 396/351/387 395/350/386
f 1238/1083/1200 395/350/386 1240/1085/1202
f 1239/1084/1201 382/337/373 381/336/372
f 1239/1084/1201 381/336/372 1213/1059/1176
f 1240/1085/1202 395/350/386 394/349/385
f 1240/1085/1202 394/349/385 1215/1061/1178
f 1241/1086/19 1242/1087/19 1243/1088/19
f 1241/1086/19 1243/1088/19 1244/1089/19
f 1245/1090/19 1244/1089/19 1243/1088/19
f 1245/1090/19 1243/1088/19 1246/1091/19
f 1247/1092/1203 1245/1090/19 1246/1091/19
f 1247/1092/1203 1246/1091/19 1248/1093/1204
f 1249/1094/1205 1247/1092/1203 1248/1093/1204
f 1249/1094/1205 1248/1093/1204 1250/1095/1206
f 1251/1096/1207 1250/1095/1206 1248/1093/1204
f 1251/1096/1207 1248/1093/1204 1252/1097/1208
f 1253/1098/1209 1251/1096/1207 1252/1097/1208
f 1253/1098/1209 1252/1097/1208 1254/1099/1210
f 1255/1100/1211 1253/1098/1209 1254/1099/1210
f 1255/1100/1211 1254/1099/1210 1256/1101/1212
f 1257/1102/1213 1255/1100/1211 1256/1101/1212
f 1257/1102/1213 1256/1101/1212 1258/1103/1214
f 1259/1104/1215 1257/1102/1213 1258/1103/1214
f 1259/1104/1215 1258/1103/1214 1260/1105/1216
f 17/17/17 1259/1104/1215 1260/1105/1216
f 17/17/17 1260/1105/1216 18/18/18
f 1261/1106/1217 1247/1092/1203 1249/1094/1205
f 1261/1106/1217 1249/1094/1205 1262/1107/1218
f 1263/1108/1219 1261/1106/1217 1262/1107/1218
f 1263/1108/1219 1262/1107/1218 1264/1109/1220
f 1265/1110/1221 1263/1108/1219 1264/1109/1220
f 1265/1110/1221 1264/1109/1220 1266/1111/1222
f 1267/1112/1223 1265/1110/1221 1266/1111/1222
f 1267/1112/1223 1266/1111/1222 1268/1113/1224
f 1269/1114/1225 1267/1112/1223 1268/1113/1224
f 1269/1114/1225 1268/1113/1224 1270/1115/1226
f 1241/1086/19 1271/1116/19 1272/1117/19
f 1241/1086/19 1272/1117/19 1242/1087/19
f 1273/1118/19 1274/1119/19 1272/1117/19
f 1273/1118/19 1272/1117/19 1271/1116/19
f 1275/1120/1227 1276/1121/1228 1274/1119/19
f 1275/1120/1227 1274/1119/19 1273/1118/19
f 1277/1122/1229 1278/1123/1230 1276/1121/1228
f 1277/1122/1229 1276/1121/1228 1275/1120/1227
f 1279/1124/1231 1280/1125/1232 1276/1121/1228
f 1279/1124/1231 1276/1121/1228 1278/1123/1230
f 1281/1126/1233 1282/1127/1234 1280/1125/1232
f 1281/1126/1233 1280/1125/1232 1279/1124/1231
f 1283/1128/1235 1284/1129/1236 1282/1127/1234
f 1283/1128/1235 1282/1127/1234 1281/1126/1233
f 1285/1130/1237 1286/1131/1238 1284/1129/1236
f 1285/1130/1237 1284/1129/1236 1283/1128/1235
f 1259/1104/1215 1287/1132/1239 1286/1131/1238
f 1259/1104/1215 1286/1131/1238 1285/1130/1237
f 17/17/17 21/21/20 1287/1132/1239
f 17/17/17 1287/1132/1239 1259/1104/1215
f 1288/1133/1240 1289/1134/1241 1277/1122/1229
f 1288/1133/1240 1277/1122/1229 1275/1120/1227
f 1290/1135/1242 1291/1136/1243 1289/1134/1241
f 1290/1135/1242 1289/1134/1241 1288/1133/1240
f 1292/1137/1244 1293/1138/1245 1291/1136/1243
f 1292/1137/1244 1291/1136/1243 1290/1135/1242
f 1294/1139/1246 1295/1140/1247 1293/1138/1245
f 1294/1139/1246 1293/1138/1245 1292/1137/1244
f 1269/1114/1225 1270/1115/1226 1295/1140/1247
f 1269/1114/1225 1295/1140/1247 1294/1139/1246
f 1212/1058/1175 369/325/361 368/324/360
f 1212/1058/1175 368/324/360 1296/1141/1248
f 1296/1141/1248 368/324/360 367/323/359
f 1296/1141/1248 367/323/359 1297/1142/1249
f 398/353/389 1235/1080/1197 1298/1143/1250
f 398/353/389 1298/1143/1250 399/354/390
f 399/354/390 1298/1143/1250 1297/1142/1249
f 399/354/390 1297/1142/1249 367/323/359
f 1299/1144/1251 1300/1145/1252 1301/1146/1253
f 1299/1144/1251 1301/1146/1253 1302/1147/1254
f 1303/1148/1255 1301/1146/1253 1304/1149/1256
f 1303/1148/1255 1304/1149/1256 1305/1150/1257
f 1306/1151/1258 1307/1152/1259 1308/1153/1260
f 1306/1151/1258 1308/1153/1260 1309/1154/1261
f 1310/1155/1262 1303/1148/1255 1305/1150/1257
f 1310/1155/1262 1305/1150/1257 1311/1156/1263
f 1312/1157/1264 1310/1155/1262 1311/1156/1263
f 1312/1157/1264 1311/1156/1263 1313/1158/1265
f 1314/1159/1266 1315/1160/1267 1316/1161/1268
f 1314/1159/1266 1316/1161/1268 1317/1162/1269
f 1318/1163/1270 1314/1159/1266 1317/1162/1269
f 1318/1163/1270 1317/1162/1269 1319/1164/1271
f 1315/1160/1267 1312/1157/1264 1313/1158/1265
f 1315/1160/1267 1313/1158/1265 1316/1161/1268
f 1320/1165/1272 1303/1148/1255 1321/1166/1273
f 1320/1165/1272 1321/1166/1273 1322/1167/1274
f 1307/1152/1259 1323/1168/1275 1324/1169/1276
f 1307/1152/1259 1324/1169/1276 1308/1153/1260
f 1323/1168/1275 1325/1170/1277 1326/1171/1278
f 1323/1168/1275 1326/1171/1278 1324/1169/1276
f 1327/1172/1279 1328/1173/1280 1329/1174/1281
f 1327/1172/1279 1329/1174/1281 1330/1175/1282
f 1331/1176/1283 1332/1177/1284 1333/1178/1181
f 1331/1176/1283 1333/1178/1181 1334/1179/1285
f 1325/1170/1277 1327/1172/1279 1330/1175/1282
f 1325/1170/1277 1330/1175/1282 1326/1171/1278
f 1335/1180/1286 1336/1181/1287 1337/1182/1288
f 1335/1180/1286 1337/1182/1288 1338/1183/1289
f 23/23/22 22/22/21 1339/1184/1290
f 23/23/22 1339/1184/1290 1340/1185/1291
f 1338/1183/1289 1337/1182/1288 1341/1186/1292
f 1338/1183/1289 1341/1186/1292 1342/1187/1293
f 22/22/21 39/39/38 1343/1188/1294
f 22/22/21 1343/1188/1294 1339/1184/1290
f 1344/1189/1295 1345/1190/1296 1346/1191/1297
f 1344/1189/1295 1346/1191/1297 1347/1192/1298
f 28/28/27 30/30/29 1348/1193/1299
f 28/28/27 1348/1193/1299 38/38/37
f 1336/1181/1287 1335/1180/1286 1349/1194/1300
f 1336/1181/1287 1349/1194/1300 1350/1195/1301
f 1351/1196/1302 1352/1197/1303 1353/1198/1304
f 1351/1196/1302 1353/1198/1304 1354/1199/1305
f 1355/1200/1306 1356/1201/1307 1357/1202/1308
f 1355/1200/1306 1357/1202/1308 1358/1203/1309
f 1359/1204/1310 1360/1205/1311 1361/1206/1312
f 1359/1204/1310 1361/1206/1312 1362/1207/1313
f 1322/1167/1274 1321/1166/1273 1363/1208/1314
f 1322/1167/1274 1363/1208/1314 1364/1209/1315
f 1365/1210/1316 1366/1211/1317 1367/1212/1318
f 1365/1210/1316 1367/1212/1318 1368/1213/1319
f 1369/1214/1320 1370/1215/1321 1371/1216/1322
f 1369/1214/1320 1371/1216/1322 1372/1217/1323
f 1366/1211/1317 1373/1218/1324 1374/1219/1325
f 1366/1211/1317 1374/1219/1325 1367/1212/1318
f 1375/1220/1326 1376/1221/1327 1377/1222/1328
f 1375/1220/1326 1377/1222/1328 1378/1223/1329
f 1379/1224/1330 1380/1225/1331 1381/1226/1332
f 1379/1224/1330 1381/1226/1332 1382/1227/1333
f 1383/1228/1334 1365/1210/1316 1368/1213/1319
f 1383/1228/1334 1368/1213/1319 1384/1229/1335
f 1385/1230/1336 1355/1200/1306 1358/1203/1309
f 1385/1230/1336 1358/1203/1309 1386/1231/1337
f 1387/1232/1338 1388/1233/1339 1389/1234/1340
f 1387/1232/1338 1389/1234/1340 1390/1235/1341
f 1391/1236/1342 1392/1237/1343 1393/1238/1344
f 1391/1236/1342 1393/1238/1344 1394/1239/1345
f 1395/1240/1346 1396/1241/1347 1397/1242/1348
f 1395/1240/1346 1397/1242/1348 1398/1243/1349
f 1339/1184/1290 1343/1188/1294 1399/1244/1350
f 1339/1184/1290 1399/1244/1350 1400/1245/1351
f 1343/1188/1294 1401/1246/1352 1402/1247/1353
f 1343/1188/1294 1402/1247/1353 1399/1244/1350
f 1401/1246/1352 1403/1248/1354 1404/1249/1355
f 1401/1246/1352 1404/1249/1355 1402/1247/1353
f 1403/1248/1354 1322/1167/1274 1364/1209/1315
f 1403/1248/1354 1364/1209/1315 1404/1249/1355
f 1405/1250/1356 1391/1236/1342 1394/1239/1345
f 1405/1250/1356 1394/1239/1345 1406/1251/1357
f 1340/1185/1291 1339/1184/1290 1400/1245/1351
f 1340/1185/1291 1400/1245/1351 1407/1252/1358
f 1352/1197/1303 1405/1250/1356 1406/1251/1357
f 1352/1197/1303 1406/1251/1357 1353/1198/1304
f 1321/1166/1273 1351/1196/1302 1354/1199/1305
f 1321/1166/1273 1354/1199/1305 1363/1208/1314
f 1370/1215/1321 1395/1240/1346 1398/1243/1349
f 1370/1215/1321 1398/1243/1349 1371/1216/1322
f 1408/1253/1359 1409/1254/1360 1410/1255/1361
f 1408/1253/1359 1410/1255/1361 1411/1256/1362
f 1356/1201/1307 1412/1257/1363 1413/1258/1364
f 1356/1201/1307 1413/1258/1364 1357/1202/1308
f 1396/1241/1347 1385/1230/1336 1386/1231/1337
f 1396/1241/1347 1386/1231/1337 1397/1242/1348
f 1360/1205/1311 1379/1224/1330 1382/1227/1333
f 1360/1205/1311 1382/1227/1333 1361/1206/1312
f 1414/1259/1365 1369/1214/1320 1372/1217/1323
f 1414/1259/1365 1372/1217/1323 1415/1260/1366
f 1380/1225/1331 1408/1253/1359 1411/1256/1362
f 1380/1225/1331 1411/1256/1362 1381/1226/1332
f 1412/1257/1363 1416/1261/1367 1417/1262/1368
f 1412/1257/1363 1417/1262/1368 1413/1258/1364
f 1373/1218/1324 1387/1232/1338 1390/1235/1341
f 1373/1218/1324 1390/1235/1341 1374/1219/1325
f 1376/1221/1327 1414/1259/1365 1415/1260/1366
f 1376/1221/1327 1415/1260/1366 1377/1222/1328
f 1359/1204/1310 1388/1233/1339 1364/1209/1315
f 1359/1204/1310 1364/1209/1315 1363/1208/1314
f 1360/1205/1311 1359/1204/1310 1363/1208/1314
f 1360/1205/1311 1363/1208/1314 1354/1199/1305
f 1379/1224/1330 1360/1205/1311 1354/1199/1305
f 1379/1224/1330 1354/1199/1305 1353/1198/1304
f 1380/1225/1331 1379/1224/1330 1353/1198/1304
f 1380/1225/1331 1353/1198/1304 1406/1251/1357
f 1409/1254/1360 1408/1253/1359 1394/1239/1345
f 1409/1254/1360 1394/1239/1345 1393/1238/1344
f 1408/1253/1359 1380/1225/1331 1406/1251/1357
f 1408/1253/1359 1406/1251/1357 1394/1239/1345
f 1388/1233/1339 1387/1232/1338 1404/1249/1355
f 1388/1233/1339 1404/1249/1355 1364/1209/1315
f 1387/1232/1338 1373/1218/1324 1402/1247/1353
f 1387/1232/1338 1402/1247/1353 1404/1249/1355
f 1373/1218/1324 1366/1211/1317 1399/1244/1350
f 1373/1218/1324 1399/1244/1350 1402/1247/1353
f 1365/1210/1316 1383/1228/1334 1407/1252/1358
f 1365/1210/1316 1407/1252/1358 1400/1245/1351
f 1366/1211/1317 1365/1210/1316 1400/1245/1351
f 1366/1211/1317 1400/1245/1351 1399/1244/1350
f 1398/1243/1349 1397/1242/1348 1389/1234/1340
f 1398/1243/1349 1389/1234/1340 1362/1207/1313
f 1371/1216/1322 1398/1243/1349 1362/1207/1313
f 1371/1216/1322 1362/1207/1313 1361/1206/1312
f 1372/1217/1323 1371/1216/1322 1361/1206/1312
f 1372/1217/1323 1361/1206/1312 1382/1227/1333
f 1415/1260/1366 1372/1217/1323 1382/1227/1333
f 1415/1260/1366 1382/1227/1333 1381/1226/1332
f 1378/1223/1329 1377/1222/1328 1411/1256/1362
f 1378/1223/1329 1411/1256/1362 1410/1255/1361
f 1377/1222/1328 1415/1260/1366 1381/1226/1332
f 1377/1222/1328 1381/1226/1332 1411/1256/1362
f 1397/1242/1348 1386/1231/1337 1390/1235/1341
f 1397/1242/1348 1390/1235/1341 1389/1234/1340
f 1386/1231/1337 1358/1203/1309 1374/1219/1325
f 1386/1231/1337 1374/1219/1325 1390/1235/1341
f 1358/1203/1309 1357/1202/1308 1367/1212/1318
f 1358/1203/1309 1367/1212/1318 1374/1219/1325
f 1413/1258/1364 1417/1262/1368 1384/1229/1335
f 1413/1258/1364 1384/1229/1335 1368/1213/1319
f 1357/1202/1308 1413/1258/1364 1368/1213/1319
f 1357/1202/1308 1368/1213/1319 1367/1212/1318
f 1388/1233/1339 1359/1204/1310 1362/1207/1313
f 1388/1233/1339 1362/1207/1313 1389/1234/1340
f 1414/1259/1365 1376/1221/1327 1418/1263/1369
f 1414/1259/1365 1418/1263/1369 1419/1264/1370
f 1370/1215/1321 1369/1214/1320 1420/1265/1371
f 1370/1215/1321 1420/1265/1371 1421/1266/1372
f 1416/1261/1367 1412/1257/1363 1422/1267/1373
f 1416/1261/1367 1422/1267/1373 1423/1268/1374
f 1385/1230/1336 1396/1241/1347 1424/1269/1375
f 1385/1230/1336 1424/1269/1375 1425/1270/1376
f 1369/1214/1320 1414/1259/1365 1419/1264/1370
f 1369/1214/1320 1419/1264/1370 1420/1265/1371
f 1412/1257/1363 1356/1201/1307 1426/1271/1377
f 1412/1257/1363 1426/1271/1377 1422/1267/1373
f 1396/1241/1347 1395/1240/1346 1427/1272/1378
f 1396/1241/1347 1427/1272/1378 1424/1269/1375
f 1355/1200/1306 1385/1230/1336 1425/1270/1376
f 1355/1200/1306 1425/1270/1376 1428/1273/1379
f 1376/1221/1327 1375/1220/1326 1429/1274/1380
f 1376/1221/1327 1429/1274/1380 1418/1263/1369
f 1395/1240/1346 1370/1215/1321 1421/1266/1372
f 1395/1240/1346 1421/1266/1372 1427/1272/1378
f 1356/1201/1307 1355/1200/1306 1428/1273/1379
f 1356/1201/1307 1428/1273/1379 1426/1271/1377
f 1300/1145/1252 1299/1144/1251 1430/1275/1381
f 1300/1145/1252 1430/1275/1381 1431/1276/1382
f 1351/1196/1302 1310/1155/1262 1312/1157/1264
f 1351/1196/1302 1312/1157/1264 1352/1197/1303
f 1432/1277/1383 1331/1176/1283 1334/1179/1285
f 1432/1277/1383 1334/1179/1285 1433/1278/1384
f 1320/1165/1272 1322/1167/1274 1403/1248/1354
f 1320/1165/1272 1403/1248/1354 1434/1279/1385
f 1405/1250/1356 1315/1160/1267 1314/1159/1266
f 1405/1250/1356 1314/1159/1266 1391/1236/1342
f 1435/1280/1386 1436/1281/1387 1437/1282/1388
f 1435/1280/1386 1437/1282/1388 1438/1283/1389
f 1439/1284/1390 1401/1246/1352 1343/1188/1294
f 1439/1284/1390 1343/1188/1294 1440/1285/1391
f 1352/1197/1303 1312/1157/1264 1315/1160/1267
f 1352/1197/1303 1315/1160/1267 1405/1250/1356
f 36/36/35 1335/1180/1286 1338/1183/1289
f 36/36/35 1338/1183/1289 1440/1285/1391
f 1436/1281/1387 1306/1151/1258 1309/1154/1261
f 1436/1281/1387 1309/1154/1261 1437/1282/1388
f 1391/1236/1342 1314/1159/1266 1318/1163/1270
f 1391/1236/1342 1318/1163/1270 1392/1237/1343
f 1342/1187/1293 1341/1186/1292 1441/1286/1392
f 1342/1187/1293 1441/1286/1392 1442/1287/1393
f 1302/1147/1254 1301/1146/1253 1303/1148/1255
f 1302/1147/1254 1303/1148/1255 1320/1165/1272
f 1443/1288/1394 1435/1280/1386 1438/1283/1389
f 1443/1288/1394 1438/1283/1389 1444/1289/1395
f 1434/1279/1385 1403/1248/1354 1401/1246/1352
f 1434/1279/1385 1401/1246/1352 1439/1284/1390
f 1321/1166/1273 1303/1148/1255 1310/1155/1262
f 1321/1166/1273 1310/1155/1262 1351/1196/1302
f 1328/1173/1280 1432/1277/1383 1433/1278/1384
f 1328/1173/1280 1433/1278/1384 1329/1174/1281
f 1301/1146/1253 1300/1145/1252 1445/1290/1396
f 1301/1146/1253 1445/1290/1396 1304/1149/1256
f 1435/1280/1386 1443/1288/1394 1430/1275/1381
f 1435/1280/1386 1430/1275/1381 1299/1144/1251
f 1436/1281/1387 1435/1280/1386 1299/1144/1251
f 1436/1281/1387 1299/1144/1251 1302/1147/1254
f 1306/1151/1258 1436/1281/1387 1302/1147/1254
f 1306/1151/1258 1302/1147/1254 1320/1165/1272
f 1307/1152/1259 1306/1151/1258 1320/1165/1272
f 1307/1152/1259 1320/1165/1272 1434/1279/1385
f 1323/1168/1275 1307/1152/1259 1434/1279/1385
f 1323/1168/1275 1434/1279/1385 1439/1284/1390
f 1325/1170/1277 1323/1168/1275 1439/1284/1390
f 1325/1170/1277 1439/1284/1390 1440/1285/1391
f 1328/1173/1280 1327/1172/1279 1338/1183/1289
f 1328/1173/1280 1338/1183/1289 1342/1187/1293
f 1331/1176/1283 1432/1277/1383 1442/1287/1393
f 1331/1176/1283 1442/1287/1393 1441/1286/1392
f 1432/1277/1383 1328/1173/1280 1342/1187/1293
f 1432/1277/1383 1342/1187/1293 1442/1287/1393
f 1332/1177/1284 1331/1176/1283 1441/1286/1392
f 1332/1177/1284 1441/1286/1392 1341/1186/1292
f 1327/1172/1279 1325/1170/1277 1440/1285/1391
f 1327/1172/1279 1440/1285/1391 1338/1183/1289
f 1346/1191/1297 1345/1190/1296 1446/1291/1397
f 1346/1191/1297 1446/1291/1397 1447/1292/1398
f 1344/1189/1295 1347/1192/1298 1350/1195/1301
f 1344/1189/1295 1350/1195/1301 1349/1194/1300
f 22/22/21 24/24/23 1447/1292/1398
f 22/22/21 1447/1292/1398 1446/1291/1397
f 1440/1285/1391 1448/1293/1399 34/34/33
f 1440/1285/1391 34/34/33 36/36/35
f 1448/1293/1399 27/27/26 26/26/25
f 1448/1293/1399 26/26/25 34/34/33
f 1449/1294/1400 35/35/34 38/38/37
f 1449/1294/1400 38/38/37 1348/1193/1299
f 1450/1295/1401 37/37/36 40/40/39
f 1450/1295/1401 40/40/39 1451/1296/1402
f 32/32/31 31/31/30 37/37/36
f 32/32/31 37/37/36 1450/1295/1401
f 31/31/30 28/28/27 38/38/37
f 31/31/30 38/38/37 37/37/36
f 40/40/39 37/37/36 26/26/25
f 40/40/39 26/26/25 25/25/24
f 26/26/25 38/38/37 35/35/34
f 26/26/25 35/35/34 34/34/33
f 1431/1276/1382 1452/1297/1403 1445/1290/1396
f 1431/1276/1382 1445/1290/1396 1300/1145/1252
f 1453/1298/1404 1454/1299/1405 1455/1300/1406
f 1453/1298/1404 1455/1300/1406 1456/1301/1407
f 1457/1302/1408 1458/1303/1409 1459/1304/1410
f 1457/1302/1408 1459/1304/1410 1455/1300/1406
f 1460/1305/1411 1461/1306/1412 1462/1307/1413
f 1460/1305/1411 1462/1307/1413 1463/1308/1414
f 1464/1309/1415 1465/1310/1416 1458/1303/1409
f 1464/1309/1415 1458/1303/1409 1457/1302/1408
f 1466/1311/1417 1467/1312/1418 1465/1310/1416
f 1466/1311/1417 1465/1310/1416 1464/1309/1415
f 1468/1313/1419 1469/1314/1420 1470/1315/1421
f 1468/1313/1419 1470/1315/1421 1471/1316/1422
f 1472/1163/1270 1473/1164/1271 1469/1314/1420
f 1472/1163/1270 1469/1314/1420 1468/1313/1419
f 1471/1316/1422 1470/1315/1421 1467/1312/1418
f 1471/1316/1422 1467/1312/1418 1466/1311/1417
f 1474/1317/1423 1475/1318/1424 1476/1319/1425
f 1474/1317/1423 1476/1319/1425 1457/1302/1408
f 1463/1308/1414 1462/1307/1413 1477/1320/1426
f 1463/1308/1414 1477/1320/1426 1478/1321/1427
f 1478/1321/1427 1477/1320/1426 1479/1322/1428
f 1478/1321/1427 1479/1322/1428 1480/1323/1429
f 1481/1324/1430 1482/1325/1431 1483/1326/1432
f 1481/1324/1430 1483/1326/1432 1484/1327/1433
f 1485/1328/1434 1486/1329/1435 1333/1178/1181
f 1485/1328/1434 1333/1178/1181 1332/1177/1284
f 1480/1323/1429 1479/1322/1428 1482/1325/1431
f 1480/1323/1429 1482/1325/1431 1481/1324/1430
f 1487/1330/1436 1488/1331/1437 1337/1182/1288
f 1487/1330/1436 1337/1182/1288 1336/1181/1287
f 23/23/22 1340/1185/1291 1489/1332/1438
f 23/23/22 1489/1332/1438 41/41/40
f 1488/1331/1437 1490/1333/1439 1341/1186/1292
f 1488/1331/1437 1341/1186/1292 1337/1182/1288
f 41/41/40 1489/1332/1438 1491/1334/1440
f 41/41/40 1491/1334/1440 56/56/55
f 1492/1335/1441 1347/1192/1298 1346/1191/1297
f 1492/1335/1441 1346/1191/1297 1493/1336/1442
f 45/45/44 55/55/54 1494/1337/1443
f 45/45/44 1494/1337/1443 46/46/45
f 1336/1181/1287 1350/1195/1301 1495/1338/1444
f 1336/1181/1287 1495/1338/1444 1487/1330/1436
f 1496/1339/1445 1497/1340/1446 1498/1341/1447
f 1496/1339/1445 1498/1341/1447 1499/1342/1448
f 1500/1343/1449 1501/1344/1450 1502/1345/1451
f 1500/1343/1449 1502/1345/1451 1503/1346/1452
f 1504/1347/1453 1505/1348/1454 1506/1349/1455
f 1504/1347/1453 1506/1349/1455 1507/1350/1456
f 1475/1318/1424 1508/1351/1457 1509/1352/1458
f 1475/1318/1424 1509/1352/1458 1476/1319/1425
f 1510/1353/1459 1511/1354/1460 1512/1355/1461
f 1510/1353/1459 1512/1355/1461 1513/1356/1462
f 1514/1357/1463 1515/1358/1464 1516/1359/1465
f 1514/1357/1463 1516/1359/1465 1517/1360/1466
f 1513/1356/1462 1512/1355/1461 1518/1361/1467
f 1513/1356/1462 1518/1361/1467 1519/1362/1468
f 1520/1220/1326 1521/1223/1329 1522/1363/1469
f 1520/1220/1326 1522/1363/1469 1523/1364/1470
f 1524/1365/1471 1525/1366/1472 1526/1367/1473
f 1524/1365/1471 1526/1367/1473 1527/1368/1474
f 1383/1228/1334 1528/1229/1475 1511/1354/1460
f 1383/1228/1334 1511/1354/1460 1510/1353/1459
f 1529/1369/1476 1530/1370/1477 1501/1344/1450
f 1529/1369/1476 1501/1344/1450 1500/1343/1449
f 1531/1371/1478 1532/1372/1479 1533/1373/1480
f 1531/1371/1478 1533/1373/1480 1534/1374/1481
f 1535/1375/1482 1536/1376/1483 1537/1238/1344
f 1535/1375/1482 1537/1238/1344 1538/1237/1343
f 1539/1377/1484 1540/1378/1485 1541/1379/1486
f 1539/1377/1484 1541/1379/1486 1542/1380/1487
f 1489/1332/1438 1543/1381/1488 1544/1382/1489
f 1489/1332/1438 1544/1382/1489 1491/1334/1440
f 1491/1334/1440 1544/1382/1489 1545/1383/1490
f 1491/1334/1440 1545/1383/1490 1546/1384/1491
f 1546/1384/1491 1545/1383/1490 1547/1385/1492
f 1546/1384/1491 1547/1385/1492 1548/1386/1493
f 1548/1386/1493 1547/1385/1492 1508/1351/1457
f 1548/1386/1493 1508/1351/1457 1475/1318/1424
f 1549/1387/1494 1550/1388/1495 1536/1376/1483
f 1549/1387/1494 1536/1376/1483 1535/1375/1482
f 1340/1185/1291 1407/1252/1358 1543/1381/1488
f 1340/1185/1291 1543/1381/1488 1489/1332/1438
f 1499/1342/1448 1498/1341/1447 1550/1388/1495
f 1499/1342/1448 1550/1388/1495 1549/1387/1494
f 1476/1319/1425 1509/1352/1458 1497/1340/1446
f 1476/1319/1425 1497/1340/1446 1496/1339/1445
f 1517/1360/1466 1516/1359/1465 1540/1378/1485
f 1517/1360/1466 1540/1378/1485 1539/1377/1484
f 1551/1389/1496 1552/1390/1497 1553/1255/1361
f 1551/1389/1496 1553/1255/1361 1554/1254/1360
f 1503/1346/1452 1502/1345/1451 1555/1391/1498
f 1503/1346/1452 1555/1391/1498 1556/1392/1499
f 1542/1380/1487 1541/1379/1486 1530/1370/1477
f 1542/1380/1487 1530/1370/1477 1529/1369/1476
f 1507/1350/1456 1506/1349/1455 1525/1366/1472
f 1507/1350/1456 1525/1366/1472 1524/1365/1471
f 1557/1393/1500 1558/1394/1501 1515/1358/1464
f 1557/1393/1500 1515/1358/1464 1514/1357/1463
f 1527/1368/1474 1526/1367/1473 1552/1390/1497
f 1527/1368/1474 1552/1390/1497 1551/1389/1496
f 1556/1392/1499 1555/1391/1498 1559/1262/1502
f 1556/1392/1499 1559/1262/1502 1560/1261/1367
f 1519/1362/1468 1518/1361/1467 1532/1372/1479
f 1519/1362/1468 1532/1372/1479 1531/1371/1478
f 1523/1364/1470 1522/1363/1469 1558/1394/1501
f 1523/1364/1470 1558/1394/1501 1557/1393/1500
f 1504/1347/1453 1509/1352/1458 1508/1351/1457
f 1504/1347/1453 1508/1351/1457 1534/1374/1481
f 1507/1350/1456 1497/1340/1446 1509/1352/1458
f 1507/1350/1456 1509/1352/1458 1504/1347/1453
f 1524/1365/1471 1498/1341/1447 1497/1340/1446
f 1524/1365/1471 1497/1340/1446 1507/1350/1456
f 1527/1368/1474 1550/1388/1495 1498/1341/1447
f 1527/1368/1474 1498/1341/1447 1524/1365/1471
f 1554/1254/1360 1537/1238/1344 1536/1376/1483
f 1554/1254/1360 1536/1376/1483 1551/1389/1496
f 1551/1389/1496 1536/1376/1483 1550/1388/1495
f 1551/1389/1496 1550/1388/1495 1527/1368/1474
f 1534/1374/1481 1508/1351/1457 1547/1385/1492
f 1534/1374/1481 1547/1385/1492 1531/1371/1478
f 1531/1371/1478 1547/1385/1492 1545/1383/1490
f 1531/1371/1478 1545/1383/1490 1519/1362/1468
f 1519/1362/1468 1545/1383/1490 1544/1382/1489
f 1519/1362/1468 1544/1382/1489 1513/1356/1462
f 1510/1353/1459 1543/1381/1488 1407/1252/1358
f 1510/1353/1459 1407/1252/1358 1383/1228/1334
f 1513/1356/1462 1544/1382/1489 1543/1381/1488
f 1513/1356/1462 1543/1381/1488 1510/1353/1459
f 1540/1378/1485 1505/1348/1454 1533/1373/1480
f 1540/1378/1485 1533/1373/1480 1541/1379/1486
f 1516/1359/1465 1506/1349/1455 1505/1348/1454
f 1516/1359/1465 1505/1348/1454 1540/1378/1485
f 1515/1358/1464 1525/1366/1472 1506/1349/1455
f 1515/1358/1464 1506/1349/1455 1516/1359/1465
f 1558/1394/1501 1526/1367/1473 1525/1366/1472
f 1558/1394/1501 1525/1366/1472 1515/1358/1464
f 1521/1223/1329 1553/1255/1361 1552/1390/1497
f 1521/1223/1329 1552/1390/1497 1522/1363/1469
f 1522/1363/1469 1552/1390/1497 1526/1367/1473
f 1522/1363/1469 1526/1367/1473 1558/1394/1501
f 1541/1379/1486 1533/1373/1480 1532/1372/1479
f 1541/1379/1486 1532/1372/1479 1530/1370/1477
f 1530/1370/1477 1532/1372/1479 1518/1361/1467
f 1530/1370/1477 1518/1361/1467 1501/1344/1450
f 1501/1344/1450 1518/1361/1467 1512/1355/1461
f 1501/1344/1450 1512/1355/1461 1502/1345/1451
f 1555/1391/1498 1511/1354/1460 1528/1229/1475
f 1555/1391/1498 1528/1229/1475 1559/1262/1502
f 1502/1345/1451 1512/1355/1461 1511/1354/1460
f 1502/1345/1451 1511/1354/1460 1555/1391/1498
f 1534/1374/1481 1533/1373/1480 1505/1348/1454
f 1534/1374/1481 1505/1348/1454 1504/1347/1453
f 1557/1393/1500 1561/1395/1503 1562/1396/1504
f 1557/1393/1500 1562/1396/1504 1523/1364/1470
f 1517/1360/1466 1563/1397/1505 1564/1398/1506
f 1517/1360/1466 1564/1398/1506 1514/1357/1463
f 1560/1261/1367 1565/1268/1374 1566/1399/1507
f 1560/1261/1367 1566/1399/1507 1556/1392/1499
f 1529/1369/1476 1567/1400/1508 1568/1401/1509
f 1529/1369/1476 1568/1401/1509 1542/1380/1487
f 1514/1357/1463 1564/1398/1506 1561/1395/1503
f 1514/1357/1463 1561/1395/1503 1557/1393/1500
f 1556/1392/1499 1566/1399/1507 1569/1402/1510
f 1556/1392/1499 1569/1402/1510 1503/1346/1452
f 1542/1380/1487 1568/1401/1509 1570/1403/1511
f 1542/1380/1487 1570/1403/1511 1539/1377/1484
f 1500/1343/1449 1571/1404/1512 1567/1400/1508
f 1500/1343/1449 1567/1400/1508 1529/1369/1476
f 1523/1364/1470 1562/1396/1504 1572/1274/1380
f 1523/1364/1470 1572/1274/1380 1520/1220/1326
f 1539/1377/1484 1570/1403/1511 1563/1397/1505
f 1539/1377/1484 1563/1397/1505 1517/1360/1466
f 1503/1346/1452 1569/1402/1510 1571/1404/1512
f 1503/1346/1452 1571/1404/1512 1500/1343/1449
f 1456/1301/1407 1573/1276/1382 1574/1275/1381
f 1456/1301/1407 1574/1275/1381 1453/1298/1404
f 1496/1339/1445 1499/1342/1448 1466/1311/1417
f 1496/1339/1445 1466/1311/1417 1464/1309/1415
f 1575/1405/1513 1576/1406/1514 1486/1329/1435
f 1575/1405/1513 1486/1329/1435 1485/1328/1434
f 1474/1317/1423 1577/1407/1515 1548/1386/1493
f 1474/1317/1423 1548/1386/1493 1475/1318/1424
f 1549/1387/1494 1535/1375/1482 1468/1313/1419
f 1549/1387/1494 1468/1313/1419 1471/1316/1422
f 1578/1408/1516 1579/1409/1517 1580/1410/1518
f 1578/1408/1516 1580/1410/1518 1581/1411/1519
f 1582/1412/1520 1583/1413/1521 1491/1334/1440
f 1582/1412/1520 1491/1334/1440 1546/1384/1491
f 1499/1342/1448 1549/1387/1494 1471/1316/1422
f 1499/1342/1448 1471/1316/1422 1466/1311/1417
f 52/52/51 1583/1413/1521 1488/1331/1437
f 52/52/51 1488/1331/1437 1487/1330/1436
f 1581/1411/1519 1580/1410/1518 1461/1306/1412
f 1581/1411/1519 1461/1306/1412 1460/1305/1411
f 1535/1375/1482 1538/1237/1343 1472/1163/1270
f 1535/1375/1482 1472/1163/1270 1468/1313/1419
f 1490/1333/1439 1584/1414/1522 1585/1415/1523
f 1490/1333/1439 1585/1415/1523 1341/1186/1292
f 1454/1299/1405 1474/1317/1423 1457/1302/1408
f 1454/1299/1405 1457/1302/1408 1455/1300/1406
f 1586/1288/1394 1587/1289/1186 1579/1409/1517
f 1586/1288/1394 1579/1409/1517 1578/1408/1516
f 1577/1407/1515 1582/1412/1520 1546/1384/1491
f 1577/1407/1515 1546/1384/1491 1548/1386/1493
f 1476/1319/1425 1496/1339/1445 1464/1309/1415
f 1476/1319/1425 1464/1309/1415 1457/1302/1408
f 1484/1327/1433 1483/1326/1432 1576/1406/1514
f 1484/1327/1433 1576/1406/1514 1575/1405/1513
f 1455/1300/1406 1459/1304/1410 1588/1416/1524
f 1455/1300/1406 1588/1416/1524 1456/1301/1407
f 1578/1408/1516 1453/1298/1404 1574/1275/1381
f 1578/1408/1516 1574/1275/1381 1586/1288/1394
f 1581/1411/1519 1454/1299/1405 1453/1298/1404
f 1581/1411/1519 1453/1298/1404 1578/1408/1516
f 1460/1305/1411 1474/1317/1423 1454/1299/1405
f 1460/1305/1411 1454/1299/1405 1581/1411/1519
f 1463/1308/1414 1577/1407/1515 1474/1317/1423
f 1463/1308/1414 1474/1317/1423 1460/1305/1411
f 1478/1321/1427 1582/1412/1520 1577/1407/1515
f 1478/1321/1427 1577/1407/1515 1463/1308/1414
f 1480/1323/1429 1583/1413/1521 1582/1412/1520
f 1480/1323/1429 1582/1412/1520 1478/1321/1427
f 1484/1327/1433 1490/1333/1439 1488/1331/1437
f 1484/1327/1433 1488/1331/1437 1481/1324/1430
f 1485/1328/1434 1585/1415/1523 1584/1414/1522
f 1485/1328/1434 1584/1414/1522 1575/1405/1513
f 1575/1405/1513 1584/1414/1522 1490/1333/1439
f 1575/1405/1513 1490/1333/1439 1484/1327/1433
f 1332/1177/1284 1341/1186/1292 1585/1415/1523
f 1332/1177/1284 1585/1415/1523 1485/1328/1434
f 1481/1324/1430 1488/1331/1437 1583/1413/1521
f 1481/1324/1430 1583/1413/1521 1480/1323/1429
f 1346/1191/1297 1447/1292/1398 1589/1417/1525
f 1346/1191/1297 1589/1417/1525 1493/1336/1442
f 1492/1335/1441 1495/1338/1444 1350/1195/1301
f 1492/1335/1441 1350/1195/1301 1347/1192/1298
f 41/41/40 1589/1417/1525 1447/1292/1398
f 41/41/40 1447/1292/1398 24/24/23
f 1583/1413/1521 52/52/51 51/51/50
f 1583/1413/1521 51/51/50 1590/1418/1526
f 1590/1418/1526 51/51/50 44/44/43
f 1590/1418/1526 44/44/43 43/43/42
f 1591/1419/1527 1494/1337/1443 55/55/54
f 1591/1419/1527 55/55/54 53/53/52
f 1592/1420/1528 1593/1421/1529 57/57/56
f 1592/1420/1528 57/57/56 54/54/53
f 50/50/49 1592/1420/1528 54/54/53
f 50/50/49 54/54/53 48/48/47
f 48/48/47 54/54/53 55/55/54
f 48/48/47 55/55/54 45/45/44
f 57/57/56 42/42/41 44/44/43
f 57/57/56 44/44/43 54/54/53
f 44/44/43 51/51/50 53/53/52
f 44/44/43 53/53/52 55/55/54
f 1573/1276/1382 1456/1301/1407 1588/1416/1524
f 1573/1276/1382 1588/1416/1524 1594/1297/1403
f 1595/1422/1530 1596/1423/1531 1597/1424/1532
f 1595/1422/1530 1597/1424/1532 1598/1425/1249
f 1599/1426/1533 1600/1427/1534 1601/1428/1535
f 1599/1426/1533 1601/1428/1535 1602/1429/1536
f 1603/1429/1537 1604/1428/1538 1605/1430/1539
f 1603/1429/1537 1605/1430/1539 1606/1431/1540
f 1606/1431/1540 1605/1430/1539 1607/1432/1541
f 1606/1431/1540 1607/1432/1541 1608/1433/1542
f 1608/1433/1542 1607/1432/1541 1609/1434/1543
f 1608/1433/1542 1609/1434/1543 1610/1435/1196
f 1610/1435/1196 1609/1434/1543 1611/1436/1544
f 1610/1435/1196 1611/1436/1544 1612/1437/1545
f 1612/1437/1545 1611/1436/1544 1613/1438/1546
f 1612/1437/1545 1613/1438/1546 1614/1439/1547
f 1614/1439/1547 1613/1438/1546 1615/1440/1548
f 1614/1439/1547 1615/1440/1548 1616/1441/1181
f 1616/1441/1181 1615/1440/1548 1617/1442/1549
f 1616/1441/1181 1617/1442/1549 1618/1443/1550
f 1618/1443/1550 1617/1442/1549 1596/1423/1531
f 1618/1443/1550 1596/1423/1531 1595/1422/1530
f 1598/1425/1249 1597/1424/1532 1619/1444/1551
f 1598/1425/1249 1619/1444/1551 1620/1445/1552
f 1620/1445/1552 1619/1444/1551 1600/1427/1534
f 1620/1445/1552 1600/1427/1534 1599/1426/1533
f 1619/1444/1551 1597/1424/1532 1621/1446/1553
f 1619/1444/1551 1621/1446/1553 1622/1447/1554
f 1622/1447/1554 1621/1446/1553 1623/1448/1555
f 1622/1447/1554 1623/1448/1555 1624/1449/1556
f 1600/1427/1534 1619/1444/1551 1622/1447/1554
f 1600/1427/1534 1622/1447/1554 1625/1450/1557
f 1625/1450/1557 1622/1447/1554 1624/1449/1556
f 1625/1450/1557 1624/1449/1556 1626/1451/1558
f 1601/1428/1535 1600/1427/1534 1625/1450/1557
f 1601/1428/1535 1625/1450/1557 1627/1452/1559
f 1627/1452/1559 1625/1450/1557 1626/1451/1558
f 1627/1452/1559 1626/1451/1558 1628/1453/1560
f 1605/1430/1539 1604/1428/1538 1629/1452/1561
f 1605/1430/1539 1629/1452/1561 1630/1454/1562
f 1630/1454/1562 1629/1452/1561 1631/1453/1563
f 1630/1454/1562 1631/1453/1563 1632/1455/1564
f 1607/1432/1541 1605/1430/1539 1630/1454/1562
f 1607/1432/1541 1630/1454/1562 1633/1456/1565
f 1633/1456/1565 1630/1454/1562 1632/1455/1564
f 1633/1456/1565 1632/1455/1564 1634/1457/1566
f 1609/1434/1543 1607/1432/1541 1633/1456/1565
f 1609/1434/1543 1633/1456/1565 1635/1458/1567
f 1635/1458/1567 1633/1456/1565 1634/1457/1566
f 1635/1458/1567 1634/1457/1566 1636/1459/1568
f 1611/1436/1544 1609/1434/1543 1635/1458/1567
f 1611/1436/1544 1635/1458/1567 1637/1460/1569
f 1637/1460/1569 1635/1458/1567 1636/1459/1568
f 1637/1460/1569 1636/1459/1568 1638/1461/1570
f 1613/1438/1546 1611/1436/1544 1637/1460/1569
f 1613/1438/1546 1637/1460/1569 1639/1462/1571
f 1639/1462/1571 1637/1460/1569 1638/1461/1570
f 1639/1462/1571 1638/1461/1570 1640/1463/1572
f 1615/1440/1548 1613/1438/1546 1639/1462/1571
f 1615/1440/1548 1639/1462/1571 1641/1464/1573
f 1641/1464/1573 1639/1462/1571 1640/1463/1572
f 1641/1464/1573 1640/1463/1572 1642/1465/1574
f 1617/1442/1549 1615/1440/1548 1641/1464/1573
f 1617/1442/1549 1641/1464/1573 1643/1466/1575
f 1643/1466/1575 1641/1464/1573 1642/1465/1574
f 1643/1466/1575 1642/1465/1574 1644/1467/1576
f 1596/1423/1531 1617/1442/1549 1643/1466/1575
f 1596/1423/1531 1643/1466/1575 1645/1468/1577
f 1645/1468/1577 1643/1466/1575 1644/1467/1576
f 1645/1468/1577 1644/1467/1576 1646/1469/1578
f 1597/1424/1532 1596/1423/1531 1645/1468/1577
f 1597/1424/1532 1645/1468/1577 1621/1446/1553
f 1621/1446/1553 1645/1468/1577 1646/1469/1578
f 1621/1446/1553 1646/1469/1578 1623/1448/1555
f 1132/978/1095 1139/985/1102 1130/976/1093
f 1139/985/1102 1132/978/1095 1149/995/1112
f 1139/985/1102 1149/995/1112 1152/998/1115
f 1139/985/1102 1152/998/1115 1147/993/1110
f 1139/985/1102 1147/993/1110 4/4/4
f 4/4/4 1147/993/1110 5/5/5
f 1134/980/1097 1102/948/1065 1101/947/1064
f 1102/948/1065 1134/980/1097 1146/992/1109
f 1146/992/1109 1134/980/1097 1133/979/1096
f 6/6/6 1147/993/1110 1152/998/1115
f 1147/993/1110 6/6/6 8/8/8
f 1147/993/1110 8/8/8 3/3/3
f 3/3/3 8/8/8 1148/994/1111
f 3/3/3 1153/999/1116 1/1/1
f 1153/999/1116 3/3/3 1148/994/1111
f 1153/999/1116 1148/994/1111 1150/996/1113
f 1141/987/1104 1154/1000/1117 1156/1002/1119
f 1154/1000/1117 1141/987/1104 1140/986/1103
f 1154/1000/1117 1140/986/1103 1143/989/1106
f 1195/1041/1158 1190/1036/1153 1188/1034/1151
f 1190/1036/1153 1195/1041/1158 1204/1050/1167
f 1204/1050/1167 1195/1041/1158 1206/1052/1169
f 1206/1052/1169 1195/1041/1158 1202/1048/1165
f 1202/1048/1165 1195/1041/1158 12/12/12
f 1202/1048/1165 12/12/12 13/13/13
f 1167/1013/1130 1192/1038/1155 1164/1010/1127
f 1192/1038/1155 1167/1013/1130 1201/1047/1164
f 1192/1038/1155 1201/1047/1164 1191/1037/1154
f 1202/1048/1165 14/14/14 1206/1052/1169
f 14/14/14 1202/1048/1165 15/15/15
f 15/15/15 1202/1048/1165 10/10/10
f 15/15/15 10/10/10 1203/1049/1166
f 1207/1053/1170 10/10/10 9/9/9
f 10/10/10 1207/1053/1170 1203/1049/1166
f 1203/1049/1166 1207/1053/1170 1205/1051/1168
f 1208/1054/1171 1196/1042/1159 1209/1055/1172
f 1196/1042/1159 1208/1054/1171 1197/1043/1160
f 1197/1043/1160 1208/1054/1171 1199/1045/1162
f 1183/1029/1146 1024/872/989 1023/871/988
f 1024/872/989 1183/1029/1146 1025/873/990
f 1025/873/990 1183/1029/1146 1186/1032/1149
f 1025/873/990 1186/1032/1149 1026/874/991
f 1026/874/991 1186/1032/1149 995/843/960
f 995/843/960 1186/1032/1149 996/844/961
f 996/844/961 1186/1032/1149 997/845/962
f 1014/862/979 1124/970/1087 1015/863/980
f 1124/970/1087 1014/862/979 1013/861/978
f 1124/970/1087 1013/861/978 1127/973/1090
f 1127/973/1090 1013/861/978 1012/860/977
f 1127/973/1090 1012/860/977 1011/859/976
f 1127/973/1090 1011/859/976 1010/858/975
f 1127/973/1090 1010/858/975 1009/857/974
f 1451/1296/1402 32/32/31 1450/1295/1401
f 32/32/31 1451/1296/1402 33/33/32
f 33/33/32 1451/1296/1402 1446/1291/1397
f 33/33/32 1446/1291/1397 1345/1190/1296
f 31/31/30 29/29/28 28/28/27
f 29/29/28 31/31/30 1344/1189/1295
f 1344/1189/1295 31/31/30 33/33/32
f 1344/1189/1295 33/33/32 1345/1190/1296
f 35/35/34 1335/1180/1286 36/36/35
f 1335/1180/1286 35/35/34 1449/1294/1400
f 1335/1180/1286 1449/1294/1400 1349/1194/1300
f 1440/1285/1391 27/27/26 1448/1293/1399
f 27/27/26 1440/1285/1391 1343/1188/1294
f 27/27/26 1343/1188/1294 25/25/24
f 25/25/24 1343/1188/1294 39/39/38
f 39/39/38 1451/1296/1402 40/40/39
f 1451/1296/1402 39/39/38 1446/1291/1397
f 1446/1291/1397 39/39/38 22/22/21
f 1348/1193/1299 1349/1194/1300 1449/1294/1400
f 1349/1194/1300 1348/1193/1299 30/30/29
f 1349/1194/1300 30/30/29 29/29/28
f 1349/1194/1300 29/29/28 1344/1189/1295
f 50/50/49 1593/1421/1529 1592/1420/1528
f 1593/1421/1529 50/50/49 49/49/48
f 1593/1421/1529 49/49/48 1589/1417/1525
f 1589/1417/1525 49/49/48 1493/1336/1442
f 47/47/46 48/48/47 45/45/44
f 48/48/47 47/47/46 1492/1335/1441
f 48/48/47 1492/1335/1441 49/49/48
f 49/49/48 1492/1335/1441 1493/1336/1442
f 1487/1330/1436 53/53/52 52/52/51
f 53/53/52 1487/1330/1436 1591/1419/1527
f 1591/1419/1527 1487/1330/1436 1495/1338/1444
f 1583/1413/1521 43/43/42 1491/1334/1440
f 43/43/42 1583/1413/1521 1590/1418/1526
f 1491/1334/1440 43/43/42 42/42/41
f 1491/1334/1440 42/42/41 56/56/55
f 1593/1421/1529 56/56/55 57/57/56
f 56/56/55 1593/1421/1529 1589/1417/1525
f 56/56/55 1589/1417/1525 41/41/40
f 1495/1338/1444 1494/1337/1443 1591/1419/1527
f 1494/1337/1443 1495/1338/1444 46/46/45
f 46/46/45 1495/1338/1444 47/47/46
f 47/47/46 1495/1338/1444 1492/1335/1441
f 1652/1463/1579 1650/1467/1580 1651/1465/1574
f 1650/1467/1580 1652/1463/1579 1653/1461/1581
f 1650/1467/1580 1653/1461/1581 1649/1469/1582
f 1649/1469/1582 1653/1461/1581 1654/1459/1583
f 1649/1469/1582 1654/1459/1583 1648/1448/1555
f 1648/1448/1555 1654/1459/1583 1655/1457/1584
f 1648/1448/1555 1655/1457/1584 1647/1449/1585
f 1647/1449/1585 1655/1457/1584 1656/1455/1586
f 1647/1449/1585 1656/1455/1586 1658/1451/1587
f 1658/1451/1587 1656/1455/1586 1657/1453/1588
usemtl Can_Paint
f 1061/908/1025 1296/1141/1248 1297/1142/1249
f 1061/908/1025 1297/1142/1249 1092/938/1055
f 1298/1143/1250 1082/928/1045 1092/938/1055
f 1298/1143/1250 1092/938/1055 1297/1142/1249
f 1060/907/1024 1212/1058/1175 1296/1141/1248
f 1060/907/1024 1296/1141/1248 1061/908/1025
f 1089/935/1052 1240/1085/1202 1215/1061/1178
f 1089/935/1052 1215/1061/1178 1091/937/1054
f 1088/934/1051 1239/1084/1201 1213/1059/1176
f 1088/934/1051 1213/1059/1176 1090/936/1053
f 1087/933/1050 1238/1083/1200 1240/1085/1202
f 1087/933/1050 1240/1085/1202 1089/935/1052
f 1086/932/1049 1237/1082/1199 1239/1084/1201
f 1086/932/1049 1239/1084/1201 1088/934/1051
f 1085/931/1048 1236/1081/1198 1238/1083/1200
f 1085/931/1048 1238/1083/1200 1087/933/1050
f 1084/930/1047 1234/1079/1196 1237/1082/1199
f 1084/930/1047 1237/1082/1199 1086/932/1049
f 1083/929/1046 1235/1080/1197 1236/1081/1198
f 1083/929/1046 1236/1081/1198 1085/931/1048
f 1081/927/1044 1233/1078/1195 1234/1079/1196
f 1081/927/1044 1234/1079/1196 1084/930/1047
f 1079/925/1042 1232/1077/1194 1233/1078/1195
f 1079/925/1042 1233/1078/1195 1081/927/1044
f 1078/924/1041 1231/1076/1193 1225/1071/1188
f 1078/924/1041 1225/1071/1188 1080/926/1043
f 1077/923/1040 1230/1075/1192 1232/1077/1194
f 1077/923/1040 1232/1077/1194 1079/925/1042
f 1235/1080/1197 1083/929/1046 1082/928/1045
f 1235/1080/1197 1082/928/1045 1298/1143/1250
f 1076/922/1039 1229/1074/1191 1231/1076/1193
f 1076/922/1039 1231/1076/1193 1078/924/1041
f 1074/920/1037 1228/1073/1190 1230/1075/1192
f 1074/920/1037 1230/1075/1192 1077/923/1040
f 1073/919/1036 1227/1072/1189 1229/1074/1191
f 1073/919/1036 1229/1074/1191 1076/922/1039
f 1071/918/1035 1224/1070/1187 1228/1073/1190
f 1071/918/1035 1228/1073/1190 1074/920/1037
f 1072/917/1034 1226/1069/1186 1227/1072/1189
f 1072/917/1034 1227/1072/1189 1073/919/1036
f 1080/926/1043 1225/1071/1188 1211/1057/1174
f 1080/926/1043 1211/1057/1174 1075/921/1038
f 1069/916/1033 1222/1068/1185 1224/1070/1187
f 1069/916/1033 1224/1070/1187 1071/918/1035
f 1068/915/1032 1221/1067/1184 1223/1069/1186
f 1068/915/1032 1223/1069/1186 1070/917/1034
f 1067/914/1031 1220/1066/1183 1222/1068/1185
f 1067/914/1031 1222/1068/1185 1069/916/1033
f 1066/913/1030 1219/1065/1182 1221/1067/1184
f 1066/913/1030 1221/1067/1184 1068/915/1032
f 1065/912/1029 1218/1064/1181 1220/1066/1183
f 1065/912/1029 1220/1066/1183 1067/914/1031
f 1063/910/1027 1217/1063/1180 1219/1065/1182
f 1063/910/1027 1219/1065/1182 1066/913/1030
f 1064/911/1028 1216/1062/1179 1218/1064/1181
f 1064/911/1028 1218/1064/1181 1065/912/1029
f 1062/909/1026 1214/1060/1177 1217/1063/1180
f 1062/909/1026 1217/1063/1180 1063/910/1027
f 1091/937/1054 1215/1061/1178 1216/1062/1179
f 1091/937/1054 1216/1062/1179 1064/911/1028
f 1090/936/1053 1213/1059/1176 1214/1060/1177
f 1090/936/1053 1214/1060/1177 1062/909/1026
f 1075/921/1038 1211/1057/1174 1212/1058/1175
f 1075/921/1038 1212/1058/1175 1060/907/1024
